2026-08-08 23:01:17,462 WARNING beamng_lidar_bev.worker: Actor pose enrichment unavailable
Traceback (most recent call last):
  File "C:\Users\initd\Documents\Projects\BeamNG.Tech Mods\BeamNG-LiDAR-BEV\src\beamng_lidar_bev\worker.py", line 1461, in _poll_actor_observations
    states = self._bng.vehicles.get_states(actor_ids)
             ^^^^^^^^^^^^^^^^^^^^^^^^^^^^^^^^^^^^^^^^
  File "C:\Users\initd\AppData\Local\Programs\Python\Python311\Lib\site-packages\beamngpy\api\beamng\vehicles.py", line 222, in get_states
    resp = self._send(data).recv("ScenarioUpdate")
           ^^^^^^^^^^^^^^^^^^^^^^^^^^^^^^^^^^^^^^^
  File "C:\Users\initd\AppData\Local\Programs\Python\Python311\Lib\site-packages\beamngpy\connection\connection.py", line 298, in recv
    raise message
beamngpy.logging.BNGError: The request was not handled by BeamNG.tech. This can mean:
- an incompatible version of BeamNG.tech/BeamNGpy
- an internal error in BeamNG.tech
- incorrectly implemented custom command
2026-08-08 23:01:17,594 WARNING beamng_lidar_bev.worker: Actor pose enrichment unavailable
Traceback (most recent call last):
  File "C:\Users\initd\Documents\Projects\BeamNG.Tech Mods\BeamNG-LiDAR-BEV\src\beamng_lidar_bev\worker.py", line 1461, in _poll_actor_observations
    states = self._bng.vehicles.get_states(actor_ids)
             ^^^^^^^^^^^^^^^^^^^^^^^^^^^^^^^^^^^^^^^^
  File "C:\Users\initd\AppData\Local\Programs\Python\Python311\Lib\site-packages\beamngpy\api\beamng\vehicles.py", line 222, in get_states
    resp = self._send(data).recv("ScenarioUpdate")
           ^^^^^^^^^^^^^^^^^^^^^^^^^^^^^^^^^^^^^^^
  File "C:\Users\initd\AppData\Local\Programs\Python\Python311\Lib\site-packages\beamngpy\connection\connection.py", line 298, in recv
    raise message
beamngpy.logging.BNGError: The request was not handled by BeamNG.tech. This can mean:
- an incompatible version of BeamNG.tech/BeamNGpy
- an internal error in BeamNG.tech
- incorrectly implemented custom command
2026-08-08 23:01:17,749 WARNING beamng_lidar_bev.worker: Actor pose enrichment unavailable
Traceback (most recent call last):
  File "C:\Users\initd\Documents\Projects\BeamNG.Tech Mods\BeamNG-LiDAR-BEV\src\beamng_lidar_bev\worker.py", line 1461, in _poll_actor_observations
    states = self._bng.vehicles.get_states(actor_ids)
             ^^^^^^^^^^^^^^^^^^^^^^^^^^^^^^^^^^^^^^^^
  File "C:\Users\initd\AppData\Local\Programs\Python\Python311\Lib\site-packages\beamngpy\api\beamng\vehicles.py", line 222, in get_states
    resp = self._send(data).recv("ScenarioUpdate")
           ^^^^^^^^^^^^^^^^^^^^^^^^^^^^^^^^^^^^^^^
  File "C:\Users\initd\AppData\Local\Programs\Python\Python311\Lib\site-packages\beamngpy\connection\connection.py", line 298, in recv
    raise message
beamngpy.logging.BNGError: The request was not handled by BeamNG.tech. This can mean:
- an incompatible version of BeamNG.tech/BeamNGpy
- an internal error in BeamNG.tech
- incorrectly implemented custom command
2026-08-08 23:01:17,887 WARNING beamng_lidar_bev.worker: Actor pose enrichment unavailable
Traceback (most recent call last):
  File "C:\Users\initd\Documents\Projects\BeamNG.Tech Mods\BeamNG-LiDAR-BEV\src\beamng_lidar_bev\worker.py", line 1461, in _poll_actor_observations
    states = self._bng.vehicles.get_states(actor_ids)
             ^^^^^^^^^^^^^^^^^^^^^^^^^^^^^^^^^^^^^^^^
  File "C:\Users\initd\AppData\Local\Programs\Python\Python311\Lib\site-packages\beamngpy\api\beamng\vehicles.py", line 222, in get_states
    resp = self._send(data).recv("ScenarioUpdate")
           ^^^^^^^^^^^^^^^^^^^^^^^^^^^^^^^^^^^^^^^
  File "C:\Users\initd\AppData\Local\Programs\Python\Python311\Lib\site-packages\beamngpy\connection\connection.py", line 298, in recv
    raise message
beamngpy.logging.BNGError: The request was not handled by BeamNG.tech. This can mean:
- an incompatible version of BeamNG.tech/BeamNGpy
- an internal error in BeamNG.tech
- incorrectly implemented custom command
2026-08-08 23:01:18,059 WARNING beamng_lidar_bev.worker: Actor pose enrichment unavailable
Traceback (most recent call last):
  File "C:\Users\initd\Documents\Projects\BeamNG.Tech Mods\BeamNG-LiDAR-BEV\src\beamng_lidar_bev\worker.py", line 1461, in _poll_actor_observations
    states = self._bng.vehicles.get_states(actor_ids)
             ^^^^^^^^^^^^^^^^^^^^^^^^^^^^^^^^^^^^^^^^
  File "C:\Users\initd\AppData\Local\Programs\Python\Python311\Lib\site-packages\beamngpy\api\beamng\vehicles.py", line 222, in get_states
    resp = self._send(data).recv("ScenarioUpdate")
           ^^^^^^^^^^^^^^^^^^^^^^^^^^^^^^^^^^^^^^^
  File "C:\Users\initd\AppData\Local\Programs\Python\Python311\Lib\site-packages\beamngpy\connection\connection.py", line 298, in recv
    raise message
beamngpy.logging.BNGError: The request was not handled by BeamNG.tech. This can mean:
- an incompatible version of BeamNG.tech/BeamNGpy
- an internal error in BeamNG.tech
- incorrectly implemented custom command
2026-08-08 23:01:18,199 WARNING beamng_lidar_bev.worker: Actor pose enrichment unavailable
Traceback (most recent call last):
  File "C:\Users\initd\Documents\Projects\BeamNG.Tech Mods\BeamNG-LiDAR-BEV\src\beamng_lidar_bev\worker.py", line 1461, in _poll_actor_observations
    states = self._bng.vehicles.get_states(actor_ids)
             ^^^^^^^^^^^^^^^^^^^^^^^^^^^^^^^^^^^^^^^^
  File "C:\Users\initd\AppData\Local\Programs\Python\Python311\Lib\site-packages\beamngpy\api\beamng\vehicles.py", line 222, in get_states
    resp = self._send(data).recv("ScenarioUpdate")
           ^^^^^^^^^^^^^^^^^^^^^^^^^^^^^^^^^^^^^^^
  File "C:\Users\initd\AppData\Local\Programs\Python\Python311\Lib\site-packages\beamngpy\connection\connection.py", line 298, in recv
    raise message
beamngpy.logging.BNGError: The request was not handled by BeamNG.tech. This can mean:
- an incompatible version of BeamNG.tech/BeamNGpy
- an internal error in BeamNG.tech
- incorrectly implemented custom command
2026-08-08 23:01:18,359 WARNING beamng_lidar_bev.worker: Actor pose enrichment unavailable
Traceback (most recent call last):
  File "C:\Users\initd\Documents\Projects\BeamNG.Tech Mods\BeamNG-LiDAR-BEV\src\beamng_lidar_bev\worker.py", line 1461, in _poll_actor_observations
    states = self._bng.vehicles.get_states(actor_ids)
             ^^^^^^^^^^^^^^^^^^^^^^^^^^^^^^^^^^^^^^^^
  File "C:\Users\initd\AppData\Local\Programs\Python\Python311\Lib\site-packages\beamngpy\api\beamng\vehicles.py", line 222, in get_states
    resp = self._send(data).recv("ScenarioUpdate")
           ^^^^^^^^^^^^^^^^^^^^^^^^^^^^^^^^^^^^^^^
  File "C:\Users\initd\AppData\Local\Programs\Python\Python311\Lib\site-packages\beamngpy\connection\connection.py", line 298, in recv
    raise message
beamngpy.logging.BNGError: The request was not handled by BeamNG.tech. This can mean:
- an incompatible version of BeamNG.tech/BeamNGpy
- an internal error in BeamNG.tech
- incorrectly implemented custom command
2026-08-08 23:01:18,499 WARNING beamng_lidar_bev.worker: Actor pose enrichment unavailable
Traceback (most recent call last):
  File "C:\Users\initd\Documents\Projects\BeamNG.Tech Mods\BeamNG-LiDAR-BEV\src\beamng_lidar_bev\worker.py", line 1461, in _poll_actor_observations
    states = self._bng.vehicles.get_states(actor_ids)
             ^^^^^^^^^^^^^^^^^^^^^^^^^^^^^^^^^^^^^^^^
  File "C:\Users\initd\AppData\Local\Programs\Python\Python311\Lib\site-packages\beamngpy\api\beamng\vehicles.py", line 222, in get_states
    resp = self._send(data).recv("ScenarioUpdate")
           ^^^^^^^^^^^^^^^^^^^^^^^^^^^^^^^^^^^^^^^
  File "C:\Users\initd\AppData\Local\Programs\Python\Python311\Lib\site-packages\beamngpy\connection\connection.py", line 298, in recv
    raise message
beamngpy.logging.BNGError: The request was not handled by BeamNG.tech. This can mean:
- an incompatible version of BeamNG.tech/BeamNGpy
- an internal error in BeamNG.tech
- incorrectly implemented custom command
2026-08-08 23:01:18,608 WARNING beamng_lidar_bev.worker: Actor pose enrichment unavailable
Traceback (most recent call last):
  File "C:\Users\initd\Documents\Projects\BeamNG.Tech Mods\BeamNG-LiDAR-BEV\src\beamng_lidar_bev\worker.py", line 1461, in _poll_actor_observations
    states = self._bng.vehicles.get_states(actor_ids)
             ^^^^^^^^^^^^^^^^^^^^^^^^^^^^^^^^^^^^^^^^
  File "C:\Users\initd\AppData\Local\Programs\Python\Python311\Lib\site-packages\beamngpy\api\beamng\vehicles.py", line 222, in get_states
    resp = self._send(data).recv("ScenarioUpdate")
           ^^^^^^^^^^^^^^^^^^^^^^^^^^^^^^^^^^^^^^^
  File "C:\Users\initd\AppData\Local\Programs\Python\Python311\Lib\site-packages\beamngpy\connection\connection.py", line 298, in recv
    raise message
beamngpy.logging.BNGError: The request was not handled by BeamNG.tech. This can mean:
- an incompatible version of BeamNG.tech/BeamNGpy
- an internal error in BeamNG.tech
- incorrectly implemented custom command
2026-08-08 23:01:18,762 WARNING beamng_lidar_bev.worker: Actor pose enrichment unavailable
Traceback (most recent call last):
  File "C:\Users\initd\Documents\Projects\BeamNG.Tech Mods\BeamNG-LiDAR-BEV\src\beamng_lidar_bev\worker.py", line 1461, in _poll_actor_observations
    states = self._bng.vehicles.get_states(actor_ids)
             ^^^^^^^^^^^^^^^^^^^^^^^^^^^^^^^^^^^^^^^^
  File "C:\Users\initd\AppData\Local\Programs\Python\Python311\Lib\site-packages\beamngpy\api\beamng\vehicles.py", line 222, in get_states
    resp = self._send(data).recv("ScenarioUpdate")
           ^^^^^^^^^^^^^^^^^^^^^^^^^^^^^^^^^^^^^^^
  File "C:\Users\initd\AppData\Local\Programs\Python\Python311\Lib\site-packages\beamngpy\connection\connection.py", line 298, in recv
    raise message
beamngpy.logging.BNGError: The request was not handled by BeamNG.tech. This can mean:
- an incompatible version of BeamNG.tech/BeamNGpy
- an internal error in BeamNG.tech
- incorrectly implemented custom command
2026-08-08 23:01:18,868 WARNING beamng_lidar_bev.worker: Actor pose enrichment unavailable
Traceback (most recent call last):
  File "C:\Users\initd\Documents\Projects\BeamNG.Tech Mods\BeamNG-LiDAR-BEV\src\beamng_lidar_bev\worker.py", line 1461, in _poll_actor_observations
    states = self._bng.vehicles.get_states(actor_ids)
             ^^^^^^^^^^^^^^^^^^^^^^^^^^^^^^^^^^^^^^^^
  File "C:\Users\initd\AppData\Local\Programs\Python\Python311\Lib\site-packages\beamngpy\api\beamng\vehicles.py", line 222, in get_states
    resp = self._send(data).recv("ScenarioUpdate")
           ^^^^^^^^^^^^^^^^^^^^^^^^^^^^^^^^^^^^^^^
  File "C:\Users\initd\AppData\Local\Programs\Python\Python311\Lib\site-packages\beamngpy\connection\connection.py", line 298, in recv
    raise message
beamngpy.logging.BNGError: The request was not handled by BeamNG.tech. This can mean:
- an incompatible version of BeamNG.tech/BeamNGpy
- an internal error in BeamNG.tech
- incorrectly implemented custom command
2026-08-08 23:01:19,057 WARNING beamng_lidar_bev.worker: Actor pose enrichment unavailable
Traceback (most recent call last):
  File "C:\Users\initd\Documents\Projects\BeamNG.Tech Mods\BeamNG-LiDAR-BEV\src\beamng_lidar_bev\worker.py", line 1461, in _poll_actor_observations
    states = self._bng.vehicles.get_states(actor_ids)
             ^^^^^^^^^^^^^^^^^^^^^^^^^^^^^^^^^^^^^^^^
  File "C:\Users\initd\AppData\Local\Programs\Python\Python311\Lib\site-packages\beamngpy\api\beamng\vehicles.py", line 222, in get_states
    resp = self._send(data).recv("ScenarioUpdate")
           ^^^^^^^^^^^^^^^^^^^^^^^^^^^^^^^^^^^^^^^
  File "C:\Users\initd\AppData\Local\Programs\Python\Python311\Lib\site-packages\beamngpy\connection\connection.py", line 298, in recv
    raise message
beamngpy.logging.BNGError: The request was not handled by BeamNG.tech. This can mean:
- an incompatible version of BeamNG.tech/BeamNGpy
- an internal error in BeamNG.tech
- incorrectly implemented custom command
2026-08-08 23:01:19,108 WARNING beamng_lidar_bev.worker: Actor pose enrichment unavailable
Traceback (most recent call last):
  File "C:\Users\initd\Documents\Projects\BeamNG.Tech Mods\BeamNG-LiDAR-BEV\src\beamng_lidar_bev\worker.py", line 1461, in _poll_actor_observations
    states = self._bng.vehicles.get_states(actor_ids)
             ^^^^^^^^^^^^^^^^^^^^^^^^^^^^^^^^^^^^^^^^
  File "C:\Users\initd\AppData\Local\Programs\Python\Python311\Lib\site-packages\beamngpy\api\beamng\vehicles.py", line 222, in get_states
    resp = self._send(data).recv("ScenarioUpdate")
           ^^^^^^^^^^^^^^^^^^^^^^^^^^^^^^^^^^^^^^^
  File "C:\Users\initd\AppData\Local\Programs\Python\Python311\Lib\site-packages\beamngpy\connection\connection.py", line 298, in recv
    raise message
beamngpy.logging.BNGError: The request was not handled by BeamNG.tech. This can mean:
- an incompatible version of BeamNG.tech/BeamNGpy
- an internal error in BeamNG.tech
- incorrectly implemented custom command
2026-08-08 23:01:19,245 WARNING beamng_lidar_bev.worker: Actor pose enrichment unavailable
Traceback (most recent call last):
  File "C:\Users\initd\Documents\Projects\BeamNG.Tech Mods\BeamNG-LiDAR-BEV\src\beamng_lidar_bev\worker.py", line 1461, in _poll_actor_observations
    states = self._bng.vehicles.get_states(actor_ids)
             ^^^^^^^^^^^^^^^^^^^^^^^^^^^^^^^^^^^^^^^^
  File "C:\Users\initd\AppData\Local\Programs\Python\Python311\Lib\site-packages\beamngpy\api\beamng\vehicles.py", line 222, in get_states
    resp = self._send(data).recv("ScenarioUpdate")
           ^^^^^^^^^^^^^^^^^^^^^^^^^^^^^^^^^^^^^^^
  File "C:\Users\initd\AppData\Local\Programs\Python\Python311\Lib\site-packages\beamngpy\connection\connection.py", line 298, in recv
    raise message
beamngpy.logging.BNGError: The request was not handled by BeamNG.tech. This can mean:
- an incompatible version of BeamNG.tech/BeamNGpy
- an internal error in BeamNG.tech
- incorrectly implemented custom command
2026-08-08 23:01:19,413 WARNING beamng_lidar_bev.worker: Actor pose enrichment unavailable
Traceback (most recent call last):
  File "C:\Users\initd\Documents\Projects\BeamNG.Tech Mods\BeamNG-LiDAR-BEV\src\beamng_lidar_bev\worker.py", line 1461, in _poll_actor_observations
    states = self._bng.vehicles.get_states(actor_ids)
             ^^^^^^^^^^^^^^^^^^^^^^^^^^^^^^^^^^^^^^^^
  File "C:\Users\initd\AppData\Local\Programs\Python\Python311\Lib\site-packages\beamngpy\api\beamng\vehicles.py", line 222, in get_states
    resp = self._send(data).recv("ScenarioUpdate")
           ^^^^^^^^^^^^^^^^^^^^^^^^^^^^^^^^^^^^^^^
  File "C:\Users\initd\AppData\Local\Programs\Python\Python311\Lib\site-packages\beamngpy\connection\connection.py", line 298, in recv
    raise message
beamngpy.logging.BNGError: The request was not handled by BeamNG.tech. This can mean:
- an incompatible version of BeamNG.tech/BeamNGpy
- an internal error in BeamNG.tech
- incorrectly implemented custom command
2026-08-08 23:01:19,563 WARNING beamng_lidar_bev.worker: Actor pose enrichment unavailable
Traceback (most recent call last):
  File "C:\Users\initd\Documents\Projects\BeamNG.Tech Mods\BeamNG-LiDAR-BEV\src\beamng_lidar_bev\worker.py", line 1461, in _poll_actor_observations
    states = self._bng.vehicles.get_states(actor_ids)
             ^^^^^^^^^^^^^^^^^^^^^^^^^^^^^^^^^^^^^^^^
  File "C:\Users\initd\AppData\Local\Programs\Python\Python311\Lib\site-packages\beamngpy\api\beamng\vehicles.py", line 222, in get_states
    resp = self._send(data).recv("ScenarioUpdate")
           ^^^^^^^^^^^^^^^^^^^^^^^^^^^^^^^^^^^^^^^
  File "C:\Users\initd\AppData\Local\Programs\Python\Python311\Lib\site-packages\beamngpy\connection\connection.py", line 298, in recv
    raise message
beamngpy.logging.BNGError: The request was not handled by BeamNG.tech. This can mean:
- an incompatible version of BeamNG.tech/BeamNGpy
- an internal error in BeamNG.tech
- incorrectly implemented custom command
2026-08-08 23:01:19,726 WARNING beamng_lidar_bev.worker: Actor pose enrichment unavailable
Traceback (most recent call last):
  File "C:\Users\initd\Documents\Projects\BeamNG.Tech Mods\BeamNG-LiDAR-BEV\src\beamng_lidar_bev\worker.py", line 1461, in _poll_actor_observations
    states = self._bng.vehicles.get_states(actor_ids)
             ^^^^^^^^^^^^^^^^^^^^^^^^^^^^^^^^^^^^^^^^
  File "C:\Users\initd\AppData\Local\Programs\Python\Python311\Lib\site-packages\beamngpy\api\beamng\vehicles.py", line 222, in get_states
    resp = self._send(data).recv("ScenarioUpdate")
           ^^^^^^^^^^^^^^^^^^^^^^^^^^^^^^^^^^^^^^^
  File "C:\Users\initd\AppData\Local\Programs\Python\Python311\Lib\site-packages\beamngpy\connection\connection.py", line 298, in recv
    raise message
beamngpy.logging.BNGError: The request was not handled by BeamNG.tech. This can mean:
- an incompatible version of BeamNG.tech/BeamNGpy
- an internal error in BeamNG.tech
- incorrectly implemented custom command
2026-08-08 23:01:19,895 WARNING beamng_lidar_bev.worker: Actor pose enrichment unavailable
Traceback (most recent call last):
  File "C:\Users\initd\Documents\Projects\BeamNG.Tech Mods\BeamNG-LiDAR-BEV\src\beamng_lidar_bev\worker.py", line 1461, in _poll_actor_observations
    states = self._bng.vehicles.get_states(actor_ids)
             ^^^^^^^^^^^^^^^^^^^^^^^^^^^^^^^^^^^^^^^^
  File "C:\Users\initd\AppData\Local\Programs\Python\Python311\Lib\site-packages\beamngpy\api\beamng\vehicles.py", line 222, in get_states
    resp = self._send(data).recv("ScenarioUpdate")
           ^^^^^^^^^^^^^^^^^^^^^^^^^^^^^^^^^^^^^^^
  File "C:\Users\initd\AppData\Local\Programs\Python\Python311\Lib\site-packages\beamngpy\connection\connection.py", line 298, in recv
    raise message
beamngpy.logging.BNGError: The request was not handled by BeamNG.tech. This can mean:
- an incompatible version of BeamNG.tech/BeamNGpy
- an internal error in BeamNG.tech
- incorrectly implemented custom command
2026-08-08 23:01:20,117 WARNING beamng_lidar_bev.worker: Actor pose enrichment unavailable
Traceback (most recent call last):
  File "C:\Users\initd\Documents\Projects\BeamNG.Tech Mods\BeamNG-LiDAR-BEV\src\beamng_lidar_bev\worker.py", line 1461, in _poll_actor_observations
    states = self._bng.vehicles.get_states(actor_ids)
             ^^^^^^^^^^^^^^^^^^^^^^^^^^^^^^^^^^^^^^^^
  File "C:\Users\initd\AppData\Local\Programs\Python\Python311\Lib\site-packages\beamngpy\api\beamng\vehicles.py", line 222, in get_states
    resp = self._send(data).recv("ScenarioUpdate")
           ^^^^^^^^^^^^^^^^^^^^^^^^^^^^^^^^^^^^^^^
  File "C:\Users\initd\AppData\Local\Programs\Python\Python311\Lib\site-packages\beamngpy\connection\connection.py", line 298, in recv
    raise message
beamngpy.logging.BNGError: The request was not handled by BeamNG.tech. This can mean:
- an incompatible version of BeamNG.tech/BeamNGpy
- an internal error in BeamNG.tech
- incorrectly implemented custom command
2026-08-08 23:01:20,173 WARNING beamng_lidar_bev.worker: Actor pose enrichment unavailable
Traceback (most recent call last):
  File "C:\Users\initd\Documents\Projects\BeamNG.Tech Mods\BeamNG-LiDAR-BEV\src\beamng_lidar_bev\worker.py", line 1461, in _poll_actor_observations
    states = self._bng.vehicles.get_states(actor_ids)
             ^^^^^^^^^^^^^^^^^^^^^^^^^^^^^^^^^^^^^^^^
  File "C:\Users\initd\AppData\Local\Programs\Python\Python311\Lib\site-packages\beamngpy\api\beamng\vehicles.py", line 222, in get_states
    resp = self._send(data).recv("ScenarioUpdate")
           ^^^^^^^^^^^^^^^^^^^^^^^^^^^^^^^^^^^^^^^
  File "C:\Users\initd\AppData\Local\Programs\Python\Python311\Lib\site-packages\beamngpy\connection\connection.py", line 298, in recv
    raise message
beamngpy.logging.BNGError: The request was not handled by BeamNG.tech. This can mean:
- an incompatible version of BeamNG.tech/BeamNGpy
- an internal error in BeamNG.tech
- incorrectly implemented custom command
2026-08-08 23:01:20,306 WARNING beamng_lidar_bev.worker: Actor pose enrichment unavailable
Traceback (most recent call last):
  File "C:\Users\initd\Documents\Projects\BeamNG.Tech Mods\BeamNG-LiDAR-BEV\src\beamng_lidar_bev\worker.py", line 1461, in _poll_actor_observations
    states = self._bng.vehicles.get_states(actor_ids)
             ^^^^^^^^^^^^^^^^^^^^^^^^^^^^^^^^^^^^^^^^
  File "C:\Users\initd\AppData\Local\Programs\Python\Python311\Lib\site-packages\beamngpy\api\beamng\vehicles.py", line 222, in get_states
    resp = self._send(data).recv("ScenarioUpdate")
           ^^^^^^^^^^^^^^^^^^^^^^^^^^^^^^^^^^^^^^^
  File "C:\Users\initd\AppData\Local\Programs\Python\Python311\Lib\site-packages\beamngpy\connection\connection.py", line 298, in recv
    raise message
beamngpy.logging.BNGError: The request was not handled by BeamNG.tech. This can mean:
- an incompatible version of BeamNG.tech/BeamNGpy
- an internal error in BeamNG.tech
- incorrectly implemented custom command
2026-08-08 23:01:20,442 WARNING beamng_lidar_bev.worker: Actor pose enrichment unavailable
Traceback (most recent call last):
  File "C:\Users\initd\Documents\Projects\BeamNG.Tech Mods\BeamNG-LiDAR-BEV\src\beamng_lidar_bev\worker.py", line 1461, in _poll_actor_observations
    states = self._bng.vehicles.get_states(actor_ids)
             ^^^^^^^^^^^^^^^^^^^^^^^^^^^^^^^^^^^^^^^^
  File "C:\Users\initd\AppData\Local\Programs\Python\Python311\Lib\site-packages\beamngpy\api\beamng\vehicles.py", line 222, in get_states
    resp = self._send(data).recv("ScenarioUpdate")
           ^^^^^^^^^^^^^^^^^^^^^^^^^^^^^^^^^^^^^^^
  File "C:\Users\initd\AppData\Local\Programs\Python\Python311\Lib\site-packages\beamngpy\connection\connection.py", line 298, in recv
    raise message
beamngpy.logging.BNGError: The request was not handled by BeamNG.tech. This can mean:
- an incompatible version of BeamNG.tech/BeamNGpy
- an internal error in BeamNG.tech
- incorrectly implemented custom command
2026-08-08 23:01:20,564 WARNING beamng_lidar_bev.worker: Actor pose enrichment unavailable
Traceback (most recent call last):
  File "C:\Users\initd\Documents\Projects\BeamNG.Tech Mods\BeamNG-LiDAR-BEV\src\beamng_lidar_bev\worker.py", line 1461, in _poll_actor_observations
    states = self._bng.vehicles.get_states(actor_ids)
             ^^^^^^^^^^^^^^^^^^^^^^^^^^^^^^^^^^^^^^^^
  File "C:\Users\initd\AppData\Local\Programs\Python\Python311\Lib\site-packages\beamngpy\api\beamng\vehicles.py", line 222, in get_states
    resp = self._send(data).recv("ScenarioUpdate")
           ^^^^^^^^^^^^^^^^^^^^^^^^^^^^^^^^^^^^^^^
  File "C:\Users\initd\AppData\Local\Programs\Python\Python311\Lib\site-packages\beamngpy\connection\connection.py", line 298, in recv
    raise message
beamngpy.logging.BNGError: The request was not handled by BeamNG.tech. This can mean:
- an incompatible version of BeamNG.tech/BeamNGpy
- an internal error in BeamNG.tech
- incorrectly implemented custom command
2026-08-08 23:01:20,685 WARNING beamng_lidar_bev.worker: Actor pose enrichment unavailable
Traceback (most recent call last):
  File "C:\Users\initd\Documents\Projects\BeamNG.Tech Mods\BeamNG-LiDAR-BEV\src\beamng_lidar_bev\worker.py", line 1461, in _poll_actor_observations
    states = self._bng.vehicles.get_states(actor_ids)
             ^^^^^^^^^^^^^^^^^^^^^^^^^^^^^^^^^^^^^^^^
  File "C:\Users\initd\AppData\Local\Programs\Python\Python311\Lib\site-packages\beamngpy\api\beamng\vehicles.py", line 222, in get_states
    resp = self._send(data).recv("ScenarioUpdate")
           ^^^^^^^^^^^^^^^^^^^^^^^^^^^^^^^^^^^^^^^
  File "C:\Users\initd\AppData\Local\Programs\Python\Python311\Lib\site-packages\beamngpy\connection\connection.py", line 298, in recv
    raise message
beamngpy.logging.BNGError: The request was not handled by BeamNG.tech. This can mean:
- an incompatible version of BeamNG.tech/BeamNGpy
- an internal error in BeamNG.tech
- incorrectly implemented custom command
2026-08-08 23:01:20,845 WARNING beamng_lidar_bev.worker: Actor pose enrichment unavailable
Traceback (most recent call last):
  File "C:\Users\initd\Documents\Projects\BeamNG.Tech Mods\BeamNG-LiDAR-BEV\src\beamng_lidar_bev\worker.py", line 1461, in _poll_actor_observations
    states = self._bng.vehicles.get_states(actor_ids)
             ^^^^^^^^^^^^^^^^^^^^^^^^^^^^^^^^^^^^^^^^
  File "C:\Users\initd\AppData\Local\Programs\Python\Python311\Lib\site-packages\beamngpy\api\beamng\vehicles.py", line 222, in get_states
    resp = self._send(data).recv("ScenarioUpdate")
           ^^^^^^^^^^^^^^^^^^^^^^^^^^^^^^^^^^^^^^^
  File "C:\Users\initd\AppData\Local\Programs\Python\Python311\Lib\site-packages\beamngpy\connection\connection.py", line 298, in recv
    raise message
beamngpy.logging.BNGError: The request was not handled by BeamNG.tech. This can mean:
- an incompatible version of BeamNG.tech/BeamNGpy
- an internal error in BeamNG.tech
- incorrectly implemented custom command
2026-08-08 23:01:21,006 WARNING beamng_lidar_bev.worker: Actor pose enrichment unavailable
Traceback (most recent call last):
  File "C:\Users\initd\Documents\Projects\BeamNG.Tech Mods\BeamNG-LiDAR-BEV\src\beamng_lidar_bev\worker.py", line 1461, in _poll_actor_observations
    states = self._bng.vehicles.get_states(actor_ids)
             ^^^^^^^^^^^^^^^^^^^^^^^^^^^^^^^^^^^^^^^^
  File "C:\Users\initd\AppData\Local\Programs\Python\Python311\Lib\site-packages\beamngpy\api\beamng\vehicles.py", line 222, in get_states
    resp = self._send(data).recv("ScenarioUpdate")
           ^^^^^^^^^^^^^^^^^^^^^^^^^^^^^^^^^^^^^^^
  File "C:\Users\initd\AppData\Local\Programs\Python\Python311\Lib\site-packages\beamngpy\connection\connection.py", line 298, in recv
    raise message
beamngpy.logging.BNGError: The request was not handled by BeamNG.tech. This can mean:
- an incompatible version of BeamNG.tech/BeamNGpy
- an internal error in BeamNG.tech
- incorrectly implemented custom command
2026-08-08 23:01:21,171 INFO beamng_lidar_bev.worker: REAR AEB: ARMED at -0.1 km/h | threat 5.2 m (brake-now 3.9, standoff 3.9, horizon 46.8) | required 0.0 m/s^2 ttc inf | k +0.0000 brake 0.00 | Watching an obstacle at 5.2 m (1 m before it acts)
2026-08-08 23:01:21,189 WARNING beamng_lidar_bev.worker: Actor pose enrichment unavailable
Traceback (most recent call last):
  File "C:\Users\initd\Documents\Projects\BeamNG.Tech Mods\BeamNG-LiDAR-BEV\src\beamng_lidar_bev\worker.py", line 1461, in _poll_actor_observations
    states = self._bng.vehicles.get_states(actor_ids)
             ^^^^^^^^^^^^^^^^^^^^^^^^^^^^^^^^^^^^^^^^
  File "C:\Users\initd\AppData\Local\Programs\Python\Python311\Lib\site-packages\beamngpy\api\beamng\vehicles.py", line 222, in get_states
    resp = self._send(data).recv("ScenarioUpdate")
           ^^^^^^^^^^^^^^^^^^^^^^^^^^^^^^^^^^^^^^^
  File "C:\Users\initd\AppData\Local\Programs\Python\Python311\Lib\site-packages\beamngpy\connection\connection.py", line 298, in recv
    raise message
beamngpy.logging.BNGError: The request was not handled by BeamNG.tech. This can mean:
- an incompatible version of BeamNG.tech/BeamNGpy
- an internal error in BeamNG.tech
- incorrectly implemented custom command
2026-08-08 23:01:21,236 INFO beamng_lidar_bev.worker: REAR AEB: STANDBY at -0.1 km/h | threat none (brake-now 3.9, standoff 3.9, horizon 9.9) | required 0.0 m/s^2 ttc inf | k +0.0000 brake 0.00 | Standing by below 2 km/h
2026-08-08 23:01:21,292 WARNING beamng_lidar_bev.worker: Actor pose enrichment unavailable
Traceback (most recent call last):
  File "C:\Users\initd\Documents\Projects\BeamNG.Tech Mods\BeamNG-LiDAR-BEV\src\beamng_lidar_bev\worker.py", line 1461, in _poll_actor_observations
    states = self._bng.vehicles.get_states(actor_ids)
             ^^^^^^^^^^^^^^^^^^^^^^^^^^^^^^^^^^^^^^^^
  File "C:\Users\initd\AppData\Local\Programs\Python\Python311\Lib\site-packages\beamngpy\api\beamng\vehicles.py", line 222, in get_states
    resp = self._send(data).recv("ScenarioUpdate")
           ^^^^^^^^^^^^^^^^^^^^^^^^^^^^^^^^^^^^^^^
  File "C:\Users\initd\AppData\Local\Programs\Python\Python311\Lib\site-packages\beamngpy\connection\connection.py", line 298, in recv
    raise message
beamngpy.logging.BNGError: The request was not handled by BeamNG.tech. This can mean:
- an incompatible version of BeamNG.tech/BeamNGpy
- an internal error in BeamNG.tech
- incorrectly implemented custom command
2026-08-08 23:01:21,441 WARNING beamng_lidar_bev.worker: Actor pose enrichment unavailable
Traceback (most recent call last):
  File "C:\Users\initd\Documents\Projects\BeamNG.Tech Mods\BeamNG-LiDAR-BEV\src\beamng_lidar_bev\worker.py", line 1461, in _poll_actor_observations
    states = self._bng.vehicles.get_states(actor_ids)
             ^^^^^^^^^^^^^^^^^^^^^^^^^^^^^^^^^^^^^^^^
  File "C:\Users\initd\AppData\Local\Programs\Python\Python311\Lib\site-packages\beamngpy\api\beamng\vehicles.py", line 222, in get_states
    resp = self._send(data).recv("ScenarioUpdate")
           ^^^^^^^^^^^^^^^^^^^^^^^^^^^^^^^^^^^^^^^
  File "C:\Users\initd\AppData\Local\Programs\Python\Python311\Lib\site-packages\beamngpy\connection\connection.py", line 298, in recv
    raise message
beamngpy.logging.BNGError: The request was not handled by BeamNG.tech. This can mean:
- an incompatible version of BeamNG.tech/BeamNGpy
- an internal error in BeamNG.tech
- incorrectly implemented custom command
2026-08-08 23:01:21,542 WARNING beamng_lidar_bev.worker: Actor pose enrichment unavailable
Traceback (most recent call last):
  File "C:\Users\initd\Documents\Projects\BeamNG.Tech Mods\BeamNG-LiDAR-BEV\src\beamng_lidar_bev\worker.py", line 1461, in _poll_actor_observations
    states = self._bng.vehicles.get_states(actor_ids)
             ^^^^^^^^^^^^^^^^^^^^^^^^^^^^^^^^^^^^^^^^
  File "C:\Users\initd\AppData\Local\Programs\Python\Python311\Lib\site-packages\beamngpy\api\beamng\vehicles.py", line 222, in get_states
    resp = self._send(data).recv("ScenarioUpdate")
           ^^^^^^^^^^^^^^^^^^^^^^^^^^^^^^^^^^^^^^^
  File "C:\Users\initd\AppData\Local\Programs\Python\Python311\Lib\site-packages\beamngpy\connection\connection.py", line 298, in recv
    raise message
beamngpy.logging.BNGError: The request was not handled by BeamNG.tech. This can mean:
- an incompatible version of BeamNG.tech/BeamNGpy
- an internal error in BeamNG.tech
- incorrectly implemented custom command
2026-08-08 23:01:21,651 WARNING beamng_lidar_bev.worker: Actor pose enrichment unavailable
Traceback (most recent call last):
  File "C:\Users\initd\Documents\Projects\BeamNG.Tech Mods\BeamNG-LiDAR-BEV\src\beamng_lidar_bev\worker.py", line 1461, in _poll_actor_observations
    states = self._bng.vehicles.get_states(actor_ids)
             ^^^^^^^^^^^^^^^^^^^^^^^^^^^^^^^^^^^^^^^^
  File "C:\Users\initd\AppData\Local\Programs\Python\Python311\Lib\site-packages\beamngpy\api\beamng\vehicles.py", line 222, in get_states
    resp = self._send(data).recv("ScenarioUpdate")
           ^^^^^^^^^^^^^^^^^^^^^^^^^^^^^^^^^^^^^^^
  File "C:\Users\initd\AppData\Local\Programs\Python\Python311\Lib\site-packages\beamngpy\connection\connection.py", line 298, in recv
    raise message
beamngpy.logging.BNGError: The request was not handled by BeamNG.tech. This can mean:
- an incompatible version of BeamNG.tech/BeamNGpy
- an internal error in BeamNG.tech
- incorrectly implemented custom command
2026-08-08 23:01:21,778 WARNING beamng_lidar_bev.worker: Actor pose enrichment unavailable
Traceback (most recent call last):
  File "C:\Users\initd\Documents\Projects\BeamNG.Tech Mods\BeamNG-LiDAR-BEV\src\beamng_lidar_bev\worker.py", line 1461, in _poll_actor_observations
    states = self._bng.vehicles.get_states(actor_ids)
             ^^^^^^^^^^^^^^^^^^^^^^^^^^^^^^^^^^^^^^^^
  File "C:\Users\initd\AppData\Local\Programs\Python\Python311\Lib\site-packages\beamngpy\api\beamng\vehicles.py", line 222, in get_states
    resp = self._send(data).recv("ScenarioUpdate")
           ^^^^^^^^^^^^^^^^^^^^^^^^^^^^^^^^^^^^^^^
  File "C:\Users\initd\AppData\Local\Programs\Python\Python311\Lib\site-packages\beamngpy\connection\connection.py", line 298, in recv
    raise message
beamngpy.logging.BNGError: The request was not handled by BeamNG.tech. This can mean:
- an incompatible version of BeamNG.tech/BeamNGpy
- an internal error in BeamNG.tech
- incorrectly implemented custom command
2026-08-08 23:01:21,941 WARNING beamng_lidar_bev.worker: Actor pose enrichment unavailable
Traceback (most recent call last):
  File "C:\Users\initd\Documents\Projects\BeamNG.Tech Mods\BeamNG-LiDAR-BEV\src\beamng_lidar_bev\worker.py", line 1461, in _poll_actor_observations
    states = self._bng.vehicles.get_states(actor_ids)
             ^^^^^^^^^^^^^^^^^^^^^^^^^^^^^^^^^^^^^^^^
  File "C:\Users\initd\AppData\Local\Programs\Python\Python311\Lib\site-packages\beamngpy\api\beamng\vehicles.py", line 222, in get_states
    resp = self._send(data).recv("ScenarioUpdate")
           ^^^^^^^^^^^^^^^^^^^^^^^^^^^^^^^^^^^^^^^
  File "C:\Users\initd\AppData\Local\Programs\Python\Python311\Lib\site-packages\beamngpy\connection\connection.py", line 298, in recv
    raise message
beamngpy.logging.BNGError: The request was not handled by BeamNG.tech. This can mean:
- an incompatible version of BeamNG.tech/BeamNGpy
- an internal error in BeamNG.tech
- incorrectly implemented custom command
2026-08-08 23:01:22,052 WARNING beamng_lidar_bev.worker: Actor pose enrichment unavailable
Traceback (most recent call last):
  File "C:\Users\initd\Documents\Projects\BeamNG.Tech Mods\BeamNG-LiDAR-BEV\src\beamng_lidar_bev\worker.py", line 1461, in _poll_actor_observations
    states = self._bng.vehicles.get_states(actor_ids)
             ^^^^^^^^^^^^^^^^^^^^^^^^^^^^^^^^^^^^^^^^
  File "C:\Users\initd\AppData\Local\Programs\Python\Python311\Lib\site-packages\beamngpy\api\beamng\vehicles.py", line 222, in get_states
    resp = self._send(data).recv("ScenarioUpdate")
           ^^^^^^^^^^^^^^^^^^^^^^^^^^^^^^^^^^^^^^^
  File "C:\Users\initd\AppData\Local\Programs\Python\Python311\Lib\site-packages\beamngpy\connection\connection.py", line 298, in recv
    raise message
beamngpy.logging.BNGError: The request was not handled by BeamNG.tech. This can mean:
- an incompatible version of BeamNG.tech/BeamNGpy
- an internal error in BeamNG.tech
- incorrectly implemented custom command
2026-08-08 23:01:22,200 WARNING beamng_lidar_bev.worker: Actor pose enrichment unavailable
Traceback (most recent call last):
  File "C:\Users\initd\Documents\Projects\BeamNG.Tech Mods\BeamNG-LiDAR-BEV\src\beamng_lidar_bev\worker.py", line 1461, in _poll_actor_observations
    states = self._bng.vehicles.get_states(actor_ids)
             ^^^^^^^^^^^^^^^^^^^^^^^^^^^^^^^^^^^^^^^^
  File "C:\Users\initd\AppData\Local\Programs\Python\Python311\Lib\site-packages\beamngpy\api\beamng\vehicles.py", line 222, in get_states
    resp = self._send(data).recv("ScenarioUpdate")
           ^^^^^^^^^^^^^^^^^^^^^^^^^^^^^^^^^^^^^^^
  File "C:\Users\initd\AppData\Local\Programs\Python\Python311\Lib\site-packages\beamngpy\connection\connection.py", line 298, in recv
    raise message
beamngpy.logging.BNGError: The request was not handled by BeamNG.tech. This can mean:
- an incompatible version of BeamNG.tech/BeamNGpy
- an internal error in BeamNG.tech
- incorrectly implemented custom command
2026-08-08 23:01:22,242 INFO beamng_lidar_bev.worker: AEB: ARMED at 7.5 km/h | threat none (brake-now 2.7, standoff 2.1, horizon 8.1) | required 0.0 m/s^2 ttc inf | k +0.0009 brake 0.00 | Clear to 8 m
2026-08-08 23:01:22,353 WARNING beamng_lidar_bev.worker: Actor pose enrichment unavailable
Traceback (most recent call last):
  File "C:\Users\initd\Documents\Projects\BeamNG.Tech Mods\BeamNG-LiDAR-BEV\src\beamng_lidar_bev\worker.py", line 1461, in _poll_actor_observations
    states = self._bng.vehicles.get_states(actor_ids)
             ^^^^^^^^^^^^^^^^^^^^^^^^^^^^^^^^^^^^^^^^
  File "C:\Users\initd\AppData\Local\Programs\Python\Python311\Lib\site-packages\beamngpy\api\beamng\vehicles.py", line 222, in get_states
    resp = self._send(data).recv("ScenarioUpdate")
           ^^^^^^^^^^^^^^^^^^^^^^^^^^^^^^^^^^^^^^^
  File "C:\Users\initd\AppData\Local\Programs\Python\Python311\Lib\site-packages\beamngpy\connection\connection.py", line 298, in recv
    raise message
beamngpy.logging.BNGError: The request was not handled by BeamNG.tech. This can mean:
- an incompatible version of BeamNG.tech/BeamNGpy
- an internal error in BeamNG.tech
- incorrectly implemented custom command
2026-08-08 23:01:22,486 WARNING beamng_lidar_bev.worker: Actor pose enrichment unavailable
Traceback (most recent call last):
  File "C:\Users\initd\Documents\Projects\BeamNG.Tech Mods\BeamNG-LiDAR-BEV\src\beamng_lidar_bev\worker.py", line 1461, in _poll_actor_observations
    states = self._bng.vehicles.get_states(actor_ids)
             ^^^^^^^^^^^^^^^^^^^^^^^^^^^^^^^^^^^^^^^^
  File "C:\Users\initd\AppData\Local\Programs\Python\Python311\Lib\site-packages\beamngpy\api\beamng\vehicles.py", line 222, in get_states
    resp = self._send(data).recv("ScenarioUpdate")
           ^^^^^^^^^^^^^^^^^^^^^^^^^^^^^^^^^^^^^^^
  File "C:\Users\initd\AppData\Local\Programs\Python\Python311\Lib\site-packages\beamngpy\connection\connection.py", line 298, in recv
    raise message
beamngpy.logging.BNGError: The request was not handled by BeamNG.tech. This can mean:
- an incompatible version of BeamNG.tech/BeamNGpy
- an internal error in BeamNG.tech
- incorrectly implemented custom command
2026-08-08 23:01:22,591 WARNING beamng_lidar_bev.worker: Actor pose enrichment unavailable
Traceback (most recent call last):
  File "C:\Users\initd\Documents\Projects\BeamNG.Tech Mods\BeamNG-LiDAR-BEV\src\beamng_lidar_bev\worker.py", line 1461, in _poll_actor_observations
    states = self._bng.vehicles.get_states(actor_ids)
             ^^^^^^^^^^^^^^^^^^^^^^^^^^^^^^^^^^^^^^^^
  File "C:\Users\initd\AppData\Local\Programs\Python\Python311\Lib\site-packages\beamngpy\api\beamng\vehicles.py", line 222, in get_states
    resp = self._send(data).recv("ScenarioUpdate")
           ^^^^^^^^^^^^^^^^^^^^^^^^^^^^^^^^^^^^^^^
  File "C:\Users\initd\AppData\Local\Programs\Python\Python311\Lib\site-packages\beamngpy\connection\connection.py", line 298, in recv
    raise message
beamngpy.logging.BNGError: The request was not handled by BeamNG.tech. This can mean:
- an incompatible version of BeamNG.tech/BeamNGpy
- an internal error in BeamNG.tech
- incorrectly implemented custom command
2026-08-08 23:01:22,724 WARNING beamng_lidar_bev.worker: Actor pose enrichment unavailable
Traceback (most recent call last):
  File "C:\Users\initd\Documents\Projects\BeamNG.Tech Mods\BeamNG-LiDAR-BEV\src\beamng_lidar_bev\worker.py", line 1461, in _poll_actor_observations
    states = self._bng.vehicles.get_states(actor_ids)
             ^^^^^^^^^^^^^^^^^^^^^^^^^^^^^^^^^^^^^^^^
  File "C:\Users\initd\AppData\Local\Programs\Python\Python311\Lib\site-packages\beamngpy\api\beamng\vehicles.py", line 222, in get_states
    resp = self._send(data).recv("ScenarioUpdate")
           ^^^^^^^^^^^^^^^^^^^^^^^^^^^^^^^^^^^^^^^
  File "C:\Users\initd\AppData\Local\Programs\Python\Python311\Lib\site-packages\beamngpy\connection\connection.py", line 298, in recv
    raise message
beamngpy.logging.BNGError: The request was not handled by BeamNG.tech. This can mean:
- an incompatible version of BeamNG.tech/BeamNGpy
- an internal error in BeamNG.tech
- incorrectly implemented custom command
2026-08-08 23:01:22,833 WARNING beamng_lidar_bev.worker: Actor pose enrichment unavailable
Traceback (most recent call last):
  File "C:\Users\initd\Documents\Projects\BeamNG.Tech Mods\BeamNG-LiDAR-BEV\src\beamng_lidar_bev\worker.py", line 1461, in _poll_actor_observations
    states = self._bng.vehicles.get_states(actor_ids)
             ^^^^^^^^^^^^^^^^^^^^^^^^^^^^^^^^^^^^^^^^
  File "C:\Users\initd\AppData\Local\Programs\Python\Python311\Lib\site-packages\beamngpy\api\beamng\vehicles.py", line 222, in get_states
    resp = self._send(data).recv("ScenarioUpdate")
           ^^^^^^^^^^^^^^^^^^^^^^^^^^^^^^^^^^^^^^^
  File "C:\Users\initd\AppData\Local\Programs\Python\Python311\Lib\site-packages\beamngpy\connection\connection.py", line 298, in recv
    raise message
beamngpy.logging.BNGError: The request was not handled by BeamNG.tech. This can mean:
- an incompatible version of BeamNG.tech/BeamNGpy
- an internal error in BeamNG.tech
- incorrectly implemented custom command
2026-08-08 23:01:22,981 WARNING beamng_lidar_bev.worker: Actor pose enrichment unavailable
Traceback (most recent call last):
  File "C:\Users\initd\Documents\Projects\BeamNG.Tech Mods\BeamNG-LiDAR-BEV\src\beamng_lidar_bev\worker.py", line 1461, in _poll_actor_observations
    states = self._bng.vehicles.get_states(actor_ids)
             ^^^^^^^^^^^^^^^^^^^^^^^^^^^^^^^^^^^^^^^^
  File "C:\Users\initd\AppData\Local\Programs\Python\Python311\Lib\site-packages\beamngpy\api\beamng\vehicles.py", line 222, in get_states
    resp = self._send(data).recv("ScenarioUpdate")
           ^^^^^^^^^^^^^^^^^^^^^^^^^^^^^^^^^^^^^^^
  File "C:\Users\initd\AppData\Local\Programs\Python\Python311\Lib\site-packages\beamngpy\connection\connection.py", line 298, in recv
    raise message
beamngpy.logging.BNGError: The request was not handled by BeamNG.tech. This can mean:
- an incompatible version of BeamNG.tech/BeamNGpy
- an internal error in BeamNG.tech
- incorrectly implemented custom command
2026-08-08 23:01:23,091 WARNING beamng_lidar_bev.worker: Actor pose enrichment unavailable
Traceback (most recent call last):
  File "C:\Users\initd\Documents\Projects\BeamNG.Tech Mods\BeamNG-LiDAR-BEV\src\beamng_lidar_bev\worker.py", line 1461, in _poll_actor_observations
    states = self._bng.vehicles.get_states(actor_ids)
             ^^^^^^^^^^^^^^^^^^^^^^^^^^^^^^^^^^^^^^^^
  File "C:\Users\initd\AppData\Local\Programs\Python\Python311\Lib\site-packages\beamngpy\api\beamng\vehicles.py", line 222, in get_states
    resp = self._send(data).recv("ScenarioUpdate")
           ^^^^^^^^^^^^^^^^^^^^^^^^^^^^^^^^^^^^^^^
  File "C:\Users\initd\AppData\Local\Programs\Python\Python311\Lib\site-packages\beamngpy\connection\connection.py", line 298, in recv
    raise message
beamngpy.logging.BNGError: The request was not handled by BeamNG.tech. This can mean:
- an incompatible version of BeamNG.tech/BeamNGpy
- an internal error in BeamNG.tech
- incorrectly implemented custom command
2026-08-08 23:01:23,248 WARNING beamng_lidar_bev.worker: Actor pose enrichment unavailable
Traceback (most recent call last):
  File "C:\Users\initd\Documents\Projects\BeamNG.Tech Mods\BeamNG-LiDAR-BEV\src\beamng_lidar_bev\worker.py", line 1461, in _poll_actor_observations
    states = self._bng.vehicles.get_states(actor_ids)
             ^^^^^^^^^^^^^^^^^^^^^^^^^^^^^^^^^^^^^^^^
  File "C:\Users\initd\AppData\Local\Programs\Python\Python311\Lib\site-packages\beamngpy\api\beamng\vehicles.py", line 222, in get_states
    resp = self._send(data).recv("ScenarioUpdate")
           ^^^^^^^^^^^^^^^^^^^^^^^^^^^^^^^^^^^^^^^
  File "C:\Users\initd\AppData\Local\Programs\Python\Python311\Lib\site-packages\beamngpy\connection\connection.py", line 298, in recv
    raise message
beamngpy.logging.BNGError: The request was not handled by BeamNG.tech. This can mean:
- an incompatible version of BeamNG.tech/BeamNGpy
- an internal error in BeamNG.tech
- incorrectly implemented custom command
2026-08-08 23:01:23,345 WARNING beamng_lidar_bev.worker: Actor pose enrichment unavailable
Traceback (most recent call last):
  File "C:\Users\initd\Documents\Projects\BeamNG.Tech Mods\BeamNG-LiDAR-BEV\src\beamng_lidar_bev\worker.py", line 1461, in _poll_actor_observations
    states = self._bng.vehicles.get_states(actor_ids)
             ^^^^^^^^^^^^^^^^^^^^^^^^^^^^^^^^^^^^^^^^
  File "C:\Users\initd\AppData\Local\Programs\Python\Python311\Lib\site-packages\beamngpy\api\beamng\vehicles.py", line 222, in get_states
    resp = self._send(data).recv("ScenarioUpdate")
           ^^^^^^^^^^^^^^^^^^^^^^^^^^^^^^^^^^^^^^^
  File "C:\Users\initd\AppData\Local\Programs\Python\Python311\Lib\site-packages\beamngpy\connection\connection.py", line 298, in recv
    raise message
beamngpy.logging.BNGError: The request was not handled by BeamNG.tech. This can mean:
- an incompatible version of BeamNG.tech/BeamNGpy
- an internal error in BeamNG.tech
- incorrectly implemented custom command
2026-08-08 23:01:23,491 WARNING beamng_lidar_bev.worker: Actor pose enrichment unavailable
Traceback (most recent call last):
  File "C:\Users\initd\Documents\Projects\BeamNG.Tech Mods\BeamNG-LiDAR-BEV\src\beamng_lidar_bev\worker.py", line 1461, in _poll_actor_observations
    states = self._bng.vehicles.get_states(actor_ids)
             ^^^^^^^^^^^^^^^^^^^^^^^^^^^^^^^^^^^^^^^^
  File "C:\Users\initd\AppData\Local\Programs\Python\Python311\Lib\site-packages\beamngpy\api\beamng\vehicles.py", line 222, in get_states
    resp = self._send(data).recv("ScenarioUpdate")
           ^^^^^^^^^^^^^^^^^^^^^^^^^^^^^^^^^^^^^^^
  File "C:\Users\initd\AppData\Local\Programs\Python\Python311\Lib\site-packages\beamngpy\connection\connection.py", line 298, in recv
    raise message
beamngpy.logging.BNGError: The request was not handled by BeamNG.tech. This can mean:
- an incompatible version of BeamNG.tech/BeamNGpy
- an internal error in BeamNG.tech
- incorrectly implemented custom command
2026-08-08 23:01:23,584 WARNING beamng_lidar_bev.worker: Actor pose enrichment unavailable
Traceback (most recent call last):
  File "C:\Users\initd\Documents\Projects\BeamNG.Tech Mods\BeamNG-LiDAR-BEV\src\beamng_lidar_bev\worker.py", line 1461, in _poll_actor_observations
    states = self._bng.vehicles.get_states(actor_ids)
             ^^^^^^^^^^^^^^^^^^^^^^^^^^^^^^^^^^^^^^^^
  File "C:\Users\initd\AppData\Local\Programs\Python\Python311\Lib\site-packages\beamngpy\api\beamng\vehicles.py", line 222, in get_states
    resp = self._send(data).recv("ScenarioUpdate")
           ^^^^^^^^^^^^^^^^^^^^^^^^^^^^^^^^^^^^^^^
  File "C:\Users\initd\AppData\Local\Programs\Python\Python311\Lib\site-packages\beamngpy\connection\connection.py", line 298, in recv
    raise message
beamngpy.logging.BNGError: The request was not handled by BeamNG.tech. This can mean:
- an incompatible version of BeamNG.tech/BeamNGpy
- an internal error in BeamNG.tech
- incorrectly implemented custom command
2026-08-08 23:01:23,693 WARNING beamng_lidar_bev.worker: Actor pose enrichment unavailable
Traceback (most recent call last):
  File "C:\Users\initd\Documents\Projects\BeamNG.Tech Mods\BeamNG-LiDAR-BEV\src\beamng_lidar_bev\worker.py", line 1461, in _poll_actor_observations
    states = self._bng.vehicles.get_states(actor_ids)
             ^^^^^^^^^^^^^^^^^^^^^^^^^^^^^^^^^^^^^^^^
  File "C:\Users\initd\AppData\Local\Programs\Python\Python311\Lib\site-packages\beamngpy\api\beamng\vehicles.py", line 222, in get_states
    resp = self._send(data).recv("ScenarioUpdate")
           ^^^^^^^^^^^^^^^^^^^^^^^^^^^^^^^^^^^^^^^
  File "C:\Users\initd\AppData\Local\Programs\Python\Python311\Lib\site-packages\beamngpy\connection\connection.py", line 298, in recv
    raise message
beamngpy.logging.BNGError: The request was not handled by BeamNG.tech. This can mean:
- an incompatible version of BeamNG.tech/BeamNGpy
- an internal error in BeamNG.tech
- incorrectly implemented custom command
2026-08-08 23:01:23,853 WARNING beamng_lidar_bev.worker: Actor pose enrichment unavailable
Traceback (most recent call last):
  File "C:\Users\initd\Documents\Projects\BeamNG.Tech Mods\BeamNG-LiDAR-BEV\src\beamng_lidar_bev\worker.py", line 1461, in _poll_actor_observations
    states = self._bng.vehicles.get_states(actor_ids)
             ^^^^^^^^^^^^^^^^^^^^^^^^^^^^^^^^^^^^^^^^
  File "C:\Users\initd\AppData\Local\Programs\Python\Python311\Lib\site-packages\beamngpy\api\beamng\vehicles.py", line 222, in get_states
    resp = self._send(data).recv("ScenarioUpdate")
           ^^^^^^^^^^^^^^^^^^^^^^^^^^^^^^^^^^^^^^^
  File "C:\Users\initd\AppData\Local\Programs\Python\Python311\Lib\site-packages\beamngpy\connection\connection.py", line 298, in recv
    raise message
beamngpy.logging.BNGError: The request was not handled by BeamNG.tech. This can mean:
- an incompatible version of BeamNG.tech/BeamNGpy
- an internal error in BeamNG.tech
- incorrectly implemented custom command
2026-08-08 23:01:23,960 WARNING beamng_lidar_bev.worker: Actor pose enrichment unavailable
Traceback (most recent call last):
  File "C:\Users\initd\Documents\Projects\BeamNG.Tech Mods\BeamNG-LiDAR-BEV\src\beamng_lidar_bev\worker.py", line 1461, in _poll_actor_observations
    states = self._bng.vehicles.get_states(actor_ids)
             ^^^^^^^^^^^^^^^^^^^^^^^^^^^^^^^^^^^^^^^^
  File "C:\Users\initd\AppData\Local\Programs\Python\Python311\Lib\site-packages\beamngpy\api\beamng\vehicles.py", line 222, in get_states
    resp = self._send(data).recv("ScenarioUpdate")
           ^^^^^^^^^^^^^^^^^^^^^^^^^^^^^^^^^^^^^^^
  File "C:\Users\initd\AppData\Local\Programs\Python\Python311\Lib\site-packages\beamngpy\connection\connection.py", line 298, in recv
    raise message
beamngpy.logging.BNGError: The request was not handled by BeamNG.tech. This can mean:
- an incompatible version of BeamNG.tech/BeamNGpy
- an internal error in BeamNG.tech
- incorrectly implemented custom command
2026-08-08 23:01:24,079 WARNING beamng_lidar_bev.worker: Actor pose enrichment unavailable
Traceback (most recent call last):
  File "C:\Users\initd\Documents\Projects\BeamNG.Tech Mods\BeamNG-LiDAR-BEV\src\beamng_lidar_bev\worker.py", line 1461, in _poll_actor_observations
    states = self._bng.vehicles.get_states(actor_ids)
             ^^^^^^^^^^^^^^^^^^^^^^^^^^^^^^^^^^^^^^^^
  File "C:\Users\initd\AppData\Local\Programs\Python\Python311\Lib\site-packages\beamngpy\api\beamng\vehicles.py", line 222, in get_states
    resp = self._send(data).recv("ScenarioUpdate")
           ^^^^^^^^^^^^^^^^^^^^^^^^^^^^^^^^^^^^^^^
  File "C:\Users\initd\AppData\Local\Programs\Python\Python311\Lib\site-packages\beamngpy\connection\connection.py", line 298, in recv
    raise message
beamngpy.logging.BNGError: The request was not handled by BeamNG.tech. This can mean:
- an incompatible version of BeamNG.tech/BeamNGpy
- an internal error in BeamNG.tech
- incorrectly implemented custom command
2026-08-08 23:01:24,246 WARNING beamng_lidar_bev.worker: Actor pose enrichment unavailable
Traceback (most recent call last):
  File "C:\Users\initd\Documents\Projects\BeamNG.Tech Mods\BeamNG-LiDAR-BEV\src\beamng_lidar_bev\worker.py", line 1461, in _poll_actor_observations
    states = self._bng.vehicles.get_states(actor_ids)
             ^^^^^^^^^^^^^^^^^^^^^^^^^^^^^^^^^^^^^^^^
  File "C:\Users\initd\AppData\Local\Programs\Python\Python311\Lib\site-packages\beamngpy\api\beamng\vehicles.py", line 222, in get_states
    resp = self._send(data).recv("ScenarioUpdate")
           ^^^^^^^^^^^^^^^^^^^^^^^^^^^^^^^^^^^^^^^
  File "C:\Users\initd\AppData\Local\Programs\Python\Python311\Lib\site-packages\beamngpy\connection\connection.py", line 298, in recv
    raise message
beamngpy.logging.BNGError: The request was not handled by BeamNG.tech. This can mean:
- an incompatible version of BeamNG.tech/BeamNGpy
- an internal error in BeamNG.tech
- incorrectly implemented custom command
2026-08-08 23:01:24,299 WARNING beamng_lidar_bev.worker: Actor pose enrichment unavailable
Traceback (most recent call last):
  File "C:\Users\initd\Documents\Projects\BeamNG.Tech Mods\BeamNG-LiDAR-BEV\src\beamng_lidar_bev\worker.py", line 1461, in _poll_actor_observations
    states = self._bng.vehicles.get_states(actor_ids)
             ^^^^^^^^^^^^^^^^^^^^^^^^^^^^^^^^^^^^^^^^
  File "C:\Users\initd\AppData\Local\Programs\Python\Python311\Lib\site-packages\beamngpy\api\beamng\vehicles.py", line 222, in get_states
    resp = self._send(data).recv("ScenarioUpdate")
           ^^^^^^^^^^^^^^^^^^^^^^^^^^^^^^^^^^^^^^^
  File "C:\Users\initd\AppData\Local\Programs\Python\Python311\Lib\site-packages\beamngpy\connection\connection.py", line 298, in recv
    raise message
beamngpy.logging.BNGError: The request was not handled by BeamNG.tech. This can mean:
- an incompatible version of BeamNG.tech/BeamNGpy
- an internal error in BeamNG.tech
- incorrectly implemented custom command
2026-08-08 23:01:24,426 WARNING beamng_lidar_bev.worker: Actor pose enrichment unavailable
Traceback (most recent call last):
  File "C:\Users\initd\Documents\Projects\BeamNG.Tech Mods\BeamNG-LiDAR-BEV\src\beamng_lidar_bev\worker.py", line 1461, in _poll_actor_observations
    states = self._bng.vehicles.get_states(actor_ids)
             ^^^^^^^^^^^^^^^^^^^^^^^^^^^^^^^^^^^^^^^^
  File "C:\Users\initd\AppData\Local\Programs\Python\Python311\Lib\site-packages\beamngpy\api\beamng\vehicles.py", line 222, in get_states
    resp = self._send(data).recv("ScenarioUpdate")
           ^^^^^^^^^^^^^^^^^^^^^^^^^^^^^^^^^^^^^^^
  File "C:\Users\initd\AppData\Local\Programs\Python\Python311\Lib\site-packages\beamngpy\connection\connection.py", line 298, in recv
    raise message
beamngpy.logging.BNGError: The request was not handled by BeamNG.tech. This can mean:
- an incompatible version of BeamNG.tech/BeamNGpy
- an internal error in BeamNG.tech
- incorrectly implemented custom command
2026-08-08 23:01:24,536 WARNING beamng_lidar_bev.worker: Actor pose enrichment unavailable
Traceback (most recent call last):
  File "C:\Users\initd\Documents\Projects\BeamNG.Tech Mods\BeamNG-LiDAR-BEV\src\beamng_lidar_bev\worker.py", line 1461, in _poll_actor_observations
    states = self._bng.vehicles.get_states(actor_ids)
             ^^^^^^^^^^^^^^^^^^^^^^^^^^^^^^^^^^^^^^^^
  File "C:\Users\initd\AppData\Local\Programs\Python\Python311\Lib\site-packages\beamngpy\api\beamng\vehicles.py", line 222, in get_states
    resp = self._send(data).recv("ScenarioUpdate")
           ^^^^^^^^^^^^^^^^^^^^^^^^^^^^^^^^^^^^^^^
  File "C:\Users\initd\AppData\Local\Programs\Python\Python311\Lib\site-packages\beamngpy\connection\connection.py", line 298, in recv
    raise message
beamngpy.logging.BNGError: The request was not handled by BeamNG.tech. This can mean:
- an incompatible version of BeamNG.tech/BeamNGpy
- an internal error in BeamNG.tech
- incorrectly implemented custom command
2026-08-08 23:01:24,675 WARNING beamng_lidar_bev.worker: Actor pose enrichment unavailable
Traceback (most recent call last):
  File "C:\Users\initd\Documents\Projects\BeamNG.Tech Mods\BeamNG-LiDAR-BEV\src\beamng_lidar_bev\worker.py", line 1461, in _poll_actor_observations
    states = self._bng.vehicles.get_states(actor_ids)
             ^^^^^^^^^^^^^^^^^^^^^^^^^^^^^^^^^^^^^^^^
  File "C:\Users\initd\AppData\Local\Programs\Python\Python311\Lib\site-packages\beamngpy\api\beamng\vehicles.py", line 222, in get_states
    resp = self._send(data).recv("ScenarioUpdate")
           ^^^^^^^^^^^^^^^^^^^^^^^^^^^^^^^^^^^^^^^
  File "C:\Users\initd\AppData\Local\Programs\Python\Python311\Lib\site-packages\beamngpy\connection\connection.py", line 298, in recv
    raise message
beamngpy.logging.BNGError: The request was not handled by BeamNG.tech. This can mean:
- an incompatible version of BeamNG.tech/BeamNGpy
- an internal error in BeamNG.tech
- incorrectly implemented custom command
2026-08-08 23:01:24,811 INFO beamng_lidar_bev.worker: AEB: BRAKING at 43.4 km/h | threat 11.4 m (brake-now 12.1, standoff 2.1, horizon 22.1) | required 7.8 m/s^2 ttc 0.77s | k -0.0002 brake 1.00 | Impact in 0.8 s; full brake
2026-08-08 23:01:24,826 WARNING beamng_lidar_bev.worker: Actor pose enrichment unavailable
Traceback (most recent call last):
  File "C:\Users\initd\Documents\Projects\BeamNG.Tech Mods\BeamNG-LiDAR-BEV\src\beamng_lidar_bev\worker.py", line 1461, in _poll_actor_observations
    states = self._bng.vehicles.get_states(actor_ids)
             ^^^^^^^^^^^^^^^^^^^^^^^^^^^^^^^^^^^^^^^^
  File "C:\Users\initd\AppData\Local\Programs\Python\Python311\Lib\site-packages\beamngpy\api\beamng\vehicles.py", line 222, in get_states
    resp = self._send(data).recv("ScenarioUpdate")
           ^^^^^^^^^^^^^^^^^^^^^^^^^^^^^^^^^^^^^^^
  File "C:\Users\initd\AppData\Local\Programs\Python\Python311\Lib\site-packages\beamngpy\connection\connection.py", line 298, in recv
    raise message
beamngpy.logging.BNGError: The request was not handled by BeamNG.tech. This can mean:
- an incompatible version of BeamNG.tech/BeamNGpy
- an internal error in BeamNG.tech
- incorrectly implemented custom command
2026-08-08 23:01:24,838 INFO beamng_lidar_bev.main_window: 3D scene build is over budget at 74.0 ms (tick is 40 ms), so WORLD is dropping frames. Control and AEB are unaffected -- they run on the BeamNG thread.
2026-08-08 23:01:24,946 WARNING beamng_lidar_bev.worker: Actor pose enrichment unavailable
Traceback (most recent call last):
  File "C:\Users\initd\Documents\Projects\BeamNG.Tech Mods\BeamNG-LiDAR-BEV\src\beamng_lidar_bev\worker.py", line 1461, in _poll_actor_observations
    states = self._bng.vehicles.get_states(actor_ids)
             ^^^^^^^^^^^^^^^^^^^^^^^^^^^^^^^^^^^^^^^^
  File "C:\Users\initd\AppData\Local\Programs\Python\Python311\Lib\site-packages\beamngpy\api\beamng\vehicles.py", line 222, in get_states
    resp = self._send(data).recv("ScenarioUpdate")
           ^^^^^^^^^^^^^^^^^^^^^^^^^^^^^^^^^^^^^^^
  File "C:\Users\initd\AppData\Local\Programs\Python\Python311\Lib\site-packages\beamngpy\connection\connection.py", line 298, in recv
    raise message
beamngpy.logging.BNGError: The request was not handled by BeamNG.tech. This can mean:
- an incompatible version of BeamNG.tech/BeamNGpy
- an internal error in BeamNG.tech
- incorrectly implemented custom command
2026-08-08 23:01:25,096 WARNING beamng_lidar_bev.worker: Actor pose enrichment unavailable
Traceback (most recent call last):
  File "C:\Users\initd\Documents\Projects\BeamNG.Tech Mods\BeamNG-LiDAR-BEV\src\beamng_lidar_bev\worker.py", line 1461, in _poll_actor_observations
    states = self._bng.vehicles.get_states(actor_ids)
             ^^^^^^^^^^^^^^^^^^^^^^^^^^^^^^^^^^^^^^^^
  File "C:\Users\initd\AppData\Local\Programs\Python\Python311\Lib\site-packages\beamngpy\api\beamng\vehicles.py", line 222, in get_states
    resp = self._send(data).recv("ScenarioUpdate")
           ^^^^^^^^^^^^^^^^^^^^^^^^^^^^^^^^^^^^^^^
  File "C:\Users\initd\AppData\Local\Programs\Python\Python311\Lib\site-packages\beamngpy\connection\connection.py", line 298, in recv
    raise message
beamngpy.logging.BNGError: The request was not handled by BeamNG.tech. This can mean:
- an incompatible version of BeamNG.tech/BeamNGpy
- an internal error in BeamNG.tech
- incorrectly implemented custom command
2026-08-08 23:01:25,271 WARNING beamng_lidar_bev.worker: Actor pose enrichment unavailable
Traceback (most recent call last):
  File "C:\Users\initd\Documents\Projects\BeamNG.Tech Mods\BeamNG-LiDAR-BEV\src\beamng_lidar_bev\worker.py", line 1461, in _poll_actor_observations
    states = self._bng.vehicles.get_states(actor_ids)
             ^^^^^^^^^^^^^^^^^^^^^^^^^^^^^^^^^^^^^^^^
  File "C:\Users\initd\AppData\Local\Programs\Python\Python311\Lib\site-packages\beamngpy\api\beamng\vehicles.py", line 222, in get_states
    resp = self._send(data).recv("ScenarioUpdate")
           ^^^^^^^^^^^^^^^^^^^^^^^^^^^^^^^^^^^^^^^
  File "C:\Users\initd\AppData\Local\Programs\Python\Python311\Lib\site-packages\beamngpy\connection\connection.py", line 298, in recv
    raise message
beamngpy.logging.BNGError: The request was not handled by BeamNG.tech. This can mean:
- an incompatible version of BeamNG.tech/BeamNGpy
- an internal error in BeamNG.tech
- incorrectly implemented custom command
2026-08-08 23:01:25,325 WARNING beamng_lidar_bev.worker: Actor pose enrichment unavailable
Traceback (most recent call last):
  File "C:\Users\initd\Documents\Projects\BeamNG.Tech Mods\BeamNG-LiDAR-BEV\src\beamng_lidar_bev\worker.py", line 1461, in _poll_actor_observations
    states = self._bng.vehicles.get_states(actor_ids)
             ^^^^^^^^^^^^^^^^^^^^^^^^^^^^^^^^^^^^^^^^
  File "C:\Users\initd\AppData\Local\Programs\Python\Python311\Lib\site-packages\beamngpy\api\beamng\vehicles.py", line 222, in get_states
    resp = self._send(data).recv("ScenarioUpdate")
           ^^^^^^^^^^^^^^^^^^^^^^^^^^^^^^^^^^^^^^^
  File "C:\Users\initd\AppData\Local\Programs\Python\Python311\Lib\site-packages\beamngpy\connection\connection.py", line 298, in recv
    raise message
beamngpy.logging.BNGError: The request was not handled by BeamNG.tech. This can mean:
- an incompatible version of BeamNG.tech/BeamNGpy
- an internal error in BeamNG.tech
- incorrectly implemented custom command
2026-08-08 23:01:25,464 WARNING beamng_lidar_bev.worker: Actor pose enrichment unavailable
Traceback (most recent call last):
  File "C:\Users\initd\Documents\Projects\BeamNG.Tech Mods\BeamNG-LiDAR-BEV\src\beamng_lidar_bev\worker.py", line 1461, in _poll_actor_observations
    states = self._bng.vehicles.get_states(actor_ids)
             ^^^^^^^^^^^^^^^^^^^^^^^^^^^^^^^^^^^^^^^^
  File "C:\Users\initd\AppData\Local\Programs\Python\Python311\Lib\site-packages\beamngpy\api\beamng\vehicles.py", line 222, in get_states
    resp = self._send(data).recv("ScenarioUpdate")
           ^^^^^^^^^^^^^^^^^^^^^^^^^^^^^^^^^^^^^^^
  File "C:\Users\initd\AppData\Local\Programs\Python\Python311\Lib\site-packages\beamngpy\connection\connection.py", line 298, in recv
    raise message
beamngpy.logging.BNGError: The request was not handled by BeamNG.tech. This can mean:
- an incompatible version of BeamNG.tech/BeamNGpy
- an internal error in BeamNG.tech
- incorrectly implemented custom command
2026-08-08 23:01:25,605 WARNING beamng_lidar_bev.worker: Actor pose enrichment unavailable
Traceback (most recent call last):
  File "C:\Users\initd\Documents\Projects\BeamNG.Tech Mods\BeamNG-LiDAR-BEV\src\beamng_lidar_bev\worker.py", line 1461, in _poll_actor_observations
    states = self._bng.vehicles.get_states(actor_ids)
             ^^^^^^^^^^^^^^^^^^^^^^^^^^^^^^^^^^^^^^^^
  File "C:\Users\initd\AppData\Local\Programs\Python\Python311\Lib\site-packages\beamngpy\api\beamng\vehicles.py", line 222, in get_states
    resp = self._send(data).recv("ScenarioUpdate")
           ^^^^^^^^^^^^^^^^^^^^^^^^^^^^^^^^^^^^^^^
  File "C:\Users\initd\AppData\Local\Programs\Python\Python311\Lib\site-packages\beamngpy\connection\connection.py", line 298, in recv
    raise message
beamngpy.logging.BNGError: The request was not handled by BeamNG.tech. This can mean:
- an incompatible version of BeamNG.tech/BeamNGpy
- an internal error in BeamNG.tech
- incorrectly implemented custom command
2026-08-08 23:01:25,748 WARNING beamng_lidar_bev.worker: Actor pose enrichment unavailable
Traceback (most recent call last):
  File "C:\Users\initd\Documents\Projects\BeamNG.Tech Mods\BeamNG-LiDAR-BEV\src\beamng_lidar_bev\worker.py", line 1461, in _poll_actor_observations
    states = self._bng.vehicles.get_states(actor_ids)
             ^^^^^^^^^^^^^^^^^^^^^^^^^^^^^^^^^^^^^^^^
  File "C:\Users\initd\AppData\Local\Programs\Python\Python311\Lib\site-packages\beamngpy\api\beamng\vehicles.py", line 222, in get_states
    resp = self._send(data).recv("ScenarioUpdate")
           ^^^^^^^^^^^^^^^^^^^^^^^^^^^^^^^^^^^^^^^
  File "C:\Users\initd\AppData\Local\Programs\Python\Python311\Lib\site-packages\beamngpy\connection\connection.py", line 298, in recv
    raise message
beamngpy.logging.BNGError: The request was not handled by BeamNG.tech. This can mean:
- an incompatible version of BeamNG.tech/BeamNGpy
- an internal error in BeamNG.tech
- incorrectly implemented custom command
2026-08-08 23:01:25,887 WARNING beamng_lidar_bev.worker: Actor pose enrichment unavailable
Traceback (most recent call last):
  File "C:\Users\initd\Documents\Projects\BeamNG.Tech Mods\BeamNG-LiDAR-BEV\src\beamng_lidar_bev\worker.py", line 1461, in _poll_actor_observations
    states = self._bng.vehicles.get_states(actor_ids)
             ^^^^^^^^^^^^^^^^^^^^^^^^^^^^^^^^^^^^^^^^
  File "C:\Users\initd\AppData\Local\Programs\Python\Python311\Lib\site-packages\beamngpy\api\beamng\vehicles.py", line 222, in get_states
    resp = self._send(data).recv("ScenarioUpdate")
           ^^^^^^^^^^^^^^^^^^^^^^^^^^^^^^^^^^^^^^^
  File "C:\Users\initd\AppData\Local\Programs\Python\Python311\Lib\site-packages\beamngpy\connection\connection.py", line 298, in recv
    raise message
beamngpy.logging.BNGError: The request was not handled by BeamNG.tech. This can mean:
- an incompatible version of BeamNG.tech/BeamNGpy
- an internal error in BeamNG.tech
- incorrectly implemented custom command
2026-08-08 23:01:26,023 WARNING beamng_lidar_bev.worker: Actor pose enrichment unavailable
Traceback (most recent call last):
  File "C:\Users\initd\Documents\Projects\BeamNG.Tech Mods\BeamNG-LiDAR-BEV\src\beamng_lidar_bev\worker.py", line 1461, in _poll_actor_observations
    states = self._bng.vehicles.get_states(actor_ids)
             ^^^^^^^^^^^^^^^^^^^^^^^^^^^^^^^^^^^^^^^^
  File "C:\Users\initd\AppData\Local\Programs\Python\Python311\Lib\site-packages\beamngpy\api\beamng\vehicles.py", line 222, in get_states
    resp = self._send(data).recv("ScenarioUpdate")
           ^^^^^^^^^^^^^^^^^^^^^^^^^^^^^^^^^^^^^^^
  File "C:\Users\initd\AppData\Local\Programs\Python\Python311\Lib\site-packages\beamngpy\connection\connection.py", line 298, in recv
    raise message
beamngpy.logging.BNGError: The request was not handled by BeamNG.tech. This can mean:
- an incompatible version of BeamNG.tech/BeamNGpy
- an internal error in BeamNG.tech
- incorrectly implemented custom command
2026-08-08 23:01:26,171 WARNING beamng_lidar_bev.worker: Actor pose enrichment unavailable
Traceback (most recent call last):
  File "C:\Users\initd\Documents\Projects\BeamNG.Tech Mods\BeamNG-LiDAR-BEV\src\beamng_lidar_bev\worker.py", line 1461, in _poll_actor_observations
    states = self._bng.vehicles.get_states(actor_ids)
             ^^^^^^^^^^^^^^^^^^^^^^^^^^^^^^^^^^^^^^^^
  File "C:\Users\initd\AppData\Local\Programs\Python\Python311\Lib\site-packages\beamngpy\api\beamng\vehicles.py", line 222, in get_states
    resp = self._send(data).recv("ScenarioUpdate")
           ^^^^^^^^^^^^^^^^^^^^^^^^^^^^^^^^^^^^^^^
  File "C:\Users\initd\AppData\Local\Programs\Python\Python311\Lib\site-packages\beamngpy\connection\connection.py", line 298, in recv
    raise message
beamngpy.logging.BNGError: The request was not handled by BeamNG.tech. This can mean:
- an incompatible version of BeamNG.tech/BeamNGpy
- an internal error in BeamNG.tech
- incorrectly implemented custom command
2026-08-08 23:01:26,363 WARNING beamng_lidar_bev.worker: Actor pose enrichment unavailable
Traceback (most recent call last):
  File "C:\Users\initd\Documents\Projects\BeamNG.Tech Mods\BeamNG-LiDAR-BEV\src\beamng_lidar_bev\worker.py", line 1461, in _poll_actor_observations
    states = self._bng.vehicles.get_states(actor_ids)
             ^^^^^^^^^^^^^^^^^^^^^^^^^^^^^^^^^^^^^^^^
  File "C:\Users\initd\AppData\Local\Programs\Python\Python311\Lib\site-packages\beamngpy\api\beamng\vehicles.py", line 222, in get_states
    resp = self._send(data).recv("ScenarioUpdate")
           ^^^^^^^^^^^^^^^^^^^^^^^^^^^^^^^^^^^^^^^
  File "C:\Users\initd\AppData\Local\Programs\Python\Python311\Lib\site-packages\beamngpy\connection\connection.py", line 298, in recv
    raise message
beamngpy.logging.BNGError: The request was not handled by BeamNG.tech. This can mean:
- an incompatible version of BeamNG.tech/BeamNGpy
- an internal error in BeamNG.tech
- incorrectly implemented custom command
2026-08-08 23:01:26,489 WARNING beamng_lidar_bev.worker: Actor pose enrichment unavailable
Traceback (most recent call last):
  File "C:\Users\initd\Documents\Projects\BeamNG.Tech Mods\BeamNG-LiDAR-BEV\src\beamng_lidar_bev\worker.py", line 1461, in _poll_actor_observations
    states = self._bng.vehicles.get_states(actor_ids)
             ^^^^^^^^^^^^^^^^^^^^^^^^^^^^^^^^^^^^^^^^
  File "C:\Users\initd\AppData\Local\Programs\Python\Python311\Lib\site-packages\beamngpy\api\beamng\vehicles.py", line 222, in get_states
    resp = self._send(data).recv("ScenarioUpdate")
           ^^^^^^^^^^^^^^^^^^^^^^^^^^^^^^^^^^^^^^^
  File "C:\Users\initd\AppData\Local\Programs\Python\Python311\Lib\site-packages\beamngpy\connection\connection.py", line 298, in recv
    raise message
beamngpy.logging.BNGError: The request was not handled by BeamNG.tech. This can mean:
- an incompatible version of BeamNG.tech/BeamNGpy
- an internal error in BeamNG.tech
- incorrectly implemented custom command
2026-08-08 23:01:26,627 WARNING beamng_lidar_bev.worker: Actor pose enrichment unavailable
Traceback (most recent call last):
  File "C:\Users\initd\Documents\Projects\BeamNG.Tech Mods\BeamNG-LiDAR-BEV\src\beamng_lidar_bev\worker.py", line 1461, in _poll_actor_observations
    states = self._bng.vehicles.get_states(actor_ids)
             ^^^^^^^^^^^^^^^^^^^^^^^^^^^^^^^^^^^^^^^^
  File "C:\Users\initd\AppData\Local\Programs\Python\Python311\Lib\site-packages\beamngpy\api\beamng\vehicles.py", line 222, in get_states
    resp = self._send(data).recv("ScenarioUpdate")
           ^^^^^^^^^^^^^^^^^^^^^^^^^^^^^^^^^^^^^^^
  File "C:\Users\initd\AppData\Local\Programs\Python\Python311\Lib\site-packages\beamngpy\connection\connection.py", line 298, in recv
    raise message
beamngpy.logging.BNGError: The request was not handled by BeamNG.tech. This can mean:
- an incompatible version of BeamNG.tech/BeamNGpy
- an internal error in BeamNG.tech
- incorrectly implemented custom command
2026-08-08 23:01:26,748 WARNING beamng_lidar_bev.worker: Actor pose enrichment unavailable
Traceback (most recent call last):
  File "C:\Users\initd\Documents\Projects\BeamNG.Tech Mods\BeamNG-LiDAR-BEV\src\beamng_lidar_bev\worker.py", line 1461, in _poll_actor_observations
    states = self._bng.vehicles.get_states(actor_ids)
             ^^^^^^^^^^^^^^^^^^^^^^^^^^^^^^^^^^^^^^^^
  File "C:\Users\initd\AppData\Local\Programs\Python\Python311\Lib\site-packages\beamngpy\api\beamng\vehicles.py", line 222, in get_states
    resp = self._send(data).recv("ScenarioUpdate")
           ^^^^^^^^^^^^^^^^^^^^^^^^^^^^^^^^^^^^^^^
  File "C:\Users\initd\AppData\Local\Programs\Python\Python311\Lib\site-packages\beamngpy\connection\connection.py", line 298, in recv
    raise message
beamngpy.logging.BNGError: The request was not handled by BeamNG.tech. This can mean:
- an incompatible version of BeamNG.tech/BeamNGpy
- an internal error in BeamNG.tech
- incorrectly implemented custom command
2026-08-08 23:01:26,849 WARNING beamng_lidar_bev.worker: Actor pose enrichment unavailable
Traceback (most recent call last):
  File "C:\Users\initd\Documents\Projects\BeamNG.Tech Mods\BeamNG-LiDAR-BEV\src\beamng_lidar_bev\worker.py", line 1461, in _poll_actor_observations
    states = self._bng.vehicles.get_states(actor_ids)
             ^^^^^^^^^^^^^^^^^^^^^^^^^^^^^^^^^^^^^^^^
  File "C:\Users\initd\AppData\Local\Programs\Python\Python311\Lib\site-packages\beamngpy\api\beamng\vehicles.py", line 222, in get_states
    resp = self._send(data).recv("ScenarioUpdate")
           ^^^^^^^^^^^^^^^^^^^^^^^^^^^^^^^^^^^^^^^
  File "C:\Users\initd\AppData\Local\Programs\Python\Python311\Lib\site-packages\beamngpy\connection\connection.py", line 298, in recv
    raise message
beamngpy.logging.BNGError: The request was not handled by BeamNG.tech. This can mean:
- an incompatible version of BeamNG.tech/BeamNGpy
- an internal error in BeamNG.tech
- incorrectly implemented custom command
2026-08-08 23:01:27,009 WARNING beamng_lidar_bev.worker: Actor pose enrichment unavailable
Traceback (most recent call last):
  File "C:\Users\initd\Documents\Projects\BeamNG.Tech Mods\BeamNG-LiDAR-BEV\src\beamng_lidar_bev\worker.py", line 1461, in _poll_actor_observations
    states = self._bng.vehicles.get_states(actor_ids)
             ^^^^^^^^^^^^^^^^^^^^^^^^^^^^^^^^^^^^^^^^
  File "C:\Users\initd\AppData\Local\Programs\Python\Python311\Lib\site-packages\beamngpy\api\beamng\vehicles.py", line 222, in get_states
    resp = self._send(data).recv("ScenarioUpdate")
           ^^^^^^^^^^^^^^^^^^^^^^^^^^^^^^^^^^^^^^^
  File "C:\Users\initd\AppData\Local\Programs\Python\Python311\Lib\site-packages\beamngpy\connection\connection.py", line 298, in recv
    raise message
beamngpy.logging.BNGError: The request was not handled by BeamNG.tech. This can mean:
- an incompatible version of BeamNG.tech/BeamNGpy
- an internal error in BeamNG.tech
- incorrectly implemented custom command
2026-08-08 23:01:27,147 WARNING beamng_lidar_bev.worker: Actor pose enrichment unavailable
Traceback (most recent call last):
  File "C:\Users\initd\Documents\Projects\BeamNG.Tech Mods\BeamNG-LiDAR-BEV\src\beamng_lidar_bev\worker.py", line 1461, in _poll_actor_observations
    states = self._bng.vehicles.get_states(actor_ids)
             ^^^^^^^^^^^^^^^^^^^^^^^^^^^^^^^^^^^^^^^^
  File "C:\Users\initd\AppData\Local\Programs\Python\Python311\Lib\site-packages\beamngpy\api\beamng\vehicles.py", line 222, in get_states
    resp = self._send(data).recv("ScenarioUpdate")
           ^^^^^^^^^^^^^^^^^^^^^^^^^^^^^^^^^^^^^^^
  File "C:\Users\initd\AppData\Local\Programs\Python\Python311\Lib\site-packages\beamngpy\connection\connection.py", line 298, in recv
    raise message
beamngpy.logging.BNGError: The request was not handled by BeamNG.tech. This can mean:
- an incompatible version of BeamNG.tech/BeamNGpy
- an internal error in BeamNG.tech
- incorrectly implemented custom command
2026-08-08 23:01:27,319 WARNING beamng_lidar_bev.worker: Actor pose enrichment unavailable
Traceback (most recent call last):
  File "C:\Users\initd\Documents\Projects\BeamNG.Tech Mods\BeamNG-LiDAR-BEV\src\beamng_lidar_bev\worker.py", line 1461, in _poll_actor_observations
    states = self._bng.vehicles.get_states(actor_ids)
             ^^^^^^^^^^^^^^^^^^^^^^^^^^^^^^^^^^^^^^^^
  File "C:\Users\initd\AppData\Local\Programs\Python\Python311\Lib\site-packages\beamngpy\api\beamng\vehicles.py", line 222, in get_states
    resp = self._send(data).recv("ScenarioUpdate")
           ^^^^^^^^^^^^^^^^^^^^^^^^^^^^^^^^^^^^^^^
  File "C:\Users\initd\AppData\Local\Programs\Python\Python311\Lib\site-packages\beamngpy\connection\connection.py", line 298, in recv
    raise message
beamngpy.logging.BNGError: The request was not handled by BeamNG.tech. This can mean:
- an incompatible version of BeamNG.tech/BeamNGpy
- an internal error in BeamNG.tech
- incorrectly implemented custom command
2026-08-08 23:01:27,394 WARNING beamng_lidar_bev.worker: Actor pose enrichment unavailable
Traceback (most recent call last):
  File "C:\Users\initd\Documents\Projects\BeamNG.Tech Mods\BeamNG-LiDAR-BEV\src\beamng_lidar_bev\worker.py", line 1461, in _poll_actor_observations
    states = self._bng.vehicles.get_states(actor_ids)
             ^^^^^^^^^^^^^^^^^^^^^^^^^^^^^^^^^^^^^^^^
  File "C:\Users\initd\AppData\Local\Programs\Python\Python311\Lib\site-packages\beamngpy\api\beamng\vehicles.py", line 222, in get_states
    resp = self._send(data).recv("ScenarioUpdate")
           ^^^^^^^^^^^^^^^^^^^^^^^^^^^^^^^^^^^^^^^
  File "C:\Users\initd\AppData\Local\Programs\Python\Python311\Lib\site-packages\beamngpy\connection\connection.py", line 298, in recv
    raise message
beamngpy.logging.BNGError: The request was not handled by BeamNG.tech. This can mean:
- an incompatible version of BeamNG.tech/BeamNGpy
- an internal error in BeamNG.tech
- incorrectly implemented custom command
2026-08-08 23:01:27,544 WARNING beamng_lidar_bev.worker: Actor pose enrichment unavailable
Traceback (most recent call last):
  File "C:\Users\initd\Documents\Projects\BeamNG.Tech Mods\BeamNG-LiDAR-BEV\src\beamng_lidar_bev\worker.py", line 1461, in _poll_actor_observations
    states = self._bng.vehicles.get_states(actor_ids)
             ^^^^^^^^^^^^^^^^^^^^^^^^^^^^^^^^^^^^^^^^
  File "C:\Users\initd\AppData\Local\Programs\Python\Python311\Lib\site-packages\beamngpy\api\beamng\vehicles.py", line 222, in get_states
    resp = self._send(data).recv("ScenarioUpdate")
           ^^^^^^^^^^^^^^^^^^^^^^^^^^^^^^^^^^^^^^^
  File "C:\Users\initd\AppData\Local\Programs\Python\Python311\Lib\site-packages\beamngpy\connection\connection.py", line 298, in recv
    raise message
beamngpy.logging.BNGError: The request was not handled by BeamNG.tech. This can mean:
- an incompatible version of BeamNG.tech/BeamNGpy
- an internal error in BeamNG.tech
- incorrectly implemented custom command
2026-08-08 23:01:27,701 WARNING beamng_lidar_bev.worker: Actor pose enrichment unavailable
Traceback (most recent call last):
  File "C:\Users\initd\Documents\Projects\BeamNG.Tech Mods\BeamNG-LiDAR-BEV\src\beamng_lidar_bev\worker.py", line 1461, in _poll_actor_observations
    states = self._bng.vehicles.get_states(actor_ids)
             ^^^^^^^^^^^^^^^^^^^^^^^^^^^^^^^^^^^^^^^^
  File "C:\Users\initd\AppData\Local\Programs\Python\Python311\Lib\site-packages\beamngpy\api\beamng\vehicles.py", line 222, in get_states
    resp = self._send(data).recv("ScenarioUpdate")
           ^^^^^^^^^^^^^^^^^^^^^^^^^^^^^^^^^^^^^^^
  File "C:\Users\initd\AppData\Local\Programs\Python\Python311\Lib\site-packages\beamngpy\connection\connection.py", line 298, in recv
    raise message
beamngpy.logging.BNGError: The request was not handled by BeamNG.tech. This can mean:
- an incompatible version of BeamNG.tech/BeamNGpy
- an internal error in BeamNG.tech
- incorrectly implemented custom command
2026-08-08 23:01:27,852 WARNING beamng_lidar_bev.worker: Actor pose enrichment unavailable
Traceback (most recent call last):
  File "C:\Users\initd\Documents\Projects\BeamNG.Tech Mods\BeamNG-LiDAR-BEV\src\beamng_lidar_bev\worker.py", line 1461, in _poll_actor_observations
    states = self._bng.vehicles.get_states(actor_ids)
             ^^^^^^^^^^^^^^^^^^^^^^^^^^^^^^^^^^^^^^^^
  File "C:\Users\initd\AppData\Local\Programs\Python\Python311\Lib\site-packages\beamngpy\api\beamng\vehicles.py", line 222, in get_states
    resp = self._send(data).recv("ScenarioUpdate")
           ^^^^^^^^^^^^^^^^^^^^^^^^^^^^^^^^^^^^^^^
  File "C:\Users\initd\AppData\Local\Programs\Python\Python311\Lib\site-packages\beamngpy\connection\connection.py", line 298, in recv
    raise message
beamngpy.logging.BNGError: The request was not handled by BeamNG.tech. This can mean:
- an incompatible version of BeamNG.tech/BeamNGpy
- an internal error in BeamNG.tech
- incorrectly implemented custom command
2026-08-08 23:01:28,017 WARNING beamng_lidar_bev.worker: Actor pose enrichment unavailable
Traceback (most recent call last):
  File "C:\Users\initd\Documents\Projects\BeamNG.Tech Mods\BeamNG-LiDAR-BEV\src\beamng_lidar_bev\worker.py", line 1461, in _poll_actor_observations
    states = self._bng.vehicles.get_states(actor_ids)
             ^^^^^^^^^^^^^^^^^^^^^^^^^^^^^^^^^^^^^^^^
  File "C:\Users\initd\AppData\Local\Programs\Python\Python311\Lib\site-packages\beamngpy\api\beamng\vehicles.py", line 222, in get_states
    resp = self._send(data).recv("ScenarioUpdate")
           ^^^^^^^^^^^^^^^^^^^^^^^^^^^^^^^^^^^^^^^
  File "C:\Users\initd\AppData\Local\Programs\Python\Python311\Lib\site-packages\beamngpy\connection\connection.py", line 298, in recv
    raise message
beamngpy.logging.BNGError: The request was not handled by BeamNG.tech. This can mean:
- an incompatible version of BeamNG.tech/BeamNGpy
- an internal error in BeamNG.tech
- incorrectly implemented custom command
2026-08-08 23:01:28,168 WARNING beamng_lidar_bev.worker: Actor pose enrichment unavailable
Traceback (most recent call last):
  File "C:\Users\initd\Documents\Projects\BeamNG.Tech Mods\BeamNG-LiDAR-BEV\src\beamng_lidar_bev\worker.py", line 1461, in _poll_actor_observations
    states = self._bng.vehicles.get_states(actor_ids)
             ^^^^^^^^^^^^^^^^^^^^^^^^^^^^^^^^^^^^^^^^
  File "C:\Users\initd\AppData\Local\Programs\Python\Python311\Lib\site-packages\beamngpy\api\beamng\vehicles.py", line 222, in get_states
    resp = self._send(data).recv("ScenarioUpdate")
           ^^^^^^^^^^^^^^^^^^^^^^^^^^^^^^^^^^^^^^^
  File "C:\Users\initd\AppData\Local\Programs\Python\Python311\Lib\site-packages\beamngpy\connection\connection.py", line 298, in recv
    raise message
beamngpy.logging.BNGError: The request was not handled by BeamNG.tech. This can mean:
- an incompatible version of BeamNG.tech/BeamNGpy
- an internal error in BeamNG.tech
- incorrectly implemented custom command
2026-08-08 23:01:28,358 WARNING beamng_lidar_bev.worker: Actor pose enrichment unavailable
Traceback (most recent call last):
  File "C:\Users\initd\Documents\Projects\BeamNG.Tech Mods\BeamNG-LiDAR-BEV\src\beamng_lidar_bev\worker.py", line 1461, in _poll_actor_observations
    states = self._bng.vehicles.get_states(actor_ids)
             ^^^^^^^^^^^^^^^^^^^^^^^^^^^^^^^^^^^^^^^^
  File "C:\Users\initd\AppData\Local\Programs\Python\Python311\Lib\site-packages\beamngpy\api\beamng\vehicles.py", line 222, in get_states
    resp = self._send(data).recv("ScenarioUpdate")
           ^^^^^^^^^^^^^^^^^^^^^^^^^^^^^^^^^^^^^^^
  File "C:\Users\initd\AppData\Local\Programs\Python\Python311\Lib\site-packages\beamngpy\connection\connection.py", line 298, in recv
    raise message
beamngpy.logging.BNGError: The request was not handled by BeamNG.tech. This can mean:
- an incompatible version of BeamNG.tech/BeamNGpy
- an internal error in BeamNG.tech
- incorrectly implemented custom command
2026-08-08 23:01:28,430 WARNING beamng_lidar_bev.worker: Actor pose enrichment unavailable
Traceback (most recent call last):
  File "C:\Users\initd\Documents\Projects\BeamNG.Tech Mods\BeamNG-LiDAR-BEV\src\beamng_lidar_bev\worker.py", line 1461, in _poll_actor_observations
    states = self._bng.vehicles.get_states(actor_ids)
             ^^^^^^^^^^^^^^^^^^^^^^^^^^^^^^^^^^^^^^^^
  File "C:\Users\initd\AppData\Local\Programs\Python\Python311\Lib\site-packages\beamngpy\api\beamng\vehicles.py", line 222, in get_states
    resp = self._send(data).recv("ScenarioUpdate")
           ^^^^^^^^^^^^^^^^^^^^^^^^^^^^^^^^^^^^^^^
  File "C:\Users\initd\AppData\Local\Programs\Python\Python311\Lib\site-packages\beamngpy\connection\connection.py", line 298, in recv
    raise message
beamngpy.logging.BNGError: The request was not handled by BeamNG.tech. This can mean:
- an incompatible version of BeamNG.tech/BeamNGpy
- an internal error in BeamNG.tech
- incorrectly implemented custom command
2026-08-08 23:01:28,573 WARNING beamng_lidar_bev.worker: Actor pose enrichment unavailable
Traceback (most recent call last):
  File "C:\Users\initd\Documents\Projects\BeamNG.Tech Mods\BeamNG-LiDAR-BEV\src\beamng_lidar_bev\worker.py", line 1461, in _poll_actor_observations
    states = self._bng.vehicles.get_states(actor_ids)
             ^^^^^^^^^^^^^^^^^^^^^^^^^^^^^^^^^^^^^^^^
  File "C:\Users\initd\AppData\Local\Programs\Python\Python311\Lib\site-packages\beamngpy\api\beamng\vehicles.py", line 222, in get_states
    resp = self._send(data).recv("ScenarioUpdate")
           ^^^^^^^^^^^^^^^^^^^^^^^^^^^^^^^^^^^^^^^
  File "C:\Users\initd\AppData\Local\Programs\Python\Python311\Lib\site-packages\beamngpy\connection\connection.py", line 298, in recv
    raise message
beamngpy.logging.BNGError: The request was not handled by BeamNG.tech. This can mean:
- an incompatible version of BeamNG.tech/BeamNGpy
- an internal error in BeamNG.tech
- incorrectly implemented custom command
2026-08-08 23:01:28,725 WARNING beamng_lidar_bev.worker: Actor pose enrichment unavailable
Traceback (most recent call last):
  File "C:\Users\initd\Documents\Projects\BeamNG.Tech Mods\BeamNG-LiDAR-BEV\src\beamng_lidar_bev\worker.py", line 1461, in _poll_actor_observations
    states = self._bng.vehicles.get_states(actor_ids)
             ^^^^^^^^^^^^^^^^^^^^^^^^^^^^^^^^^^^^^^^^
  File "C:\Users\initd\AppData\Local\Programs\Python\Python311\Lib\site-packages\beamngpy\api\beamng\vehicles.py", line 222, in get_states
    resp = self._send(data).recv("ScenarioUpdate")
           ^^^^^^^^^^^^^^^^^^^^^^^^^^^^^^^^^^^^^^^
  File "C:\Users\initd\AppData\Local\Programs\Python\Python311\Lib\site-packages\beamngpy\connection\connection.py", line 298, in recv
    raise message
beamngpy.logging.BNGError: The request was not handled by BeamNG.tech. This can mean:
- an incompatible version of BeamNG.tech/BeamNGpy
- an internal error in BeamNG.tech
- incorrectly implemented custom command
2026-08-08 23:01:28,873 WARNING beamng_lidar_bev.worker: Actor pose enrichment unavailable
Traceback (most recent call last):
  File "C:\Users\initd\Documents\Projects\BeamNG.Tech Mods\BeamNG-LiDAR-BEV\src\beamng_lidar_bev\worker.py", line 1461, in _poll_actor_observations
    states = self._bng.vehicles.get_states(actor_ids)
             ^^^^^^^^^^^^^^^^^^^^^^^^^^^^^^^^^^^^^^^^
  File "C:\Users\initd\AppData\Local\Programs\Python\Python311\Lib\site-packages\beamngpy\api\beamng\vehicles.py", line 222, in get_states
    resp = self._send(data).recv("ScenarioUpdate")
           ^^^^^^^^^^^^^^^^^^^^^^^^^^^^^^^^^^^^^^^
  File "C:\Users\initd\AppData\Local\Programs\Python\Python311\Lib\site-packages\beamngpy\connection\connection.py", line 298, in recv
    raise message
beamngpy.logging.BNGError: The request was not handled by BeamNG.tech. This can mean:
- an incompatible version of BeamNG.tech/BeamNGpy
- an internal error in BeamNG.tech
- incorrectly implemented custom command
2026-08-08 23:01:29,010 WARNING beamng_lidar_bev.worker: Actor pose enrichment unavailable
Traceback (most recent call last):
  File "C:\Users\initd\Documents\Projects\BeamNG.Tech Mods\BeamNG-LiDAR-BEV\src\beamng_lidar_bev\worker.py", line 1461, in _poll_actor_observations
    states = self._bng.vehicles.get_states(actor_ids)
             ^^^^^^^^^^^^^^^^^^^^^^^^^^^^^^^^^^^^^^^^
  File "C:\Users\initd\AppData\Local\Programs\Python\Python311\Lib\site-packages\beamngpy\api\beamng\vehicles.py", line 222, in get_states
    resp = self._send(data).recv("ScenarioUpdate")
           ^^^^^^^^^^^^^^^^^^^^^^^^^^^^^^^^^^^^^^^
  File "C:\Users\initd\AppData\Local\Programs\Python\Python311\Lib\site-packages\beamngpy\connection\connection.py", line 298, in recv
    raise message
beamngpy.logging.BNGError: The request was not handled by BeamNG.tech. This can mean:
- an incompatible version of BeamNG.tech/BeamNGpy
- an internal error in BeamNG.tech
- incorrectly implemented custom command
2026-08-08 23:01:29,174 WARNING beamng_lidar_bev.worker: Actor pose enrichment unavailable
Traceback (most recent call last):
  File "C:\Users\initd\Documents\Projects\BeamNG.Tech Mods\BeamNG-LiDAR-BEV\src\beamng_lidar_bev\worker.py", line 1461, in _poll_actor_observations
    states = self._bng.vehicles.get_states(actor_ids)
             ^^^^^^^^^^^^^^^^^^^^^^^^^^^^^^^^^^^^^^^^
  File "C:\Users\initd\AppData\Local\Programs\Python\Python311\Lib\site-packages\beamngpy\api\beamng\vehicles.py", line 222, in get_states
    resp = self._send(data).recv("ScenarioUpdate")
           ^^^^^^^^^^^^^^^^^^^^^^^^^^^^^^^^^^^^^^^
  File "C:\Users\initd\AppData\Local\Programs\Python\Python311\Lib\site-packages\beamngpy\connection\connection.py", line 298, in recv
    raise message
beamngpy.logging.BNGError: The request was not handled by BeamNG.tech. This can mean:
- an incompatible version of BeamNG.tech/BeamNGpy
- an internal error in BeamNG.tech
- incorrectly implemented custom command
2026-08-08 23:01:29,373 WARNING beamng_lidar_bev.worker: Actor pose enrichment unavailable
Traceback (most recent call last):
  File "C:\Users\initd\Documents\Projects\BeamNG.Tech Mods\BeamNG-LiDAR-BEV\src\beamng_lidar_bev\worker.py", line 1461, in _poll_actor_observations
    states = self._bng.vehicles.get_states(actor_ids)
             ^^^^^^^^^^^^^^^^^^^^^^^^^^^^^^^^^^^^^^^^
  File "C:\Users\initd\AppData\Local\Programs\Python\Python311\Lib\site-packages\beamngpy\api\beamng\vehicles.py", line 222, in get_states
    resp = self._send(data).recv("ScenarioUpdate")
           ^^^^^^^^^^^^^^^^^^^^^^^^^^^^^^^^^^^^^^^
  File "C:\Users\initd\AppData\Local\Programs\Python\Python311\Lib\site-packages\beamngpy\connection\connection.py", line 298, in recv
    raise message
beamngpy.logging.BNGError: The request was not handled by BeamNG.tech. This can mean:
- an incompatible version of BeamNG.tech/BeamNGpy
- an internal error in BeamNG.tech
- incorrectly implemented custom command
2026-08-08 23:01:29,448 WARNING beamng_lidar_bev.worker: Actor pose enrichment unavailable
Traceback (most recent call last):
  File "C:\Users\initd\Documents\Projects\BeamNG.Tech Mods\BeamNG-LiDAR-BEV\src\beamng_lidar_bev\worker.py", line 1461, in _poll_actor_observations
    states = self._bng.vehicles.get_states(actor_ids)
             ^^^^^^^^^^^^^^^^^^^^^^^^^^^^^^^^^^^^^^^^
  File "C:\Users\initd\AppData\Local\Programs\Python\Python311\Lib\site-packages\beamngpy\api\beamng\vehicles.py", line 222, in get_states
    resp = self._send(data).recv("ScenarioUpdate")
           ^^^^^^^^^^^^^^^^^^^^^^^^^^^^^^^^^^^^^^^
  File "C:\Users\initd\AppData\Local\Programs\Python\Python311\Lib\site-packages\beamngpy\connection\connection.py", line 298, in recv
    raise message
beamngpy.logging.BNGError: The request was not handled by BeamNG.tech. This can mean:
- an incompatible version of BeamNG.tech/BeamNGpy
- an internal error in BeamNG.tech
- incorrectly implemented custom command
2026-08-08 23:01:29,586 WARNING beamng_lidar_bev.worker: Actor pose enrichment unavailable
Traceback (most recent call last):
  File "C:\Users\initd\Documents\Projects\BeamNG.Tech Mods\BeamNG-LiDAR-BEV\src\beamng_lidar_bev\worker.py", line 1461, in _poll_actor_observations
    states = self._bng.vehicles.get_states(actor_ids)
             ^^^^^^^^^^^^^^^^^^^^^^^^^^^^^^^^^^^^^^^^
  File "C:\Users\initd\AppData\Local\Programs\Python\Python311\Lib\site-packages\beamngpy\api\beamng\vehicles.py", line 222, in get_states
    resp = self._send(data).recv("ScenarioUpdate")
           ^^^^^^^^^^^^^^^^^^^^^^^^^^^^^^^^^^^^^^^
  File "C:\Users\initd\AppData\Local\Programs\Python\Python311\Lib\site-packages\beamngpy\connection\connection.py", line 298, in recv
    raise message
beamngpy.logging.BNGError: The request was not handled by BeamNG.tech. This can mean:
- an incompatible version of BeamNG.tech/BeamNGpy
- an internal error in BeamNG.tech
- incorrectly implemented custom command
2026-08-08 23:01:29,726 WARNING beamng_lidar_bev.worker: Actor pose enrichment unavailable
Traceback (most recent call last):
  File "C:\Users\initd\Documents\Projects\BeamNG.Tech Mods\BeamNG-LiDAR-BEV\src\beamng_lidar_bev\worker.py", line 1461, in _poll_actor_observations
    states = self._bng.vehicles.get_states(actor_ids)
             ^^^^^^^^^^^^^^^^^^^^^^^^^^^^^^^^^^^^^^^^
  File "C:\Users\initd\AppData\Local\Programs\Python\Python311\Lib\site-packages\beamngpy\api\beamng\vehicles.py", line 222, in get_states
    resp = self._send(data).recv("ScenarioUpdate")
           ^^^^^^^^^^^^^^^^^^^^^^^^^^^^^^^^^^^^^^^
  File "C:\Users\initd\AppData\Local\Programs\Python\Python311\Lib\site-packages\beamngpy\connection\connection.py", line 298, in recv
    raise message
beamngpy.logging.BNGError: The request was not handled by BeamNG.tech. This can mean:
- an incompatible version of BeamNG.tech/BeamNGpy
- an internal error in BeamNG.tech
- incorrectly implemented custom command
2026-08-08 23:01:29,870 WARNING beamng_lidar_bev.worker: Actor pose enrichment unavailable
Traceback (most recent call last):
  File "C:\Users\initd\Documents\Projects\BeamNG.Tech Mods\BeamNG-LiDAR-BEV\src\beamng_lidar_bev\worker.py", line 1461, in _poll_actor_observations
    states = self._bng.vehicles.get_states(actor_ids)
             ^^^^^^^^^^^^^^^^^^^^^^^^^^^^^^^^^^^^^^^^
  File "C:\Users\initd\AppData\Local\Programs\Python\Python311\Lib\site-packages\beamngpy\api\beamng\vehicles.py", line 222, in get_states
    resp = self._send(data).recv("ScenarioUpdate")
           ^^^^^^^^^^^^^^^^^^^^^^^^^^^^^^^^^^^^^^^
  File "C:\Users\initd\AppData\Local\Programs\Python\Python311\Lib\site-packages\beamngpy\connection\connection.py", line 298, in recv
    raise message
beamngpy.logging.BNGError: The request was not handled by BeamNG.tech. This can mean:
- an incompatible version of BeamNG.tech/BeamNGpy
- an internal error in BeamNG.tech
- incorrectly implemented custom command
2026-08-08 23:01:29,914 INFO beamng_lidar_bev.worker: AEB: ARMED at -0.0 km/h | threat 2.0 m (brake-now 2.1, standoff 2.1, horizon 22.1) | required inf m/s^2 ttc 0.00s | k +0.0000 brake 0.00 | Watching an obstacle at 2.0 m (0 m before it acts)
2026-08-08 23:01:29,980 INFO beamng_lidar_bev.worker: AEB: STANDBY at 0.1 km/h | threat none (brake-now 2.1, standoff 2.1, horizon 8.1) | required 0.0 m/s^2 ttc inf | k +0.0000 brake 0.00 | Standing by below 7 km/h
2026-08-08 23:01:29,993 WARNING beamng_lidar_bev.worker: Actor pose enrichment unavailable
Traceback (most recent call last):
  File "C:\Users\initd\Documents\Projects\BeamNG.Tech Mods\BeamNG-LiDAR-BEV\src\beamng_lidar_bev\worker.py", line 1461, in _poll_actor_observations
    states = self._bng.vehicles.get_states(actor_ids)
             ^^^^^^^^^^^^^^^^^^^^^^^^^^^^^^^^^^^^^^^^
  File "C:\Users\initd\AppData\Local\Programs\Python\Python311\Lib\site-packages\beamngpy\api\beamng\vehicles.py", line 222, in get_states
    resp = self._send(data).recv("ScenarioUpdate")
           ^^^^^^^^^^^^^^^^^^^^^^^^^^^^^^^^^^^^^^^
  File "C:\Users\initd\AppData\Local\Programs\Python\Python311\Lib\site-packages\beamngpy\connection\connection.py", line 298, in recv
    raise message
beamngpy.logging.BNGError: The request was not handled by BeamNG.tech. This can mean:
- an incompatible version of BeamNG.tech/BeamNGpy
- an internal error in BeamNG.tech
- incorrectly implemented custom command
2026-08-08 23:01:30,105 WARNING beamng_lidar_bev.worker: Actor pose enrichment unavailable
Traceback (most recent call last):
  File "C:\Users\initd\Documents\Projects\BeamNG.Tech Mods\BeamNG-LiDAR-BEV\src\beamng_lidar_bev\worker.py", line 1461, in _poll_actor_observations
    states = self._bng.vehicles.get_states(actor_ids)
             ^^^^^^^^^^^^^^^^^^^^^^^^^^^^^^^^^^^^^^^^
  File "C:\Users\initd\AppData\Local\Programs\Python\Python311\Lib\site-packages\beamngpy\api\beamng\vehicles.py", line 222, in get_states
    resp = self._send(data).recv("ScenarioUpdate")
           ^^^^^^^^^^^^^^^^^^^^^^^^^^^^^^^^^^^^^^^
  File "C:\Users\initd\AppData\Local\Programs\Python\Python311\Lib\site-packages\beamngpy\connection\connection.py", line 298, in recv
    raise message
beamngpy.logging.BNGError: The request was not handled by BeamNG.tech. This can mean:
- an incompatible version of BeamNG.tech/BeamNGpy
- an internal error in BeamNG.tech
- incorrectly implemented custom command
2026-08-08 23:01:30,215 WARNING beamng_lidar_bev.worker: Actor pose enrichment unavailable
Traceback (most recent call last):
  File "C:\Users\initd\Documents\Projects\BeamNG.Tech Mods\BeamNG-LiDAR-BEV\src\beamng_lidar_bev\worker.py", line 1461, in _poll_actor_observations
    states = self._bng.vehicles.get_states(actor_ids)
             ^^^^^^^^^^^^^^^^^^^^^^^^^^^^^^^^^^^^^^^^
  File "C:\Users\initd\AppData\Local\Programs\Python\Python311\Lib\site-packages\beamngpy\api\beamng\vehicles.py", line 222, in get_states
    resp = self._send(data).recv("ScenarioUpdate")
           ^^^^^^^^^^^^^^^^^^^^^^^^^^^^^^^^^^^^^^^
  File "C:\Users\initd\AppData\Local\Programs\Python\Python311\Lib\site-packages\beamngpy\connection\connection.py", line 298, in recv
    raise message
beamngpy.logging.BNGError: The request was not handled by BeamNG.tech. This can mean:
- an incompatible version of BeamNG.tech/BeamNGpy
- an internal error in BeamNG.tech
- incorrectly implemented custom command
2026-08-08 23:01:30,376 WARNING beamng_lidar_bev.worker: Actor pose enrichment unavailable
Traceback (most recent call last):
  File "C:\Users\initd\Documents\Projects\BeamNG.Tech Mods\BeamNG-LiDAR-BEV\src\beamng_lidar_bev\worker.py", line 1461, in _poll_actor_observations
    states = self._bng.vehicles.get_states(actor_ids)
             ^^^^^^^^^^^^^^^^^^^^^^^^^^^^^^^^^^^^^^^^
  File "C:\Users\initd\AppData\Local\Programs\Python\Python311\Lib\site-packages\beamngpy\api\beamng\vehicles.py", line 222, in get_states
    resp = self._send(data).recv("ScenarioUpdate")
           ^^^^^^^^^^^^^^^^^^^^^^^^^^^^^^^^^^^^^^^
  File "C:\Users\initd\AppData\Local\Programs\Python\Python311\Lib\site-packages\beamngpy\connection\connection.py", line 298, in recv
    raise message
beamngpy.logging.BNGError: The request was not handled by BeamNG.tech. This can mean:
- an incompatible version of BeamNG.tech/BeamNGpy
- an internal error in BeamNG.tech
- incorrectly implemented custom command
2026-08-08 23:01:30,435 WARNING beamng_lidar_bev.worker: Actor pose enrichment unavailable
Traceback (most recent call last):
  File "C:\Users\initd\Documents\Projects\BeamNG.Tech Mods\BeamNG-LiDAR-BEV\src\beamng_lidar_bev\worker.py", line 1461, in _poll_actor_observations
    states = self._bng.vehicles.get_states(actor_ids)
             ^^^^^^^^^^^^^^^^^^^^^^^^^^^^^^^^^^^^^^^^
  File "C:\Users\initd\AppData\Local\Programs\Python\Python311\Lib\site-packages\beamngpy\api\beamng\vehicles.py", line 222, in get_states
    resp = self._send(data).recv("ScenarioUpdate")
           ^^^^^^^^^^^^^^^^^^^^^^^^^^^^^^^^^^^^^^^
  File "C:\Users\initd\AppData\Local\Programs\Python\Python311\Lib\site-packages\beamngpy\connection\connection.py", line 298, in recv
    raise message
beamngpy.logging.BNGError: The request was not handled by BeamNG.tech. This can mean:
- an incompatible version of BeamNG.tech/BeamNGpy
- an internal error in BeamNG.tech
- incorrectly implemented custom command
2026-08-08 23:01:30,482 INFO beamng_lidar_bev.worker: AEB: ARMED at 8.2 km/h | threat none (brake-now 2.8, standoff 2.1, horizon 8.1) | required 0.0 m/s^2 ttc inf | k +0.0437 brake 0.00 | Clear to 8 m
2026-08-08 23:01:30,551 WARNING beamng_lidar_bev.worker: Actor pose enrichment unavailable
Traceback (most recent call last):
  File "C:\Users\initd\Documents\Projects\BeamNG.Tech Mods\BeamNG-LiDAR-BEV\src\beamng_lidar_bev\worker.py", line 1461, in _poll_actor_observations
    states = self._bng.vehicles.get_states(actor_ids)
             ^^^^^^^^^^^^^^^^^^^^^^^^^^^^^^^^^^^^^^^^
  File "C:\Users\initd\AppData\Local\Programs\Python\Python311\Lib\site-packages\beamngpy\api\beamng\vehicles.py", line 222, in get_states
    resp = self._send(data).recv("ScenarioUpdate")
           ^^^^^^^^^^^^^^^^^^^^^^^^^^^^^^^^^^^^^^^
  File "C:\Users\initd\AppData\Local\Programs\Python\Python311\Lib\site-packages\beamngpy\connection\connection.py", line 298, in recv
    raise message
beamngpy.logging.BNGError: The request was not handled by BeamNG.tech. This can mean:
- an incompatible version of BeamNG.tech/BeamNGpy
- an internal error in BeamNG.tech
- incorrectly implemented custom command
2026-08-08 23:01:30,674 WARNING beamng_lidar_bev.worker: Actor pose enrichment unavailable
Traceback (most recent call last):
  File "C:\Users\initd\Documents\Projects\BeamNG.Tech Mods\BeamNG-LiDAR-BEV\src\beamng_lidar_bev\worker.py", line 1461, in _poll_actor_observations
    states = self._bng.vehicles.get_states(actor_ids)
             ^^^^^^^^^^^^^^^^^^^^^^^^^^^^^^^^^^^^^^^^
  File "C:\Users\initd\AppData\Local\Programs\Python\Python311\Lib\site-packages\beamngpy\api\beamng\vehicles.py", line 222, in get_states
    resp = self._send(data).recv("ScenarioUpdate")
           ^^^^^^^^^^^^^^^^^^^^^^^^^^^^^^^^^^^^^^^
  File "C:\Users\initd\AppData\Local\Programs\Python\Python311\Lib\site-packages\beamngpy\connection\connection.py", line 298, in recv
    raise message
beamngpy.logging.BNGError: The request was not handled by BeamNG.tech. This can mean:
- an incompatible version of BeamNG.tech/BeamNGpy
- an internal error in BeamNG.tech
- incorrectly implemented custom command
2026-08-08 23:01:30,782 WARNING beamng_lidar_bev.worker: Actor pose enrichment unavailable
Traceback (most recent call last):
  File "C:\Users\initd\Documents\Projects\BeamNG.Tech Mods\BeamNG-LiDAR-BEV\src\beamng_lidar_bev\worker.py", line 1461, in _poll_actor_observations
    states = self._bng.vehicles.get_states(actor_ids)
             ^^^^^^^^^^^^^^^^^^^^^^^^^^^^^^^^^^^^^^^^
  File "C:\Users\initd\AppData\Local\Programs\Python\Python311\Lib\site-packages\beamngpy\api\beamng\vehicles.py", line 222, in get_states
    resp = self._send(data).recv("ScenarioUpdate")
           ^^^^^^^^^^^^^^^^^^^^^^^^^^^^^^^^^^^^^^^
  File "C:\Users\initd\AppData\Local\Programs\Python\Python311\Lib\site-packages\beamngpy\connection\connection.py", line 298, in recv
    raise message
beamngpy.logging.BNGError: The request was not handled by BeamNG.tech. This can mean:
- an incompatible version of BeamNG.tech/BeamNGpy
- an internal error in BeamNG.tech
- incorrectly implemented custom command
2026-08-08 23:01:30,895 WARNING beamng_lidar_bev.worker: Actor pose enrichment unavailable
Traceback (most recent call last):
  File "C:\Users\initd\Documents\Projects\BeamNG.Tech Mods\BeamNG-LiDAR-BEV\src\beamng_lidar_bev\worker.py", line 1461, in _poll_actor_observations
    states = self._bng.vehicles.get_states(actor_ids)
             ^^^^^^^^^^^^^^^^^^^^^^^^^^^^^^^^^^^^^^^^
  File "C:\Users\initd\AppData\Local\Programs\Python\Python311\Lib\site-packages\beamngpy\api\beamng\vehicles.py", line 222, in get_states
    resp = self._send(data).recv("ScenarioUpdate")
           ^^^^^^^^^^^^^^^^^^^^^^^^^^^^^^^^^^^^^^^
  File "C:\Users\initd\AppData\Local\Programs\Python\Python311\Lib\site-packages\beamngpy\connection\connection.py", line 298, in recv
    raise message
beamngpy.logging.BNGError: The request was not handled by BeamNG.tech. This can mean:
- an incompatible version of BeamNG.tech/BeamNGpy
- an internal error in BeamNG.tech
- incorrectly implemented custom command
2026-08-08 23:01:31,013 WARNING beamng_lidar_bev.worker: Actor pose enrichment unavailable
Traceback (most recent call last):
  File "C:\Users\initd\Documents\Projects\BeamNG.Tech Mods\BeamNG-LiDAR-BEV\src\beamng_lidar_bev\worker.py", line 1461, in _poll_actor_observations
    states = self._bng.vehicles.get_states(actor_ids)
             ^^^^^^^^^^^^^^^^^^^^^^^^^^^^^^^^^^^^^^^^
  File "C:\Users\initd\AppData\Local\Programs\Python\Python311\Lib\site-packages\beamngpy\api\beamng\vehicles.py", line 222, in get_states
    resp = self._send(data).recv("ScenarioUpdate")
           ^^^^^^^^^^^^^^^^^^^^^^^^^^^^^^^^^^^^^^^
  File "C:\Users\initd\AppData\Local\Programs\Python\Python311\Lib\site-packages\beamngpy\connection\connection.py", line 298, in recv
    raise message
beamngpy.logging.BNGError: The request was not handled by BeamNG.tech. This can mean:
- an incompatible version of BeamNG.tech/BeamNGpy
- an internal error in BeamNG.tech
- incorrectly implemented custom command
2026-08-08 23:01:31,132 WARNING beamng_lidar_bev.worker: Actor pose enrichment unavailable
Traceback (most recent call last):
  File "C:\Users\initd\Documents\Projects\BeamNG.Tech Mods\BeamNG-LiDAR-BEV\src\beamng_lidar_bev\worker.py", line 1461, in _poll_actor_observations
    states = self._bng.vehicles.get_states(actor_ids)
             ^^^^^^^^^^^^^^^^^^^^^^^^^^^^^^^^^^^^^^^^
  File "C:\Users\initd\AppData\Local\Programs\Python\Python311\Lib\site-packages\beamngpy\api\beamng\vehicles.py", line 222, in get_states
    resp = self._send(data).recv("ScenarioUpdate")
           ^^^^^^^^^^^^^^^^^^^^^^^^^^^^^^^^^^^^^^^
  File "C:\Users\initd\AppData\Local\Programs\Python\Python311\Lib\site-packages\beamngpy\connection\connection.py", line 298, in recv
    raise message
beamngpy.logging.BNGError: The request was not handled by BeamNG.tech. This can mean:
- an incompatible version of BeamNG.tech/BeamNGpy
- an internal error in BeamNG.tech
- incorrectly implemented custom command
2026-08-08 23:01:31,259 WARNING beamng_lidar_bev.worker: Actor pose enrichment unavailable
Traceback (most recent call last):
  File "C:\Users\initd\Documents\Projects\BeamNG.Tech Mods\BeamNG-LiDAR-BEV\src\beamng_lidar_bev\worker.py", line 1461, in _poll_actor_observations
    states = self._bng.vehicles.get_states(actor_ids)
             ^^^^^^^^^^^^^^^^^^^^^^^^^^^^^^^^^^^^^^^^
  File "C:\Users\initd\AppData\Local\Programs\Python\Python311\Lib\site-packages\beamngpy\api\beamng\vehicles.py", line 222, in get_states
    resp = self._send(data).recv("ScenarioUpdate")
           ^^^^^^^^^^^^^^^^^^^^^^^^^^^^^^^^^^^^^^^
  File "C:\Users\initd\AppData\Local\Programs\Python\Python311\Lib\site-packages\beamngpy\connection\connection.py", line 298, in recv
    raise message
beamngpy.logging.BNGError: The request was not handled by BeamNG.tech. This can mean:
- an incompatible version of BeamNG.tech/BeamNGpy
- an internal error in BeamNG.tech
- incorrectly implemented custom command
2026-08-08 23:01:31,425 WARNING beamng_lidar_bev.worker: Actor pose enrichment unavailable
Traceback (most recent call last):
  File "C:\Users\initd\Documents\Projects\BeamNG.Tech Mods\BeamNG-LiDAR-BEV\src\beamng_lidar_bev\worker.py", line 1461, in _poll_actor_observations
    states = self._bng.vehicles.get_states(actor_ids)
             ^^^^^^^^^^^^^^^^^^^^^^^^^^^^^^^^^^^^^^^^
  File "C:\Users\initd\AppData\Local\Programs\Python\Python311\Lib\site-packages\beamngpy\api\beamng\vehicles.py", line 222, in get_states
    resp = self._send(data).recv("ScenarioUpdate")
           ^^^^^^^^^^^^^^^^^^^^^^^^^^^^^^^^^^^^^^^
  File "C:\Users\initd\AppData\Local\Programs\Python\Python311\Lib\site-packages\beamngpy\connection\connection.py", line 298, in recv
    raise message
beamngpy.logging.BNGError: The request was not handled by BeamNG.tech. This can mean:
- an incompatible version of BeamNG.tech/BeamNGpy
- an internal error in BeamNG.tech
- incorrectly implemented custom command
2026-08-08 23:01:31,501 WARNING beamng_lidar_bev.worker: Actor pose enrichment unavailable
Traceback (most recent call last):
  File "C:\Users\initd\Documents\Projects\BeamNG.Tech Mods\BeamNG-LiDAR-BEV\src\beamng_lidar_bev\worker.py", line 1461, in _poll_actor_observations
    states = self._bng.vehicles.get_states(actor_ids)
             ^^^^^^^^^^^^^^^^^^^^^^^^^^^^^^^^^^^^^^^^
  File "C:\Users\initd\AppData\Local\Programs\Python\Python311\Lib\site-packages\beamngpy\api\beamng\vehicles.py", line 222, in get_states
    resp = self._send(data).recv("ScenarioUpdate")
           ^^^^^^^^^^^^^^^^^^^^^^^^^^^^^^^^^^^^^^^
  File "C:\Users\initd\AppData\Local\Programs\Python\Python311\Lib\site-packages\beamngpy\connection\connection.py", line 298, in recv
    raise message
beamngpy.logging.BNGError: The request was not handled by BeamNG.tech. This can mean:
- an incompatible version of BeamNG.tech/BeamNGpy
- an internal error in BeamNG.tech
- incorrectly implemented custom command
2026-08-08 23:01:31,609 WARNING beamng_lidar_bev.worker: Actor pose enrichment unavailable
Traceback (most recent call last):
  File "C:\Users\initd\Documents\Projects\BeamNG.Tech Mods\BeamNG-LiDAR-BEV\src\beamng_lidar_bev\worker.py", line 1461, in _poll_actor_observations
    states = self._bng.vehicles.get_states(actor_ids)
             ^^^^^^^^^^^^^^^^^^^^^^^^^^^^^^^^^^^^^^^^
  File "C:\Users\initd\AppData\Local\Programs\Python\Python311\Lib\site-packages\beamngpy\api\beamng\vehicles.py", line 222, in get_states
    resp = self._send(data).recv("ScenarioUpdate")
           ^^^^^^^^^^^^^^^^^^^^^^^^^^^^^^^^^^^^^^^
  File "C:\Users\initd\AppData\Local\Programs\Python\Python311\Lib\site-packages\beamngpy\connection\connection.py", line 298, in recv
    raise message
beamngpy.logging.BNGError: The request was not handled by BeamNG.tech. This can mean:
- an incompatible version of BeamNG.tech/BeamNGpy
- an internal error in BeamNG.tech
- incorrectly implemented custom command
2026-08-08 23:01:31,709 WARNING beamng_lidar_bev.worker: Actor pose enrichment unavailable
Traceback (most recent call last):
  File "C:\Users\initd\Documents\Projects\BeamNG.Tech Mods\BeamNG-LiDAR-BEV\src\beamng_lidar_bev\worker.py", line 1461, in _poll_actor_observations
    states = self._bng.vehicles.get_states(actor_ids)
             ^^^^^^^^^^^^^^^^^^^^^^^^^^^^^^^^^^^^^^^^
  File "C:\Users\initd\AppData\Local\Programs\Python\Python311\Lib\site-packages\beamngpy\api\beamng\vehicles.py", line 222, in get_states
    resp = self._send(data).recv("ScenarioUpdate")
           ^^^^^^^^^^^^^^^^^^^^^^^^^^^^^^^^^^^^^^^
  File "C:\Users\initd\AppData\Local\Programs\Python\Python311\Lib\site-packages\beamngpy\connection\connection.py", line 298, in recv
    raise message
beamngpy.logging.BNGError: The request was not handled by BeamNG.tech. This can mean:
- an incompatible version of BeamNG.tech/BeamNGpy
- an internal error in BeamNG.tech
- incorrectly implemented custom command
2026-08-08 23:01:31,870 WARNING beamng_lidar_bev.worker: Actor pose enrichment unavailable
Traceback (most recent call last):
  File "C:\Users\initd\Documents\Projects\BeamNG.Tech Mods\BeamNG-LiDAR-BEV\src\beamng_lidar_bev\worker.py", line 1461, in _poll_actor_observations
    states = self._bng.vehicles.get_states(actor_ids)
             ^^^^^^^^^^^^^^^^^^^^^^^^^^^^^^^^^^^^^^^^
  File "C:\Users\initd\AppData\Local\Programs\Python\Python311\Lib\site-packages\beamngpy\api\beamng\vehicles.py", line 222, in get_states
    resp = self._send(data).recv("ScenarioUpdate")
           ^^^^^^^^^^^^^^^^^^^^^^^^^^^^^^^^^^^^^^^
  File "C:\Users\initd\AppData\Local\Programs\Python\Python311\Lib\site-packages\beamngpy\connection\connection.py", line 298, in recv
    raise message
beamngpy.logging.BNGError: The request was not handled by BeamNG.tech. This can mean:
- an incompatible version of BeamNG.tech/BeamNGpy
- an internal error in BeamNG.tech
- incorrectly implemented custom command
2026-08-08 23:01:31,990 WARNING beamng_lidar_bev.worker: Actor pose enrichment unavailable
Traceback (most recent call last):
  File "C:\Users\initd\Documents\Projects\BeamNG.Tech Mods\BeamNG-LiDAR-BEV\src\beamng_lidar_bev\worker.py", line 1461, in _poll_actor_observations
    states = self._bng.vehicles.get_states(actor_ids)
             ^^^^^^^^^^^^^^^^^^^^^^^^^^^^^^^^^^^^^^^^
  File "C:\Users\initd\AppData\Local\Programs\Python\Python311\Lib\site-packages\beamngpy\api\beamng\vehicles.py", line 222, in get_states
    resp = self._send(data).recv("ScenarioUpdate")
           ^^^^^^^^^^^^^^^^^^^^^^^^^^^^^^^^^^^^^^^
  File "C:\Users\initd\AppData\Local\Programs\Python\Python311\Lib\site-packages\beamngpy\connection\connection.py", line 298, in recv
    raise message
beamngpy.logging.BNGError: The request was not handled by BeamNG.tech. This can mean:
- an incompatible version of BeamNG.tech/BeamNGpy
- an internal error in BeamNG.tech
- incorrectly implemented custom command
2026-08-08 23:01:32,098 WARNING beamng_lidar_bev.worker: Actor pose enrichment unavailable
Traceback (most recent call last):
  File "C:\Users\initd\Documents\Projects\BeamNG.Tech Mods\BeamNG-LiDAR-BEV\src\beamng_lidar_bev\worker.py", line 1461, in _poll_actor_observations
    states = self._bng.vehicles.get_states(actor_ids)
             ^^^^^^^^^^^^^^^^^^^^^^^^^^^^^^^^^^^^^^^^
  File "C:\Users\initd\AppData\Local\Programs\Python\Python311\Lib\site-packages\beamngpy\api\beamng\vehicles.py", line 222, in get_states
    resp = self._send(data).recv("ScenarioUpdate")
           ^^^^^^^^^^^^^^^^^^^^^^^^^^^^^^^^^^^^^^^
  File "C:\Users\initd\AppData\Local\Programs\Python\Python311\Lib\site-packages\beamngpy\connection\connection.py", line 298, in recv
    raise message
beamngpy.logging.BNGError: The request was not handled by BeamNG.tech. This can mean:
- an incompatible version of BeamNG.tech/BeamNGpy
- an internal error in BeamNG.tech
- incorrectly implemented custom command
2026-08-08 23:01:32,206 WARNING beamng_lidar_bev.worker: Actor pose enrichment unavailable
Traceback (most recent call last):
  File "C:\Users\initd\Documents\Projects\BeamNG.Tech Mods\BeamNG-LiDAR-BEV\src\beamng_lidar_bev\worker.py", line 1461, in _poll_actor_observations
    states = self._bng.vehicles.get_states(actor_ids)
             ^^^^^^^^^^^^^^^^^^^^^^^^^^^^^^^^^^^^^^^^
  File "C:\Users\initd\AppData\Local\Programs\Python\Python311\Lib\site-packages\beamngpy\api\beamng\vehicles.py", line 222, in get_states
    resp = self._send(data).recv("ScenarioUpdate")
           ^^^^^^^^^^^^^^^^^^^^^^^^^^^^^^^^^^^^^^^
  File "C:\Users\initd\AppData\Local\Programs\Python\Python311\Lib\site-packages\beamngpy\connection\connection.py", line 298, in recv
    raise message
beamngpy.logging.BNGError: The request was not handled by BeamNG.tech. This can mean:
- an incompatible version of BeamNG.tech/BeamNGpy
- an internal error in BeamNG.tech
- incorrectly implemented custom command
2026-08-08 23:01:32,324 WARNING beamng_lidar_bev.worker: Actor pose enrichment unavailable
Traceback (most recent call last):
  File "C:\Users\initd\Documents\Projects\BeamNG.Tech Mods\BeamNG-LiDAR-BEV\src\beamng_lidar_bev\worker.py", line 1461, in _poll_actor_observations
    states = self._bng.vehicles.get_states(actor_ids)
             ^^^^^^^^^^^^^^^^^^^^^^^^^^^^^^^^^^^^^^^^
  File "C:\Users\initd\AppData\Local\Programs\Python\Python311\Lib\site-packages\beamngpy\api\beamng\vehicles.py", line 222, in get_states
    resp = self._send(data).recv("ScenarioUpdate")
           ^^^^^^^^^^^^^^^^^^^^^^^^^^^^^^^^^^^^^^^
  File "C:\Users\initd\AppData\Local\Programs\Python\Python311\Lib\site-packages\beamngpy\connection\connection.py", line 298, in recv
    raise message
beamngpy.logging.BNGError: The request was not handled by BeamNG.tech. This can mean:
- an incompatible version of BeamNG.tech/BeamNGpy
- an internal error in BeamNG.tech
- incorrectly implemented custom command
2026-08-08 23:01:32,518 WARNING beamng_lidar_bev.worker: Actor pose enrichment unavailable
Traceback (most recent call last):
  File "C:\Users\initd\Documents\Projects\BeamNG.Tech Mods\BeamNG-LiDAR-BEV\src\beamng_lidar_bev\worker.py", line 1461, in _poll_actor_observations
    states = self._bng.vehicles.get_states(actor_ids)
             ^^^^^^^^^^^^^^^^^^^^^^^^^^^^^^^^^^^^^^^^
  File "C:\Users\initd\AppData\Local\Programs\Python\Python311\Lib\site-packages\beamngpy\api\beamng\vehicles.py", line 222, in get_states
    resp = self._send(data).recv("ScenarioUpdate")
           ^^^^^^^^^^^^^^^^^^^^^^^^^^^^^^^^^^^^^^^
  File "C:\Users\initd\AppData\Local\Programs\Python\Python311\Lib\site-packages\beamngpy\connection\connection.py", line 298, in recv
    raise message
beamngpy.logging.BNGError: The request was not handled by BeamNG.tech. This can mean:
- an incompatible version of BeamNG.tech/BeamNGpy
- an internal error in BeamNG.tech
- incorrectly implemented custom command
2026-08-08 23:01:32,623 WARNING beamng_lidar_bev.worker: Actor pose enrichment unavailable
Traceback (most recent call last):
  File "C:\Users\initd\Documents\Projects\BeamNG.Tech Mods\BeamNG-LiDAR-BEV\src\beamng_lidar_bev\worker.py", line 1461, in _poll_actor_observations
    states = self._bng.vehicles.get_states(actor_ids)
             ^^^^^^^^^^^^^^^^^^^^^^^^^^^^^^^^^^^^^^^^
  File "C:\Users\initd\AppData\Local\Programs\Python\Python311\Lib\site-packages\beamngpy\api\beamng\vehicles.py", line 222, in get_states
    resp = self._send(data).recv("ScenarioUpdate")
           ^^^^^^^^^^^^^^^^^^^^^^^^^^^^^^^^^^^^^^^
  File "C:\Users\initd\AppData\Local\Programs\Python\Python311\Lib\site-packages\beamngpy\connection\connection.py", line 298, in recv
    raise message
beamngpy.logging.BNGError: The request was not handled by BeamNG.tech. This can mean:
- an incompatible version of BeamNG.tech/BeamNGpy
- an internal error in BeamNG.tech
- incorrectly implemented custom command
2026-08-08 23:01:32,760 WARNING beamng_lidar_bev.worker: Actor pose enrichment unavailable
Traceback (most recent call last):
  File "C:\Users\initd\Documents\Projects\BeamNG.Tech Mods\BeamNG-LiDAR-BEV\src\beamng_lidar_bev\worker.py", line 1461, in _poll_actor_observations
    states = self._bng.vehicles.get_states(actor_ids)
             ^^^^^^^^^^^^^^^^^^^^^^^^^^^^^^^^^^^^^^^^
  File "C:\Users\initd\AppData\Local\Programs\Python\Python311\Lib\site-packages\beamngpy\api\beamng\vehicles.py", line 222, in get_states
    resp = self._send(data).recv("ScenarioUpdate")
           ^^^^^^^^^^^^^^^^^^^^^^^^^^^^^^^^^^^^^^^
  File "C:\Users\initd\AppData\Local\Programs\Python\Python311\Lib\site-packages\beamngpy\connection\connection.py", line 298, in recv
    raise message
beamngpy.logging.BNGError: The request was not handled by BeamNG.tech. This can mean:
- an incompatible version of BeamNG.tech/BeamNGpy
- an internal error in BeamNG.tech
- incorrectly implemented custom command
2026-08-08 23:01:32,912 WARNING beamng_lidar_bev.worker: Actor pose enrichment unavailable
Traceback (most recent call last):
  File "C:\Users\initd\Documents\Projects\BeamNG.Tech Mods\BeamNG-LiDAR-BEV\src\beamng_lidar_bev\worker.py", line 1461, in _poll_actor_observations
    states = self._bng.vehicles.get_states(actor_ids)
             ^^^^^^^^^^^^^^^^^^^^^^^^^^^^^^^^^^^^^^^^
  File "C:\Users\initd\AppData\Local\Programs\Python\Python311\Lib\site-packages\beamngpy\api\beamng\vehicles.py", line 222, in get_states
    resp = self._send(data).recv("ScenarioUpdate")
           ^^^^^^^^^^^^^^^^^^^^^^^^^^^^^^^^^^^^^^^
  File "C:\Users\initd\AppData\Local\Programs\Python\Python311\Lib\site-packages\beamngpy\connection\connection.py", line 298, in recv
    raise message
beamngpy.logging.BNGError: The request was not handled by BeamNG.tech. This can mean:
- an incompatible version of BeamNG.tech/BeamNGpy
- an internal error in BeamNG.tech
- incorrectly implemented custom command
2026-08-08 23:01:33,042 WARNING beamng_lidar_bev.worker: Actor pose enrichment unavailable
Traceback (most recent call last):
  File "C:\Users\initd\Documents\Projects\BeamNG.Tech Mods\BeamNG-LiDAR-BEV\src\beamng_lidar_bev\worker.py", line 1461, in _poll_actor_observations
    states = self._bng.vehicles.get_states(actor_ids)
             ^^^^^^^^^^^^^^^^^^^^^^^^^^^^^^^^^^^^^^^^
  File "C:\Users\initd\AppData\Local\Programs\Python\Python311\Lib\site-packages\beamngpy\api\beamng\vehicles.py", line 222, in get_states
    resp = self._send(data).recv("ScenarioUpdate")
           ^^^^^^^^^^^^^^^^^^^^^^^^^^^^^^^^^^^^^^^
  File "C:\Users\initd\AppData\Local\Programs\Python\Python311\Lib\site-packages\beamngpy\connection\connection.py", line 298, in recv
    raise message
beamngpy.logging.BNGError: The request was not handled by BeamNG.tech. This can mean:
- an incompatible version of BeamNG.tech/BeamNGpy
- an internal error in BeamNG.tech
- incorrectly implemented custom command
2026-08-08 23:01:33,165 WARNING beamng_lidar_bev.worker: Actor pose enrichment unavailable
Traceback (most recent call last):
  File "C:\Users\initd\Documents\Projects\BeamNG.Tech Mods\BeamNG-LiDAR-BEV\src\beamng_lidar_bev\worker.py", line 1461, in _poll_actor_observations
    states = self._bng.vehicles.get_states(actor_ids)
             ^^^^^^^^^^^^^^^^^^^^^^^^^^^^^^^^^^^^^^^^
  File "C:\Users\initd\AppData\Local\Programs\Python\Python311\Lib\site-packages\beamngpy\api\beamng\vehicles.py", line 222, in get_states
    resp = self._send(data).recv("ScenarioUpdate")
           ^^^^^^^^^^^^^^^^^^^^^^^^^^^^^^^^^^^^^^^
  File "C:\Users\initd\AppData\Local\Programs\Python\Python311\Lib\site-packages\beamngpy\connection\connection.py", line 298, in recv
    raise message
beamngpy.logging.BNGError: The request was not handled by BeamNG.tech. This can mean:
- an incompatible version of BeamNG.tech/BeamNGpy
- an internal error in BeamNG.tech
- incorrectly implemented custom command
2026-08-08 23:01:33,278 WARNING beamng_lidar_bev.worker: Actor pose enrichment unavailable
Traceback (most recent call last):
  File "C:\Users\initd\Documents\Projects\BeamNG.Tech Mods\BeamNG-LiDAR-BEV\src\beamng_lidar_bev\worker.py", line 1461, in _poll_actor_observations
    states = self._bng.vehicles.get_states(actor_ids)
             ^^^^^^^^^^^^^^^^^^^^^^^^^^^^^^^^^^^^^^^^
  File "C:\Users\initd\AppData\Local\Programs\Python\Python311\Lib\site-packages\beamngpy\api\beamng\vehicles.py", line 222, in get_states
    resp = self._send(data).recv("ScenarioUpdate")
           ^^^^^^^^^^^^^^^^^^^^^^^^^^^^^^^^^^^^^^^
  File "C:\Users\initd\AppData\Local\Programs\Python\Python311\Lib\site-packages\beamngpy\connection\connection.py", line 298, in recv
    raise message
beamngpy.logging.BNGError: The request was not handled by BeamNG.tech. This can mean:
- an incompatible version of BeamNG.tech/BeamNGpy
- an internal error in BeamNG.tech
- incorrectly implemented custom command
2026-08-08 23:01:33,380 WARNING beamng_lidar_bev.worker: Actor pose enrichment unavailable
Traceback (most recent call last):
  File "C:\Users\initd\Documents\Projects\BeamNG.Tech Mods\BeamNG-LiDAR-BEV\src\beamng_lidar_bev\worker.py", line 1461, in _poll_actor_observations
    states = self._bng.vehicles.get_states(actor_ids)
             ^^^^^^^^^^^^^^^^^^^^^^^^^^^^^^^^^^^^^^^^
  File "C:\Users\initd\AppData\Local\Programs\Python\Python311\Lib\site-packages\beamngpy\api\beamng\vehicles.py", line 222, in get_states
    resp = self._send(data).recv("ScenarioUpdate")
           ^^^^^^^^^^^^^^^^^^^^^^^^^^^^^^^^^^^^^^^
  File "C:\Users\initd\AppData\Local\Programs\Python\Python311\Lib\site-packages\beamngpy\connection\connection.py", line 298, in recv
    raise message
beamngpy.logging.BNGError: The request was not handled by BeamNG.tech. This can mean:
- an incompatible version of BeamNG.tech/BeamNGpy
- an internal error in BeamNG.tech
- incorrectly implemented custom command
2026-08-08 23:01:33,534 WARNING beamng_lidar_bev.worker: Actor pose enrichment unavailable
Traceback (most recent call last):
  File "C:\Users\initd\Documents\Projects\BeamNG.Tech Mods\BeamNG-LiDAR-BEV\src\beamng_lidar_bev\worker.py", line 1461, in _poll_actor_observations
    states = self._bng.vehicles.get_states(actor_ids)
             ^^^^^^^^^^^^^^^^^^^^^^^^^^^^^^^^^^^^^^^^
  File "C:\Users\initd\AppData\Local\Programs\Python\Python311\Lib\site-packages\beamngpy\api\beamng\vehicles.py", line 222, in get_states
    resp = self._send(data).recv("ScenarioUpdate")
           ^^^^^^^^^^^^^^^^^^^^^^^^^^^^^^^^^^^^^^^
  File "C:\Users\initd\AppData\Local\Programs\Python\Python311\Lib\site-packages\beamngpy\connection\connection.py", line 298, in recv
    raise message
beamngpy.logging.BNGError: The request was not handled by BeamNG.tech. This can mean:
- an incompatible version of BeamNG.tech/BeamNGpy
- an internal error in BeamNG.tech
- incorrectly implemented custom command
2026-08-08 23:01:33,671 WARNING beamng_lidar_bev.worker: Actor pose enrichment unavailable
Traceback (most recent call last):
  File "C:\Users\initd\Documents\Projects\BeamNG.Tech Mods\BeamNG-LiDAR-BEV\src\beamng_lidar_bev\worker.py", line 1461, in _poll_actor_observations
    states = self._bng.vehicles.get_states(actor_ids)
             ^^^^^^^^^^^^^^^^^^^^^^^^^^^^^^^^^^^^^^^^
  File "C:\Users\initd\AppData\Local\Programs\Python\Python311\Lib\site-packages\beamngpy\api\beamng\vehicles.py", line 222, in get_states
    resp = self._send(data).recv("ScenarioUpdate")
           ^^^^^^^^^^^^^^^^^^^^^^^^^^^^^^^^^^^^^^^
  File "C:\Users\initd\AppData\Local\Programs\Python\Python311\Lib\site-packages\beamngpy\connection\connection.py", line 298, in recv
    raise message
beamngpy.logging.BNGError: The request was not handled by BeamNG.tech. This can mean:
- an incompatible version of BeamNG.tech/BeamNGpy
- an internal error in BeamNG.tech
- incorrectly implemented custom command
2026-08-08 23:01:33,776 WARNING beamng_lidar_bev.worker: Actor pose enrichment unavailable
Traceback (most recent call last):
  File "C:\Users\initd\Documents\Projects\BeamNG.Tech Mods\BeamNG-LiDAR-BEV\src\beamng_lidar_bev\worker.py", line 1461, in _poll_actor_observations
    states = self._bng.vehicles.get_states(actor_ids)
             ^^^^^^^^^^^^^^^^^^^^^^^^^^^^^^^^^^^^^^^^
  File "C:\Users\initd\AppData\Local\Programs\Python\Python311\Lib\site-packages\beamngpy\api\beamng\vehicles.py", line 222, in get_states
    resp = self._send(data).recv("ScenarioUpdate")
           ^^^^^^^^^^^^^^^^^^^^^^^^^^^^^^^^^^^^^^^
  File "C:\Users\initd\AppData\Local\Programs\Python\Python311\Lib\site-packages\beamngpy\connection\connection.py", line 298, in recv
    raise message
beamngpy.logging.BNGError: The request was not handled by BeamNG.tech. This can mean:
- an incompatible version of BeamNG.tech/BeamNGpy
- an internal error in BeamNG.tech
- incorrectly implemented custom command
2026-08-08 23:01:33,915 WARNING beamng_lidar_bev.worker: Actor pose enrichment unavailable
Traceback (most recent call last):
  File "C:\Users\initd\Documents\Projects\BeamNG.Tech Mods\BeamNG-LiDAR-BEV\src\beamng_lidar_bev\worker.py", line 1461, in _poll_actor_observations
    states = self._bng.vehicles.get_states(actor_ids)
             ^^^^^^^^^^^^^^^^^^^^^^^^^^^^^^^^^^^^^^^^
  File "C:\Users\initd\AppData\Local\Programs\Python\Python311\Lib\site-packages\beamngpy\api\beamng\vehicles.py", line 222, in get_states
    resp = self._send(data).recv("ScenarioUpdate")
           ^^^^^^^^^^^^^^^^^^^^^^^^^^^^^^^^^^^^^^^
  File "C:\Users\initd\AppData\Local\Programs\Python\Python311\Lib\site-packages\beamngpy\connection\connection.py", line 298, in recv
    raise message
beamngpy.logging.BNGError: The request was not handled by BeamNG.tech. This can mean:
- an incompatible version of BeamNG.tech/BeamNGpy
- an internal error in BeamNG.tech
- incorrectly implemented custom command
2026-08-08 23:01:34,024 WARNING beamng_lidar_bev.worker: Actor pose enrichment unavailable
Traceback (most recent call last):
  File "C:\Users\initd\Documents\Projects\BeamNG.Tech Mods\BeamNG-LiDAR-BEV\src\beamng_lidar_bev\worker.py", line 1461, in _poll_actor_observations
    states = self._bng.vehicles.get_states(actor_ids)
             ^^^^^^^^^^^^^^^^^^^^^^^^^^^^^^^^^^^^^^^^
  File "C:\Users\initd\AppData\Local\Programs\Python\Python311\Lib\site-packages\beamngpy\api\beamng\vehicles.py", line 222, in get_states
    resp = self._send(data).recv("ScenarioUpdate")
           ^^^^^^^^^^^^^^^^^^^^^^^^^^^^^^^^^^^^^^^
  File "C:\Users\initd\AppData\Local\Programs\Python\Python311\Lib\site-packages\beamngpy\connection\connection.py", line 298, in recv
    raise message
beamngpy.logging.BNGError: The request was not handled by BeamNG.tech. This can mean:
- an incompatible version of BeamNG.tech/BeamNGpy
- an internal error in BeamNG.tech
- incorrectly implemented custom command
2026-08-08 23:01:34,163 WARNING beamng_lidar_bev.worker: Actor pose enrichment unavailable
Traceback (most recent call last):
  File "C:\Users\initd\Documents\Projects\BeamNG.Tech Mods\BeamNG-LiDAR-BEV\src\beamng_lidar_bev\worker.py", line 1461, in _poll_actor_observations
    states = self._bng.vehicles.get_states(actor_ids)
             ^^^^^^^^^^^^^^^^^^^^^^^^^^^^^^^^^^^^^^^^
  File "C:\Users\initd\AppData\Local\Programs\Python\Python311\Lib\site-packages\beamngpy\api\beamng\vehicles.py", line 222, in get_states
    resp = self._send(data).recv("ScenarioUpdate")
           ^^^^^^^^^^^^^^^^^^^^^^^^^^^^^^^^^^^^^^^
  File "C:\Users\initd\AppData\Local\Programs\Python\Python311\Lib\site-packages\beamngpy\connection\connection.py", line 298, in recv
    raise message
beamngpy.logging.BNGError: The request was not handled by BeamNG.tech. This can mean:
- an incompatible version of BeamNG.tech/BeamNGpy
- an internal error in BeamNG.tech
- incorrectly implemented custom command
2026-08-08 23:01:34,303 WARNING beamng_lidar_bev.worker: Actor pose enrichment unavailable
Traceback (most recent call last):
  File "C:\Users\initd\Documents\Projects\BeamNG.Tech Mods\BeamNG-LiDAR-BEV\src\beamng_lidar_bev\worker.py", line 1461, in _poll_actor_observations
    states = self._bng.vehicles.get_states(actor_ids)
             ^^^^^^^^^^^^^^^^^^^^^^^^^^^^^^^^^^^^^^^^
  File "C:\Users\initd\AppData\Local\Programs\Python\Python311\Lib\site-packages\beamngpy\api\beamng\vehicles.py", line 222, in get_states
    resp = self._send(data).recv("ScenarioUpdate")
           ^^^^^^^^^^^^^^^^^^^^^^^^^^^^^^^^^^^^^^^
  File "C:\Users\initd\AppData\Local\Programs\Python\Python311\Lib\site-packages\beamngpy\connection\connection.py", line 298, in recv
    raise message
beamngpy.logging.BNGError: The request was not handled by BeamNG.tech. This can mean:
- an incompatible version of BeamNG.tech/BeamNGpy
- an internal error in BeamNG.tech
- incorrectly implemented custom command
2026-08-08 23:01:34,405 WARNING beamng_lidar_bev.worker: Actor pose enrichment unavailable
Traceback (most recent call last):
  File "C:\Users\initd\Documents\Projects\BeamNG.Tech Mods\BeamNG-LiDAR-BEV\src\beamng_lidar_bev\worker.py", line 1461, in _poll_actor_observations
    states = self._bng.vehicles.get_states(actor_ids)
             ^^^^^^^^^^^^^^^^^^^^^^^^^^^^^^^^^^^^^^^^
  File "C:\Users\initd\AppData\Local\Programs\Python\Python311\Lib\site-packages\beamngpy\api\beamng\vehicles.py", line 222, in get_states
    resp = self._send(data).recv("ScenarioUpdate")
           ^^^^^^^^^^^^^^^^^^^^^^^^^^^^^^^^^^^^^^^
  File "C:\Users\initd\AppData\Local\Programs\Python\Python311\Lib\site-packages\beamngpy\connection\connection.py", line 298, in recv
    raise message
beamngpy.logging.BNGError: The request was not handled by BeamNG.tech. This can mean:
- an incompatible version of BeamNG.tech/BeamNGpy
- an internal error in BeamNG.tech
- incorrectly implemented custom command
2026-08-08 23:01:34,551 WARNING beamng_lidar_bev.worker: Actor pose enrichment unavailable
Traceback (most recent call last):
  File "C:\Users\initd\Documents\Projects\BeamNG.Tech Mods\BeamNG-LiDAR-BEV\src\beamng_lidar_bev\worker.py", line 1461, in _poll_actor_observations
    states = self._bng.vehicles.get_states(actor_ids)
             ^^^^^^^^^^^^^^^^^^^^^^^^^^^^^^^^^^^^^^^^
  File "C:\Users\initd\AppData\Local\Programs\Python\Python311\Lib\site-packages\beamngpy\api\beamng\vehicles.py", line 222, in get_states
    resp = self._send(data).recv("ScenarioUpdate")
           ^^^^^^^^^^^^^^^^^^^^^^^^^^^^^^^^^^^^^^^
  File "C:\Users\initd\AppData\Local\Programs\Python\Python311\Lib\site-packages\beamngpy\connection\connection.py", line 298, in recv
    raise message
beamngpy.logging.BNGError: The request was not handled by BeamNG.tech. This can mean:
- an incompatible version of BeamNG.tech/BeamNGpy
- an internal error in BeamNG.tech
- incorrectly implemented custom command
2026-08-08 23:01:34,685 WARNING beamng_lidar_bev.worker: Actor pose enrichment unavailable
Traceback (most recent call last):
  File "C:\Users\initd\Documents\Projects\BeamNG.Tech Mods\BeamNG-LiDAR-BEV\src\beamng_lidar_bev\worker.py", line 1461, in _poll_actor_observations
    states = self._bng.vehicles.get_states(actor_ids)
             ^^^^^^^^^^^^^^^^^^^^^^^^^^^^^^^^^^^^^^^^
  File "C:\Users\initd\AppData\Local\Programs\Python\Python311\Lib\site-packages\beamngpy\api\beamng\vehicles.py", line 222, in get_states
    resp = self._send(data).recv("ScenarioUpdate")
           ^^^^^^^^^^^^^^^^^^^^^^^^^^^^^^^^^^^^^^^
  File "C:\Users\initd\AppData\Local\Programs\Python\Python311\Lib\site-packages\beamngpy\connection\connection.py", line 298, in recv
    raise message
beamngpy.logging.BNGError: The request was not handled by BeamNG.tech. This can mean:
- an incompatible version of BeamNG.tech/BeamNGpy
- an internal error in BeamNG.tech
- incorrectly implemented custom command
2026-08-08 23:01:34,809 WARNING beamng_lidar_bev.worker: Actor pose enrichment unavailable
Traceback (most recent call last):
  File "C:\Users\initd\Documents\Projects\BeamNG.Tech Mods\BeamNG-LiDAR-BEV\src\beamng_lidar_bev\worker.py", line 1461, in _poll_actor_observations
    states = self._bng.vehicles.get_states(actor_ids)
             ^^^^^^^^^^^^^^^^^^^^^^^^^^^^^^^^^^^^^^^^
  File "C:\Users\initd\AppData\Local\Programs\Python\Python311\Lib\site-packages\beamngpy\api\beamng\vehicles.py", line 222, in get_states
    resp = self._send(data).recv("ScenarioUpdate")
           ^^^^^^^^^^^^^^^^^^^^^^^^^^^^^^^^^^^^^^^
  File "C:\Users\initd\AppData\Local\Programs\Python\Python311\Lib\site-packages\beamngpy\connection\connection.py", line 298, in recv
    raise message
beamngpy.logging.BNGError: The request was not handled by BeamNG.tech. This can mean:
- an incompatible version of BeamNG.tech/BeamNGpy
- an internal error in BeamNG.tech
- incorrectly implemented custom command
2026-08-08 23:01:34,953 WARNING beamng_lidar_bev.worker: Actor pose enrichment unavailable
Traceback (most recent call last):
  File "C:\Users\initd\Documents\Projects\BeamNG.Tech Mods\BeamNG-LiDAR-BEV\src\beamng_lidar_bev\worker.py", line 1461, in _poll_actor_observations
    states = self._bng.vehicles.get_states(actor_ids)
             ^^^^^^^^^^^^^^^^^^^^^^^^^^^^^^^^^^^^^^^^
  File "C:\Users\initd\AppData\Local\Programs\Python\Python311\Lib\site-packages\beamngpy\api\beamng\vehicles.py", line 222, in get_states
    resp = self._send(data).recv("ScenarioUpdate")
           ^^^^^^^^^^^^^^^^^^^^^^^^^^^^^^^^^^^^^^^
  File "C:\Users\initd\AppData\Local\Programs\Python\Python311\Lib\site-packages\beamngpy\connection\connection.py", line 298, in recv
    raise message
beamngpy.logging.BNGError: The request was not handled by BeamNG.tech. This can mean:
- an incompatible version of BeamNG.tech/BeamNGpy
- an internal error in BeamNG.tech
- incorrectly implemented custom command
2026-08-08 23:01:35,092 WARNING beamng_lidar_bev.worker: Actor pose enrichment unavailable
Traceback (most recent call last):
  File "C:\Users\initd\Documents\Projects\BeamNG.Tech Mods\BeamNG-LiDAR-BEV\src\beamng_lidar_bev\worker.py", line 1461, in _poll_actor_observations
    states = self._bng.vehicles.get_states(actor_ids)
             ^^^^^^^^^^^^^^^^^^^^^^^^^^^^^^^^^^^^^^^^
  File "C:\Users\initd\AppData\Local\Programs\Python\Python311\Lib\site-packages\beamngpy\api\beamng\vehicles.py", line 222, in get_states
    resp = self._send(data).recv("ScenarioUpdate")
           ^^^^^^^^^^^^^^^^^^^^^^^^^^^^^^^^^^^^^^^
  File "C:\Users\initd\AppData\Local\Programs\Python\Python311\Lib\site-packages\beamngpy\connection\connection.py", line 298, in recv
    raise message
beamngpy.logging.BNGError: The request was not handled by BeamNG.tech. This can mean:
- an incompatible version of BeamNG.tech/BeamNGpy
- an internal error in BeamNG.tech
- incorrectly implemented custom command
2026-08-08 23:01:35,218 WARNING beamng_lidar_bev.worker: Actor pose enrichment unavailable
Traceback (most recent call last):
  File "C:\Users\initd\Documents\Projects\BeamNG.Tech Mods\BeamNG-LiDAR-BEV\src\beamng_lidar_bev\worker.py", line 1461, in _poll_actor_observations
    states = self._bng.vehicles.get_states(actor_ids)
             ^^^^^^^^^^^^^^^^^^^^^^^^^^^^^^^^^^^^^^^^
  File "C:\Users\initd\AppData\Local\Programs\Python\Python311\Lib\site-packages\beamngpy\api\beamng\vehicles.py", line 222, in get_states
    resp = self._send(data).recv("ScenarioUpdate")
           ^^^^^^^^^^^^^^^^^^^^^^^^^^^^^^^^^^^^^^^
  File "C:\Users\initd\AppData\Local\Programs\Python\Python311\Lib\site-packages\beamngpy\connection\connection.py", line 298, in recv
    raise message
beamngpy.logging.BNGError: The request was not handled by BeamNG.tech. This can mean:
- an incompatible version of BeamNG.tech/BeamNGpy
- an internal error in BeamNG.tech
- incorrectly implemented custom command
2026-08-08 23:01:35,358 WARNING beamng_lidar_bev.worker: Actor pose enrichment unavailable
Traceback (most recent call last):
  File "C:\Users\initd\Documents\Projects\BeamNG.Tech Mods\BeamNG-LiDAR-BEV\src\beamng_lidar_bev\worker.py", line 1461, in _poll_actor_observations
    states = self._bng.vehicles.get_states(actor_ids)
             ^^^^^^^^^^^^^^^^^^^^^^^^^^^^^^^^^^^^^^^^
  File "C:\Users\initd\AppData\Local\Programs\Python\Python311\Lib\site-packages\beamngpy\api\beamng\vehicles.py", line 222, in get_states
    resp = self._send(data).recv("ScenarioUpdate")
           ^^^^^^^^^^^^^^^^^^^^^^^^^^^^^^^^^^^^^^^
  File "C:\Users\initd\AppData\Local\Programs\Python\Python311\Lib\site-packages\beamngpy\connection\connection.py", line 298, in recv
    raise message
beamngpy.logging.BNGError: The request was not handled by BeamNG.tech. This can mean:
- an incompatible version of BeamNG.tech/BeamNGpy
- an internal error in BeamNG.tech
- incorrectly implemented custom command
2026-08-08 23:01:35,532 WARNING beamng_lidar_bev.worker: Actor pose enrichment unavailable
Traceback (most recent call last):
  File "C:\Users\initd\Documents\Projects\BeamNG.Tech Mods\BeamNG-LiDAR-BEV\src\beamng_lidar_bev\worker.py", line 1461, in _poll_actor_observations
    states = self._bng.vehicles.get_states(actor_ids)
             ^^^^^^^^^^^^^^^^^^^^^^^^^^^^^^^^^^^^^^^^
  File "C:\Users\initd\AppData\Local\Programs\Python\Python311\Lib\site-packages\beamngpy\api\beamng\vehicles.py", line 222, in get_states
    resp = self._send(data).recv("ScenarioUpdate")
           ^^^^^^^^^^^^^^^^^^^^^^^^^^^^^^^^^^^^^^^
  File "C:\Users\initd\AppData\Local\Programs\Python\Python311\Lib\site-packages\beamngpy\connection\connection.py", line 298, in recv
    raise message
beamngpy.logging.BNGError: The request was not handled by BeamNG.tech. This can mean:
- an incompatible version of BeamNG.tech/BeamNGpy
- an internal error in BeamNG.tech
- incorrectly implemented custom command
2026-08-08 23:01:35,621 WARNING beamng_lidar_bev.worker: Actor pose enrichment unavailable
Traceback (most recent call last):
  File "C:\Users\initd\Documents\Projects\BeamNG.Tech Mods\BeamNG-LiDAR-BEV\src\beamng_lidar_bev\worker.py", line 1461, in _poll_actor_observations
    states = self._bng.vehicles.get_states(actor_ids)
             ^^^^^^^^^^^^^^^^^^^^^^^^^^^^^^^^^^^^^^^^
  File "C:\Users\initd\AppData\Local\Programs\Python\Python311\Lib\site-packages\beamngpy\api\beamng\vehicles.py", line 222, in get_states
    resp = self._send(data).recv("ScenarioUpdate")
           ^^^^^^^^^^^^^^^^^^^^^^^^^^^^^^^^^^^^^^^
  File "C:\Users\initd\AppData\Local\Programs\Python\Python311\Lib\site-packages\beamngpy\connection\connection.py", line 298, in recv
    raise message
beamngpy.logging.BNGError: The request was not handled by BeamNG.tech. This can mean:
- an incompatible version of BeamNG.tech/BeamNGpy
- an internal error in BeamNG.tech
- incorrectly implemented custom command
2026-08-08 23:01:35,740 WARNING beamng_lidar_bev.worker: Actor pose enrichment unavailable
Traceback (most recent call last):
  File "C:\Users\initd\Documents\Projects\BeamNG.Tech Mods\BeamNG-LiDAR-BEV\src\beamng_lidar_bev\worker.py", line 1461, in _poll_actor_observations
    states = self._bng.vehicles.get_states(actor_ids)
             ^^^^^^^^^^^^^^^^^^^^^^^^^^^^^^^^^^^^^^^^
  File "C:\Users\initd\AppData\Local\Programs\Python\Python311\Lib\site-packages\beamngpy\api\beamng\vehicles.py", line 222, in get_states
    resp = self._send(data).recv("ScenarioUpdate")
           ^^^^^^^^^^^^^^^^^^^^^^^^^^^^^^^^^^^^^^^
  File "C:\Users\initd\AppData\Local\Programs\Python\Python311\Lib\site-packages\beamngpy\connection\connection.py", line 298, in recv
    raise message
beamngpy.logging.BNGError: The request was not handled by BeamNG.tech. This can mean:
- an incompatible version of BeamNG.tech/BeamNGpy
- an internal error in BeamNG.tech
- incorrectly implemented custom command
2026-08-08 23:01:35,865 WARNING beamng_lidar_bev.worker: Actor pose enrichment unavailable
Traceback (most recent call last):
  File "C:\Users\initd\Documents\Projects\BeamNG.Tech Mods\BeamNG-LiDAR-BEV\src\beamng_lidar_bev\worker.py", line 1461, in _poll_actor_observations
    states = self._bng.vehicles.get_states(actor_ids)
             ^^^^^^^^^^^^^^^^^^^^^^^^^^^^^^^^^^^^^^^^
  File "C:\Users\initd\AppData\Local\Programs\Python\Python311\Lib\site-packages\beamngpy\api\beamng\vehicles.py", line 222, in get_states
    resp = self._send(data).recv("ScenarioUpdate")
           ^^^^^^^^^^^^^^^^^^^^^^^^^^^^^^^^^^^^^^^
  File "C:\Users\initd\AppData\Local\Programs\Python\Python311\Lib\site-packages\beamngpy\connection\connection.py", line 298, in recv
    raise message
beamngpy.logging.BNGError: The request was not handled by BeamNG.tech. This can mean:
- an incompatible version of BeamNG.tech/BeamNGpy
- an internal error in BeamNG.tech
- incorrectly implemented custom command
2026-08-08 23:01:36,009 WARNING beamng_lidar_bev.worker: Actor pose enrichment unavailable
Traceback (most recent call last):
  File "C:\Users\initd\Documents\Projects\BeamNG.Tech Mods\BeamNG-LiDAR-BEV\src\beamng_lidar_bev\worker.py", line 1461, in _poll_actor_observations
    states = self._bng.vehicles.get_states(actor_ids)
             ^^^^^^^^^^^^^^^^^^^^^^^^^^^^^^^^^^^^^^^^
  File "C:\Users\initd\AppData\Local\Programs\Python\Python311\Lib\site-packages\beamngpy\api\beamng\vehicles.py", line 222, in get_states
    resp = self._send(data).recv("ScenarioUpdate")
           ^^^^^^^^^^^^^^^^^^^^^^^^^^^^^^^^^^^^^^^
  File "C:\Users\initd\AppData\Local\Programs\Python\Python311\Lib\site-packages\beamngpy\connection\connection.py", line 298, in recv
    raise message
beamngpy.logging.BNGError: The request was not handled by BeamNG.tech. This can mean:
- an incompatible version of BeamNG.tech/BeamNGpy
- an internal error in BeamNG.tech
- incorrectly implemented custom command
2026-08-08 23:01:36,150 WARNING beamng_lidar_bev.worker: Actor pose enrichment unavailable
Traceback (most recent call last):
  File "C:\Users\initd\Documents\Projects\BeamNG.Tech Mods\BeamNG-LiDAR-BEV\src\beamng_lidar_bev\worker.py", line 1461, in _poll_actor_observations
    states = self._bng.vehicles.get_states(actor_ids)
             ^^^^^^^^^^^^^^^^^^^^^^^^^^^^^^^^^^^^^^^^
  File "C:\Users\initd\AppData\Local\Programs\Python\Python311\Lib\site-packages\beamngpy\api\beamng\vehicles.py", line 222, in get_states
    resp = self._send(data).recv("ScenarioUpdate")
           ^^^^^^^^^^^^^^^^^^^^^^^^^^^^^^^^^^^^^^^
  File "C:\Users\initd\AppData\Local\Programs\Python\Python311\Lib\site-packages\beamngpy\connection\connection.py", line 298, in recv
    raise message
beamngpy.logging.BNGError: The request was not handled by BeamNG.tech. This can mean:
- an incompatible version of BeamNG.tech/BeamNGpy
- an internal error in BeamNG.tech
- incorrectly implemented custom command
2026-08-08 23:01:36,309 WARNING beamng_lidar_bev.worker: Actor pose enrichment unavailable
Traceback (most recent call last):
  File "C:\Users\initd\Documents\Projects\BeamNG.Tech Mods\BeamNG-LiDAR-BEV\src\beamng_lidar_bev\worker.py", line 1461, in _poll_actor_observations
    states = self._bng.vehicles.get_states(actor_ids)
             ^^^^^^^^^^^^^^^^^^^^^^^^^^^^^^^^^^^^^^^^
  File "C:\Users\initd\AppData\Local\Programs\Python\Python311\Lib\site-packages\beamngpy\api\beamng\vehicles.py", line 222, in get_states
    resp = self._send(data).recv("ScenarioUpdate")
           ^^^^^^^^^^^^^^^^^^^^^^^^^^^^^^^^^^^^^^^
  File "C:\Users\initd\AppData\Local\Programs\Python\Python311\Lib\site-packages\beamngpy\connection\connection.py", line 298, in recv
    raise message
beamngpy.logging.BNGError: The request was not handled by BeamNG.tech. This can mean:
- an incompatible version of BeamNG.tech/BeamNGpy
- an internal error in BeamNG.tech
- incorrectly implemented custom command
2026-08-08 23:01:36,346 INFO beamng_lidar_bev.worker: AEB: BRAKING at 74.3 km/h | threat 23.9 m (brake-now 28.9, standoff 2.1, horizon 55.7) | required 9.8 m/s^2 ttc 1.06s | k -0.0143 brake 1.00 | Impact in 1.1 s; full brake
2026-08-08 23:01:36,430 WARNING beamng_lidar_bev.worker: Actor pose enrichment unavailable
Traceback (most recent call last):
  File "C:\Users\initd\Documents\Projects\BeamNG.Tech Mods\BeamNG-LiDAR-BEV\src\beamng_lidar_bev\worker.py", line 1461, in _poll_actor_observations
    states = self._bng.vehicles.get_states(actor_ids)
             ^^^^^^^^^^^^^^^^^^^^^^^^^^^^^^^^^^^^^^^^
  File "C:\Users\initd\AppData\Local\Programs\Python\Python311\Lib\site-packages\beamngpy\api\beamng\vehicles.py", line 222, in get_states
    resp = self._send(data).recv("ScenarioUpdate")
           ^^^^^^^^^^^^^^^^^^^^^^^^^^^^^^^^^^^^^^^
  File "C:\Users\initd\AppData\Local\Programs\Python\Python311\Lib\site-packages\beamngpy\connection\connection.py", line 298, in recv
    raise message
beamngpy.logging.BNGError: The request was not handled by BeamNG.tech. This can mean:
- an incompatible version of BeamNG.tech/BeamNGpy
- an internal error in BeamNG.tech
- incorrectly implemented custom command
2026-08-08 23:01:36,613 WARNING beamng_lidar_bev.worker: Actor pose enrichment unavailable
Traceback (most recent call last):
  File "C:\Users\initd\Documents\Projects\BeamNG.Tech Mods\BeamNG-LiDAR-BEV\src\beamng_lidar_bev\worker.py", line 1461, in _poll_actor_observations
    states = self._bng.vehicles.get_states(actor_ids)
             ^^^^^^^^^^^^^^^^^^^^^^^^^^^^^^^^^^^^^^^^
  File "C:\Users\initd\AppData\Local\Programs\Python\Python311\Lib\site-packages\beamngpy\api\beamng\vehicles.py", line 222, in get_states
    resp = self._send(data).recv("ScenarioUpdate")
           ^^^^^^^^^^^^^^^^^^^^^^^^^^^^^^^^^^^^^^^
  File "C:\Users\initd\AppData\Local\Programs\Python\Python311\Lib\site-packages\beamngpy\connection\connection.py", line 298, in recv
    raise message
beamngpy.logging.BNGError: The request was not handled by BeamNG.tech. This can mean:
- an incompatible version of BeamNG.tech/BeamNGpy
- an internal error in BeamNG.tech
- incorrectly implemented custom command
2026-08-08 23:01:36,733 WARNING beamng_lidar_bev.worker: Actor pose enrichment unavailable
Traceback (most recent call last):
  File "C:\Users\initd\Documents\Projects\BeamNG.Tech Mods\BeamNG-LiDAR-BEV\src\beamng_lidar_bev\worker.py", line 1461, in _poll_actor_observations
    states = self._bng.vehicles.get_states(actor_ids)
             ^^^^^^^^^^^^^^^^^^^^^^^^^^^^^^^^^^^^^^^^
  File "C:\Users\initd\AppData\Local\Programs\Python\Python311\Lib\site-packages\beamngpy\api\beamng\vehicles.py", line 222, in get_states
    resp = self._send(data).recv("ScenarioUpdate")
           ^^^^^^^^^^^^^^^^^^^^^^^^^^^^^^^^^^^^^^^
  File "C:\Users\initd\AppData\Local\Programs\Python\Python311\Lib\site-packages\beamngpy\connection\connection.py", line 298, in recv
    raise message
beamngpy.logging.BNGError: The request was not handled by BeamNG.tech. This can mean:
- an incompatible version of BeamNG.tech/BeamNGpy
- an internal error in BeamNG.tech
- incorrectly implemented custom command
2026-08-08 23:01:36,858 WARNING beamng_lidar_bev.worker: Actor pose enrichment unavailable
Traceback (most recent call last):
  File "C:\Users\initd\Documents\Projects\BeamNG.Tech Mods\BeamNG-LiDAR-BEV\src\beamng_lidar_bev\worker.py", line 1461, in _poll_actor_observations
    states = self._bng.vehicles.get_states(actor_ids)
             ^^^^^^^^^^^^^^^^^^^^^^^^^^^^^^^^^^^^^^^^
  File "C:\Users\initd\AppData\Local\Programs\Python\Python311\Lib\site-packages\beamngpy\api\beamng\vehicles.py", line 222, in get_states
    resp = self._send(data).recv("ScenarioUpdate")
           ^^^^^^^^^^^^^^^^^^^^^^^^^^^^^^^^^^^^^^^
  File "C:\Users\initd\AppData\Local\Programs\Python\Python311\Lib\site-packages\beamngpy\connection\connection.py", line 298, in recv
    raise message
beamngpy.logging.BNGError: The request was not handled by BeamNG.tech. This can mean:
- an incompatible version of BeamNG.tech/BeamNGpy
- an internal error in BeamNG.tech
- incorrectly implemented custom command
2026-08-08 23:01:36,989 WARNING beamng_lidar_bev.worker: Actor pose enrichment unavailable
Traceback (most recent call last):
  File "C:\Users\initd\Documents\Projects\BeamNG.Tech Mods\BeamNG-LiDAR-BEV\src\beamng_lidar_bev\worker.py", line 1461, in _poll_actor_observations
    states = self._bng.vehicles.get_states(actor_ids)
             ^^^^^^^^^^^^^^^^^^^^^^^^^^^^^^^^^^^^^^^^
  File "C:\Users\initd\AppData\Local\Programs\Python\Python311\Lib\site-packages\beamngpy\api\beamng\vehicles.py", line 222, in get_states
    resp = self._send(data).recv("ScenarioUpdate")
           ^^^^^^^^^^^^^^^^^^^^^^^^^^^^^^^^^^^^^^^
  File "C:\Users\initd\AppData\Local\Programs\Python\Python311\Lib\site-packages\beamngpy\connection\connection.py", line 298, in recv
    raise message
beamngpy.logging.BNGError: The request was not handled by BeamNG.tech. This can mean:
- an incompatible version of BeamNG.tech/BeamNGpy
- an internal error in BeamNG.tech
- incorrectly implemented custom command
2026-08-08 23:01:37,135 WARNING beamng_lidar_bev.worker: Actor pose enrichment unavailable
Traceback (most recent call last):
  File "C:\Users\initd\Documents\Projects\BeamNG.Tech Mods\BeamNG-LiDAR-BEV\src\beamng_lidar_bev\worker.py", line 1461, in _poll_actor_observations
    states = self._bng.vehicles.get_states(actor_ids)
             ^^^^^^^^^^^^^^^^^^^^^^^^^^^^^^^^^^^^^^^^
  File "C:\Users\initd\AppData\Local\Programs\Python\Python311\Lib\site-packages\beamngpy\api\beamng\vehicles.py", line 222, in get_states
    resp = self._send(data).recv("ScenarioUpdate")
           ^^^^^^^^^^^^^^^^^^^^^^^^^^^^^^^^^^^^^^^
  File "C:\Users\initd\AppData\Local\Programs\Python\Python311\Lib\site-packages\beamngpy\connection\connection.py", line 298, in recv
    raise message
beamngpy.logging.BNGError: The request was not handled by BeamNG.tech. This can mean:
- an incompatible version of BeamNG.tech/BeamNGpy
- an internal error in BeamNG.tech
- incorrectly implemented custom command
2026-08-08 23:01:37,264 WARNING beamng_lidar_bev.worker: Actor pose enrichment unavailable
Traceback (most recent call last):
  File "C:\Users\initd\Documents\Projects\BeamNG.Tech Mods\BeamNG-LiDAR-BEV\src\beamng_lidar_bev\worker.py", line 1461, in _poll_actor_observations
    states = self._bng.vehicles.get_states(actor_ids)
             ^^^^^^^^^^^^^^^^^^^^^^^^^^^^^^^^^^^^^^^^
  File "C:\Users\initd\AppData\Local\Programs\Python\Python311\Lib\site-packages\beamngpy\api\beamng\vehicles.py", line 222, in get_states
    resp = self._send(data).recv("ScenarioUpdate")
           ^^^^^^^^^^^^^^^^^^^^^^^^^^^^^^^^^^^^^^^
  File "C:\Users\initd\AppData\Local\Programs\Python\Python311\Lib\site-packages\beamngpy\connection\connection.py", line 298, in recv
    raise message
beamngpy.logging.BNGError: The request was not handled by BeamNG.tech. This can mean:
- an incompatible version of BeamNG.tech/BeamNGpy
- an internal error in BeamNG.tech
- incorrectly implemented custom command
2026-08-08 23:01:37,406 WARNING beamng_lidar_bev.worker: Actor pose enrichment unavailable
Traceback (most recent call last):
  File "C:\Users\initd\Documents\Projects\BeamNG.Tech Mods\BeamNG-LiDAR-BEV\src\beamng_lidar_bev\worker.py", line 1461, in _poll_actor_observations
    states = self._bng.vehicles.get_states(actor_ids)
             ^^^^^^^^^^^^^^^^^^^^^^^^^^^^^^^^^^^^^^^^
  File "C:\Users\initd\AppData\Local\Programs\Python\Python311\Lib\site-packages\beamngpy\api\beamng\vehicles.py", line 222, in get_states
    resp = self._send(data).recv("ScenarioUpdate")
           ^^^^^^^^^^^^^^^^^^^^^^^^^^^^^^^^^^^^^^^
  File "C:\Users\initd\AppData\Local\Programs\Python\Python311\Lib\site-packages\beamngpy\connection\connection.py", line 298, in recv
    raise message
beamngpy.logging.BNGError: The request was not handled by BeamNG.tech. This can mean:
- an incompatible version of BeamNG.tech/BeamNGpy
- an internal error in BeamNG.tech
- incorrectly implemented custom command
2026-08-08 23:01:37,592 WARNING beamng_lidar_bev.worker: Actor pose enrichment unavailable
Traceback (most recent call last):
  File "C:\Users\initd\Documents\Projects\BeamNG.Tech Mods\BeamNG-LiDAR-BEV\src\beamng_lidar_bev\worker.py", line 1461, in _poll_actor_observations
    states = self._bng.vehicles.get_states(actor_ids)
             ^^^^^^^^^^^^^^^^^^^^^^^^^^^^^^^^^^^^^^^^
  File "C:\Users\initd\AppData\Local\Programs\Python\Python311\Lib\site-packages\beamngpy\api\beamng\vehicles.py", line 222, in get_states
    resp = self._send(data).recv("ScenarioUpdate")
           ^^^^^^^^^^^^^^^^^^^^^^^^^^^^^^^^^^^^^^^
  File "C:\Users\initd\AppData\Local\Programs\Python\Python311\Lib\site-packages\beamngpy\connection\connection.py", line 298, in recv
    raise message
beamngpy.logging.BNGError: The request was not handled by BeamNG.tech. This can mean:
- an incompatible version of BeamNG.tech/BeamNGpy
- an internal error in BeamNG.tech
- incorrectly implemented custom command
2026-08-08 23:01:37,652 WARNING beamng_lidar_bev.worker: Actor pose enrichment unavailable
Traceback (most recent call last):
  File "C:\Users\initd\Documents\Projects\BeamNG.Tech Mods\BeamNG-LiDAR-BEV\src\beamng_lidar_bev\worker.py", line 1461, in _poll_actor_observations
    states = self._bng.vehicles.get_states(actor_ids)
             ^^^^^^^^^^^^^^^^^^^^^^^^^^^^^^^^^^^^^^^^
  File "C:\Users\initd\AppData\Local\Programs\Python\Python311\Lib\site-packages\beamngpy\api\beamng\vehicles.py", line 222, in get_states
    resp = self._send(data).recv("ScenarioUpdate")
           ^^^^^^^^^^^^^^^^^^^^^^^^^^^^^^^^^^^^^^^
  File "C:\Users\initd\AppData\Local\Programs\Python\Python311\Lib\site-packages\beamngpy\connection\connection.py", line 298, in recv
    raise message
beamngpy.logging.BNGError: The request was not handled by BeamNG.tech. This can mean:
- an incompatible version of BeamNG.tech/BeamNGpy
- an internal error in BeamNG.tech
- incorrectly implemented custom command
2026-08-08 23:01:37,809 WARNING beamng_lidar_bev.worker: Actor pose enrichment unavailable
Traceback (most recent call last):
  File "C:\Users\initd\Documents\Projects\BeamNG.Tech Mods\BeamNG-LiDAR-BEV\src\beamng_lidar_bev\worker.py", line 1461, in _poll_actor_observations
    states = self._bng.vehicles.get_states(actor_ids)
             ^^^^^^^^^^^^^^^^^^^^^^^^^^^^^^^^^^^^^^^^
  File "C:\Users\initd\AppData\Local\Programs\Python\Python311\Lib\site-packages\beamngpy\api\beamng\vehicles.py", line 222, in get_states
    resp = self._send(data).recv("ScenarioUpdate")
           ^^^^^^^^^^^^^^^^^^^^^^^^^^^^^^^^^^^^^^^
  File "C:\Users\initd\AppData\Local\Programs\Python\Python311\Lib\site-packages\beamngpy\connection\connection.py", line 298, in recv
    raise message
beamngpy.logging.BNGError: The request was not handled by BeamNG.tech. This can mean:
- an incompatible version of BeamNG.tech/BeamNGpy
- an internal error in BeamNG.tech
- incorrectly implemented custom command
2026-08-08 23:01:37,939 WARNING beamng_lidar_bev.worker: Actor pose enrichment unavailable
Traceback (most recent call last):
  File "C:\Users\initd\Documents\Projects\BeamNG.Tech Mods\BeamNG-LiDAR-BEV\src\beamng_lidar_bev\worker.py", line 1461, in _poll_actor_observations
    states = self._bng.vehicles.get_states(actor_ids)
             ^^^^^^^^^^^^^^^^^^^^^^^^^^^^^^^^^^^^^^^^
  File "C:\Users\initd\AppData\Local\Programs\Python\Python311\Lib\site-packages\beamngpy\api\beamng\vehicles.py", line 222, in get_states
    resp = self._send(data).recv("ScenarioUpdate")
           ^^^^^^^^^^^^^^^^^^^^^^^^^^^^^^^^^^^^^^^
  File "C:\Users\initd\AppData\Local\Programs\Python\Python311\Lib\site-packages\beamngpy\connection\connection.py", line 298, in recv
    raise message
beamngpy.logging.BNGError: The request was not handled by BeamNG.tech. This can mean:
- an incompatible version of BeamNG.tech/BeamNGpy
- an internal error in BeamNG.tech
- incorrectly implemented custom command
2026-08-08 23:01:38,076 WARNING beamng_lidar_bev.worker: Actor pose enrichment unavailable
Traceback (most recent call last):
  File "C:\Users\initd\Documents\Projects\BeamNG.Tech Mods\BeamNG-LiDAR-BEV\src\beamng_lidar_bev\worker.py", line 1461, in _poll_actor_observations
    states = self._bng.vehicles.get_states(actor_ids)
             ^^^^^^^^^^^^^^^^^^^^^^^^^^^^^^^^^^^^^^^^
  File "C:\Users\initd\AppData\Local\Programs\Python\Python311\Lib\site-packages\beamngpy\api\beamng\vehicles.py", line 222, in get_states
    resp = self._send(data).recv("ScenarioUpdate")
           ^^^^^^^^^^^^^^^^^^^^^^^^^^^^^^^^^^^^^^^
  File "C:\Users\initd\AppData\Local\Programs\Python\Python311\Lib\site-packages\beamngpy\connection\connection.py", line 298, in recv
    raise message
beamngpy.logging.BNGError: The request was not handled by BeamNG.tech. This can mean:
- an incompatible version of BeamNG.tech/BeamNGpy
- an internal error in BeamNG.tech
- incorrectly implemented custom command
2026-08-08 23:01:38,213 WARNING beamng_lidar_bev.worker: Actor pose enrichment unavailable
Traceback (most recent call last):
  File "C:\Users\initd\Documents\Projects\BeamNG.Tech Mods\BeamNG-LiDAR-BEV\src\beamng_lidar_bev\worker.py", line 1461, in _poll_actor_observations
    states = self._bng.vehicles.get_states(actor_ids)
             ^^^^^^^^^^^^^^^^^^^^^^^^^^^^^^^^^^^^^^^^
  File "C:\Users\initd\AppData\Local\Programs\Python\Python311\Lib\site-packages\beamngpy\api\beamng\vehicles.py", line 222, in get_states
    resp = self._send(data).recv("ScenarioUpdate")
           ^^^^^^^^^^^^^^^^^^^^^^^^^^^^^^^^^^^^^^^
  File "C:\Users\initd\AppData\Local\Programs\Python\Python311\Lib\site-packages\beamngpy\connection\connection.py", line 298, in recv
    raise message
beamngpy.logging.BNGError: The request was not handled by BeamNG.tech. This can mean:
- an incompatible version of BeamNG.tech/BeamNGpy
- an internal error in BeamNG.tech
- incorrectly implemented custom command
2026-08-08 23:01:38,336 WARNING beamng_lidar_bev.worker: Actor pose enrichment unavailable
Traceback (most recent call last):
  File "C:\Users\initd\Documents\Projects\BeamNG.Tech Mods\BeamNG-LiDAR-BEV\src\beamng_lidar_bev\worker.py", line 1461, in _poll_actor_observations
    states = self._bng.vehicles.get_states(actor_ids)
             ^^^^^^^^^^^^^^^^^^^^^^^^^^^^^^^^^^^^^^^^
  File "C:\Users\initd\AppData\Local\Programs\Python\Python311\Lib\site-packages\beamngpy\api\beamng\vehicles.py", line 222, in get_states
    resp = self._send(data).recv("ScenarioUpdate")
           ^^^^^^^^^^^^^^^^^^^^^^^^^^^^^^^^^^^^^^^
  File "C:\Users\initd\AppData\Local\Programs\Python\Python311\Lib\site-packages\beamngpy\connection\connection.py", line 298, in recv
    raise message
beamngpy.logging.BNGError: The request was not handled by BeamNG.tech. This can mean:
- an incompatible version of BeamNG.tech/BeamNGpy
- an internal error in BeamNG.tech
- incorrectly implemented custom command
2026-08-08 23:01:38,477 WARNING beamng_lidar_bev.worker: Actor pose enrichment unavailable
Traceback (most recent call last):
  File "C:\Users\initd\Documents\Projects\BeamNG.Tech Mods\BeamNG-LiDAR-BEV\src\beamng_lidar_bev\worker.py", line 1461, in _poll_actor_observations
    states = self._bng.vehicles.get_states(actor_ids)
             ^^^^^^^^^^^^^^^^^^^^^^^^^^^^^^^^^^^^^^^^
  File "C:\Users\initd\AppData\Local\Programs\Python\Python311\Lib\site-packages\beamngpy\api\beamng\vehicles.py", line 222, in get_states
    resp = self._send(data).recv("ScenarioUpdate")
           ^^^^^^^^^^^^^^^^^^^^^^^^^^^^^^^^^^^^^^^
  File "C:\Users\initd\AppData\Local\Programs\Python\Python311\Lib\site-packages\beamngpy\connection\connection.py", line 298, in recv
    raise message
beamngpy.logging.BNGError: The request was not handled by BeamNG.tech. This can mean:
- an incompatible version of BeamNG.tech/BeamNGpy
- an internal error in BeamNG.tech
- incorrectly implemented custom command
2026-08-08 23:01:38,690 WARNING beamng_lidar_bev.worker: Actor pose enrichment unavailable
Traceback (most recent call last):
  File "C:\Users\initd\Documents\Projects\BeamNG.Tech Mods\BeamNG-LiDAR-BEV\src\beamng_lidar_bev\worker.py", line 1461, in _poll_actor_observations
    states = self._bng.vehicles.get_states(actor_ids)
             ^^^^^^^^^^^^^^^^^^^^^^^^^^^^^^^^^^^^^^^^
  File "C:\Users\initd\AppData\Local\Programs\Python\Python311\Lib\site-packages\beamngpy\api\beamng\vehicles.py", line 222, in get_states
    resp = self._send(data).recv("ScenarioUpdate")
           ^^^^^^^^^^^^^^^^^^^^^^^^^^^^^^^^^^^^^^^
  File "C:\Users\initd\AppData\Local\Programs\Python\Python311\Lib\site-packages\beamngpy\connection\connection.py", line 298, in recv
    raise message
beamngpy.logging.BNGError: The request was not handled by BeamNG.tech. This can mean:
- an incompatible version of BeamNG.tech/BeamNGpy
- an internal error in BeamNG.tech
- incorrectly implemented custom command
2026-08-08 23:01:38,848 WARNING beamng_lidar_bev.worker: Actor pose enrichment unavailable
Traceback (most recent call last):
  File "C:\Users\initd\Documents\Projects\BeamNG.Tech Mods\BeamNG-LiDAR-BEV\src\beamng_lidar_bev\worker.py", line 1461, in _poll_actor_observations
    states = self._bng.vehicles.get_states(actor_ids)
             ^^^^^^^^^^^^^^^^^^^^^^^^^^^^^^^^^^^^^^^^
  File "C:\Users\initd\AppData\Local\Programs\Python\Python311\Lib\site-packages\beamngpy\api\beamng\vehicles.py", line 222, in get_states
    resp = self._send(data).recv("ScenarioUpdate")
           ^^^^^^^^^^^^^^^^^^^^^^^^^^^^^^^^^^^^^^^
  File "C:\Users\initd\AppData\Local\Programs\Python\Python311\Lib\site-packages\beamngpy\connection\connection.py", line 298, in recv
    raise message
beamngpy.logging.BNGError: The request was not handled by BeamNG.tech. This can mean:
- an incompatible version of BeamNG.tech/BeamNGpy
- an internal error in BeamNG.tech
- incorrectly implemented custom command
2026-08-08 23:01:38,984 WARNING beamng_lidar_bev.worker: Actor pose enrichment unavailable
Traceback (most recent call last):
  File "C:\Users\initd\Documents\Projects\BeamNG.Tech Mods\BeamNG-LiDAR-BEV\src\beamng_lidar_bev\worker.py", line 1461, in _poll_actor_observations
    states = self._bng.vehicles.get_states(actor_ids)
             ^^^^^^^^^^^^^^^^^^^^^^^^^^^^^^^^^^^^^^^^
  File "C:\Users\initd\AppData\Local\Programs\Python\Python311\Lib\site-packages\beamngpy\api\beamng\vehicles.py", line 222, in get_states
    resp = self._send(data).recv("ScenarioUpdate")
           ^^^^^^^^^^^^^^^^^^^^^^^^^^^^^^^^^^^^^^^
  File "C:\Users\initd\AppData\Local\Programs\Python\Python311\Lib\site-packages\beamngpy\connection\connection.py", line 298, in recv
    raise message
beamngpy.logging.BNGError: The request was not handled by BeamNG.tech. This can mean:
- an incompatible version of BeamNG.tech/BeamNGpy
- an internal error in BeamNG.tech
- incorrectly implemented custom command
2026-08-08 23:01:39,158 WARNING beamng_lidar_bev.worker: Actor pose enrichment unavailable
Traceback (most recent call last):
  File "C:\Users\initd\Documents\Projects\BeamNG.Tech Mods\BeamNG-LiDAR-BEV\src\beamng_lidar_bev\worker.py", line 1461, in _poll_actor_observations
    states = self._bng.vehicles.get_states(actor_ids)
             ^^^^^^^^^^^^^^^^^^^^^^^^^^^^^^^^^^^^^^^^
  File "C:\Users\initd\AppData\Local\Programs\Python\Python311\Lib\site-packages\beamngpy\api\beamng\vehicles.py", line 222, in get_states
    resp = self._send(data).recv("ScenarioUpdate")
           ^^^^^^^^^^^^^^^^^^^^^^^^^^^^^^^^^^^^^^^
  File "C:\Users\initd\AppData\Local\Programs\Python\Python311\Lib\site-packages\beamngpy\connection\connection.py", line 298, in recv
    raise message
beamngpy.logging.BNGError: The request was not handled by BeamNG.tech. This can mean:
- an incompatible version of BeamNG.tech/BeamNGpy
- an internal error in BeamNG.tech
- incorrectly implemented custom command
2026-08-08 23:01:39,308 WARNING beamng_lidar_bev.worker: Actor pose enrichment unavailable
Traceback (most recent call last):
  File "C:\Users\initd\Documents\Projects\BeamNG.Tech Mods\BeamNG-LiDAR-BEV\src\beamng_lidar_bev\worker.py", line 1461, in _poll_actor_observations
    states = self._bng.vehicles.get_states(actor_ids)
             ^^^^^^^^^^^^^^^^^^^^^^^^^^^^^^^^^^^^^^^^
  File "C:\Users\initd\AppData\Local\Programs\Python\Python311\Lib\site-packages\beamngpy\api\beamng\vehicles.py", line 222, in get_states
    resp = self._send(data).recv("ScenarioUpdate")
           ^^^^^^^^^^^^^^^^^^^^^^^^^^^^^^^^^^^^^^^
  File "C:\Users\initd\AppData\Local\Programs\Python\Python311\Lib\site-packages\beamngpy\connection\connection.py", line 298, in recv
    raise message
beamngpy.logging.BNGError: The request was not handled by BeamNG.tech. This can mean:
- an incompatible version of BeamNG.tech/BeamNGpy
- an internal error in BeamNG.tech
- incorrectly implemented custom command
2026-08-08 23:01:39,443 WARNING beamng_lidar_bev.worker: Actor pose enrichment unavailable
Traceback (most recent call last):
  File "C:\Users\initd\Documents\Projects\BeamNG.Tech Mods\BeamNG-LiDAR-BEV\src\beamng_lidar_bev\worker.py", line 1461, in _poll_actor_observations
    states = self._bng.vehicles.get_states(actor_ids)
             ^^^^^^^^^^^^^^^^^^^^^^^^^^^^^^^^^^^^^^^^
  File "C:\Users\initd\AppData\Local\Programs\Python\Python311\Lib\site-packages\beamngpy\api\beamng\vehicles.py", line 222, in get_states
    resp = self._send(data).recv("ScenarioUpdate")
           ^^^^^^^^^^^^^^^^^^^^^^^^^^^^^^^^^^^^^^^
  File "C:\Users\initd\AppData\Local\Programs\Python\Python311\Lib\site-packages\beamngpy\connection\connection.py", line 298, in recv
    raise message
beamngpy.logging.BNGError: The request was not handled by BeamNG.tech. This can mean:
- an incompatible version of BeamNG.tech/BeamNGpy
- an internal error in BeamNG.tech
- incorrectly implemented custom command
2026-08-08 23:01:39,646 WARNING beamng_lidar_bev.worker: Actor pose enrichment unavailable
Traceback (most recent call last):
  File "C:\Users\initd\Documents\Projects\BeamNG.Tech Mods\BeamNG-LiDAR-BEV\src\beamng_lidar_bev\worker.py", line 1461, in _poll_actor_observations
    states = self._bng.vehicles.get_states(actor_ids)
             ^^^^^^^^^^^^^^^^^^^^^^^^^^^^^^^^^^^^^^^^
  File "C:\Users\initd\AppData\Local\Programs\Python\Python311\Lib\site-packages\beamngpy\api\beamng\vehicles.py", line 222, in get_states
    resp = self._send(data).recv("ScenarioUpdate")
           ^^^^^^^^^^^^^^^^^^^^^^^^^^^^^^^^^^^^^^^
  File "C:\Users\initd\AppData\Local\Programs\Python\Python311\Lib\site-packages\beamngpy\connection\connection.py", line 298, in recv
    raise message
beamngpy.logging.BNGError: The request was not handled by BeamNG.tech. This can mean:
- an incompatible version of BeamNG.tech/BeamNGpy
- an internal error in BeamNG.tech
- incorrectly implemented custom command
2026-08-08 23:01:39,719 WARNING beamng_lidar_bev.worker: Actor pose enrichment unavailable
Traceback (most recent call last):
  File "C:\Users\initd\Documents\Projects\BeamNG.Tech Mods\BeamNG-LiDAR-BEV\src\beamng_lidar_bev\worker.py", line 1461, in _poll_actor_observations
    states = self._bng.vehicles.get_states(actor_ids)
             ^^^^^^^^^^^^^^^^^^^^^^^^^^^^^^^^^^^^^^^^
  File "C:\Users\initd\AppData\Local\Programs\Python\Python311\Lib\site-packages\beamngpy\api\beamng\vehicles.py", line 222, in get_states
    resp = self._send(data).recv("ScenarioUpdate")
           ^^^^^^^^^^^^^^^^^^^^^^^^^^^^^^^^^^^^^^^
  File "C:\Users\initd\AppData\Local\Programs\Python\Python311\Lib\site-packages\beamngpy\connection\connection.py", line 298, in recv
    raise message
beamngpy.logging.BNGError: The request was not handled by BeamNG.tech. This can mean:
- an incompatible version of BeamNG.tech/BeamNGpy
- an internal error in BeamNG.tech
- incorrectly implemented custom command
2026-08-08 23:01:39,839 INFO beamng_lidar_bev.main_window: 3D scene build is over budget at 84.6 ms (tick is 40 ms), so WORLD is dropping frames. Control and AEB are unaffected -- they run on the BeamNG thread.
2026-08-08 23:01:39,871 WARNING beamng_lidar_bev.worker: Actor pose enrichment unavailable
Traceback (most recent call last):
  File "C:\Users\initd\Documents\Projects\BeamNG.Tech Mods\BeamNG-LiDAR-BEV\src\beamng_lidar_bev\worker.py", line 1461, in _poll_actor_observations
    states = self._bng.vehicles.get_states(actor_ids)
             ^^^^^^^^^^^^^^^^^^^^^^^^^^^^^^^^^^^^^^^^
  File "C:\Users\initd\AppData\Local\Programs\Python\Python311\Lib\site-packages\beamngpy\api\beamng\vehicles.py", line 222, in get_states
    resp = self._send(data).recv("ScenarioUpdate")
           ^^^^^^^^^^^^^^^^^^^^^^^^^^^^^^^^^^^^^^^
  File "C:\Users\initd\AppData\Local\Programs\Python\Python311\Lib\site-packages\beamngpy\connection\connection.py", line 298, in recv
    raise message
beamngpy.logging.BNGError: The request was not handled by BeamNG.tech. This can mean:
- an incompatible version of BeamNG.tech/BeamNGpy
- an internal error in BeamNG.tech
- incorrectly implemented custom command
2026-08-08 23:01:40,017 WARNING beamng_lidar_bev.worker: Actor pose enrichment unavailable
Traceback (most recent call last):
  File "C:\Users\initd\Documents\Projects\BeamNG.Tech Mods\BeamNG-LiDAR-BEV\src\beamng_lidar_bev\worker.py", line 1461, in _poll_actor_observations
    states = self._bng.vehicles.get_states(actor_ids)
             ^^^^^^^^^^^^^^^^^^^^^^^^^^^^^^^^^^^^^^^^
  File "C:\Users\initd\AppData\Local\Programs\Python\Python311\Lib\site-packages\beamngpy\api\beamng\vehicles.py", line 222, in get_states
    resp = self._send(data).recv("ScenarioUpdate")
           ^^^^^^^^^^^^^^^^^^^^^^^^^^^^^^^^^^^^^^^
  File "C:\Users\initd\AppData\Local\Programs\Python\Python311\Lib\site-packages\beamngpy\connection\connection.py", line 298, in recv
    raise message
beamngpy.logging.BNGError: The request was not handled by BeamNG.tech. This can mean:
- an incompatible version of BeamNG.tech/BeamNGpy
- an internal error in BeamNG.tech
- incorrectly implemented custom command
2026-08-08 23:01:40,162 WARNING beamng_lidar_bev.worker: Actor pose enrichment unavailable
Traceback (most recent call last):
  File "C:\Users\initd\Documents\Projects\BeamNG.Tech Mods\BeamNG-LiDAR-BEV\src\beamng_lidar_bev\worker.py", line 1461, in _poll_actor_observations
    states = self._bng.vehicles.get_states(actor_ids)
             ^^^^^^^^^^^^^^^^^^^^^^^^^^^^^^^^^^^^^^^^
  File "C:\Users\initd\AppData\Local\Programs\Python\Python311\Lib\site-packages\beamngpy\api\beamng\vehicles.py", line 222, in get_states
    resp = self._send(data).recv("ScenarioUpdate")
           ^^^^^^^^^^^^^^^^^^^^^^^^^^^^^^^^^^^^^^^
  File "C:\Users\initd\AppData\Local\Programs\Python\Python311\Lib\site-packages\beamngpy\connection\connection.py", line 298, in recv
    raise message
beamngpy.logging.BNGError: The request was not handled by BeamNG.tech. This can mean:
- an incompatible version of BeamNG.tech/BeamNGpy
- an internal error in BeamNG.tech
- incorrectly implemented custom command
2026-08-08 23:01:40,294 WARNING beamng_lidar_bev.worker: Actor pose enrichment unavailable
Traceback (most recent call last):
  File "C:\Users\initd\Documents\Projects\BeamNG.Tech Mods\BeamNG-LiDAR-BEV\src\beamng_lidar_bev\worker.py", line 1461, in _poll_actor_observations
    states = self._bng.vehicles.get_states(actor_ids)
             ^^^^^^^^^^^^^^^^^^^^^^^^^^^^^^^^^^^^^^^^
  File "C:\Users\initd\AppData\Local\Programs\Python\Python311\Lib\site-packages\beamngpy\api\beamng\vehicles.py", line 222, in get_states
    resp = self._send(data).recv("ScenarioUpdate")
           ^^^^^^^^^^^^^^^^^^^^^^^^^^^^^^^^^^^^^^^
  File "C:\Users\initd\AppData\Local\Programs\Python\Python311\Lib\site-packages\beamngpy\connection\connection.py", line 298, in recv
    raise message
beamngpy.logging.BNGError: The request was not handled by BeamNG.tech. This can mean:
- an incompatible version of BeamNG.tech/BeamNGpy
- an internal error in BeamNG.tech
- incorrectly implemented custom command
2026-08-08 23:01:40,447 WARNING beamng_lidar_bev.worker: Actor pose enrichment unavailable
Traceback (most recent call last):
  File "C:\Users\initd\Documents\Projects\BeamNG.Tech Mods\BeamNG-LiDAR-BEV\src\beamng_lidar_bev\worker.py", line 1461, in _poll_actor_observations
    states = self._bng.vehicles.get_states(actor_ids)
             ^^^^^^^^^^^^^^^^^^^^^^^^^^^^^^^^^^^^^^^^
  File "C:\Users\initd\AppData\Local\Programs\Python\Python311\Lib\site-packages\beamngpy\api\beamng\vehicles.py", line 222, in get_states
    resp = self._send(data).recv("ScenarioUpdate")
           ^^^^^^^^^^^^^^^^^^^^^^^^^^^^^^^^^^^^^^^
  File "C:\Users\initd\AppData\Local\Programs\Python\Python311\Lib\site-packages\beamngpy\connection\connection.py", line 298, in recv
    raise message
beamngpy.logging.BNGError: The request was not handled by BeamNG.tech. This can mean:
- an incompatible version of BeamNG.tech/BeamNGpy
- an internal error in BeamNG.tech
- incorrectly implemented custom command
2026-08-08 23:01:40,592 WARNING beamng_lidar_bev.worker: Actor pose enrichment unavailable
Traceback (most recent call last):
  File "C:\Users\initd\Documents\Projects\BeamNG.Tech Mods\BeamNG-LiDAR-BEV\src\beamng_lidar_bev\worker.py", line 1461, in _poll_actor_observations
    states = self._bng.vehicles.get_states(actor_ids)
             ^^^^^^^^^^^^^^^^^^^^^^^^^^^^^^^^^^^^^^^^
  File "C:\Users\initd\AppData\Local\Programs\Python\Python311\Lib\site-packages\beamngpy\api\beamng\vehicles.py", line 222, in get_states
    resp = self._send(data).recv("ScenarioUpdate")
           ^^^^^^^^^^^^^^^^^^^^^^^^^^^^^^^^^^^^^^^
  File "C:\Users\initd\AppData\Local\Programs\Python\Python311\Lib\site-packages\beamngpy\connection\connection.py", line 298, in recv
    raise message
beamngpy.logging.BNGError: The request was not handled by BeamNG.tech. This can mean:
- an incompatible version of BeamNG.tech/BeamNGpy
- an internal error in BeamNG.tech
- incorrectly implemented custom command
2026-08-08 23:01:40,764 WARNING beamng_lidar_bev.worker: Actor pose enrichment unavailable
Traceback (most recent call last):
  File "C:\Users\initd\Documents\Projects\BeamNG.Tech Mods\BeamNG-LiDAR-BEV\src\beamng_lidar_bev\worker.py", line 1461, in _poll_actor_observations
    states = self._bng.vehicles.get_states(actor_ids)
             ^^^^^^^^^^^^^^^^^^^^^^^^^^^^^^^^^^^^^^^^
  File "C:\Users\initd\AppData\Local\Programs\Python\Python311\Lib\site-packages\beamngpy\api\beamng\vehicles.py", line 222, in get_states
    resp = self._send(data).recv("ScenarioUpdate")
           ^^^^^^^^^^^^^^^^^^^^^^^^^^^^^^^^^^^^^^^
  File "C:\Users\initd\AppData\Local\Programs\Python\Python311\Lib\site-packages\beamngpy\connection\connection.py", line 298, in recv
    raise message
beamngpy.logging.BNGError: The request was not handled by BeamNG.tech. This can mean:
- an incompatible version of BeamNG.tech/BeamNGpy
- an internal error in BeamNG.tech
- incorrectly implemented custom command
2026-08-08 23:01:40,912 WARNING beamng_lidar_bev.worker: Actor pose enrichment unavailable
Traceback (most recent call last):
  File "C:\Users\initd\Documents\Projects\BeamNG.Tech Mods\BeamNG-LiDAR-BEV\src\beamng_lidar_bev\worker.py", line 1461, in _poll_actor_observations
    states = self._bng.vehicles.get_states(actor_ids)
             ^^^^^^^^^^^^^^^^^^^^^^^^^^^^^^^^^^^^^^^^
  File "C:\Users\initd\AppData\Local\Programs\Python\Python311\Lib\site-packages\beamngpy\api\beamng\vehicles.py", line 222, in get_states
    resp = self._send(data).recv("ScenarioUpdate")
           ^^^^^^^^^^^^^^^^^^^^^^^^^^^^^^^^^^^^^^^
  File "C:\Users\initd\AppData\Local\Programs\Python\Python311\Lib\site-packages\beamngpy\connection\connection.py", line 298, in recv
    raise message
beamngpy.logging.BNGError: The request was not handled by BeamNG.tech. This can mean:
- an incompatible version of BeamNG.tech/BeamNGpy
- an internal error in BeamNG.tech
- incorrectly implemented custom command
2026-08-08 23:01:41,086 WARNING beamng_lidar_bev.worker: Actor pose enrichment unavailable
Traceback (most recent call last):
  File "C:\Users\initd\Documents\Projects\BeamNG.Tech Mods\BeamNG-LiDAR-BEV\src\beamng_lidar_bev\worker.py", line 1461, in _poll_actor_observations
    states = self._bng.vehicles.get_states(actor_ids)
             ^^^^^^^^^^^^^^^^^^^^^^^^^^^^^^^^^^^^^^^^
  File "C:\Users\initd\AppData\Local\Programs\Python\Python311\Lib\site-packages\beamngpy\api\beamng\vehicles.py", line 222, in get_states
    resp = self._send(data).recv("ScenarioUpdate")
           ^^^^^^^^^^^^^^^^^^^^^^^^^^^^^^^^^^^^^^^
  File "C:\Users\initd\AppData\Local\Programs\Python\Python311\Lib\site-packages\beamngpy\connection\connection.py", line 298, in recv
    raise message
beamngpy.logging.BNGError: The request was not handled by BeamNG.tech. This can mean:
- an incompatible version of BeamNG.tech/BeamNGpy
- an internal error in BeamNG.tech
- incorrectly implemented custom command
2026-08-08 23:01:41,246 WARNING beamng_lidar_bev.worker: Actor pose enrichment unavailable
Traceback (most recent call last):
  File "C:\Users\initd\Documents\Projects\BeamNG.Tech Mods\BeamNG-LiDAR-BEV\src\beamng_lidar_bev\worker.py", line 1461, in _poll_actor_observations
    states = self._bng.vehicles.get_states(actor_ids)
             ^^^^^^^^^^^^^^^^^^^^^^^^^^^^^^^^^^^^^^^^
  File "C:\Users\initd\AppData\Local\Programs\Python\Python311\Lib\site-packages\beamngpy\api\beamng\vehicles.py", line 222, in get_states
    resp = self._send(data).recv("ScenarioUpdate")
           ^^^^^^^^^^^^^^^^^^^^^^^^^^^^^^^^^^^^^^^
  File "C:\Users\initd\AppData\Local\Programs\Python\Python311\Lib\site-packages\beamngpy\connection\connection.py", line 298, in recv
    raise message
beamngpy.logging.BNGError: The request was not handled by BeamNG.tech. This can mean:
- an incompatible version of BeamNG.tech/BeamNGpy
- an internal error in BeamNG.tech
- incorrectly implemented custom command
2026-08-08 23:01:41,354 INFO beamng_lidar_bev.worker: AEB: ARMED at -0.3 km/h | threat 3.2 m (brake-now 2.1, standoff 2.1, horizon 55.7) | required 0.0 m/s^2 ttc inf | k -0.0041 brake 0.00 | Watching an obstacle at 3.2 m (1 m before it acts)
2026-08-08 23:01:41,376 WARNING beamng_lidar_bev.worker: Actor pose enrichment unavailable
Traceback (most recent call last):
  File "C:\Users\initd\Documents\Projects\BeamNG.Tech Mods\BeamNG-LiDAR-BEV\src\beamng_lidar_bev\worker.py", line 1461, in _poll_actor_observations
    states = self._bng.vehicles.get_states(actor_ids)
             ^^^^^^^^^^^^^^^^^^^^^^^^^^^^^^^^^^^^^^^^
  File "C:\Users\initd\AppData\Local\Programs\Python\Python311\Lib\site-packages\beamngpy\api\beamng\vehicles.py", line 222, in get_states
    resp = self._send(data).recv("ScenarioUpdate")
           ^^^^^^^^^^^^^^^^^^^^^^^^^^^^^^^^^^^^^^^
  File "C:\Users\initd\AppData\Local\Programs\Python\Python311\Lib\site-packages\beamngpy\connection\connection.py", line 298, in recv
    raise message
beamngpy.logging.BNGError: The request was not handled by BeamNG.tech. This can mean:
- an incompatible version of BeamNG.tech/BeamNGpy
- an internal error in BeamNG.tech
- incorrectly implemented custom command
2026-08-08 23:01:41,417 INFO beamng_lidar_bev.worker: AEB: STANDBY at -0.0 km/h | threat none (brake-now 2.1, standoff 2.1, horizon 8.1) | required 0.0 m/s^2 ttc inf | k +0.0000 brake 0.00 | Standing by below 7 km/h
2026-08-08 23:01:41,507 WARNING beamng_lidar_bev.worker: Actor pose enrichment unavailable
Traceback (most recent call last):
  File "C:\Users\initd\Documents\Projects\BeamNG.Tech Mods\BeamNG-LiDAR-BEV\src\beamng_lidar_bev\worker.py", line 1461, in _poll_actor_observations
    states = self._bng.vehicles.get_states(actor_ids)
             ^^^^^^^^^^^^^^^^^^^^^^^^^^^^^^^^^^^^^^^^
  File "C:\Users\initd\AppData\Local\Programs\Python\Python311\Lib\site-packages\beamngpy\api\beamng\vehicles.py", line 222, in get_states
    resp = self._send(data).recv("ScenarioUpdate")
           ^^^^^^^^^^^^^^^^^^^^^^^^^^^^^^^^^^^^^^^
  File "C:\Users\initd\AppData\Local\Programs\Python\Python311\Lib\site-packages\beamngpy\connection\connection.py", line 298, in recv
    raise message
beamngpy.logging.BNGError: The request was not handled by BeamNG.tech. This can mean:
- an incompatible version of BeamNG.tech/BeamNGpy
- an internal error in BeamNG.tech
- incorrectly implemented custom command
2026-08-08 23:01:41,628 WARNING beamng_lidar_bev.worker: Actor pose enrichment unavailable
Traceback (most recent call last):
  File "C:\Users\initd\Documents\Projects\BeamNG.Tech Mods\BeamNG-LiDAR-BEV\src\beamng_lidar_bev\worker.py", line 1461, in _poll_actor_observations
    states = self._bng.vehicles.get_states(actor_ids)
             ^^^^^^^^^^^^^^^^^^^^^^^^^^^^^^^^^^^^^^^^
  File "C:\Users\initd\AppData\Local\Programs\Python\Python311\Lib\site-packages\beamngpy\api\beamng\vehicles.py", line 222, in get_states
    resp = self._send(data).recv("ScenarioUpdate")
           ^^^^^^^^^^^^^^^^^^^^^^^^^^^^^^^^^^^^^^^
  File "C:\Users\initd\AppData\Local\Programs\Python\Python311\Lib\site-packages\beamngpy\connection\connection.py", line 298, in recv
    raise message
beamngpy.logging.BNGError: The request was not handled by BeamNG.tech. This can mean:
- an incompatible version of BeamNG.tech/BeamNGpy
- an internal error in BeamNG.tech
- incorrectly implemented custom command
2026-08-08 23:01:41,783 WARNING beamng_lidar_bev.worker: Actor pose enrichment unavailable
Traceback (most recent call last):
  File "C:\Users\initd\Documents\Projects\BeamNG.Tech Mods\BeamNG-LiDAR-BEV\src\beamng_lidar_bev\worker.py", line 1461, in _poll_actor_observations
    states = self._bng.vehicles.get_states(actor_ids)
             ^^^^^^^^^^^^^^^^^^^^^^^^^^^^^^^^^^^^^^^^
  File "C:\Users\initd\AppData\Local\Programs\Python\Python311\Lib\site-packages\beamngpy\api\beamng\vehicles.py", line 222, in get_states
    resp = self._send(data).recv("ScenarioUpdate")
           ^^^^^^^^^^^^^^^^^^^^^^^^^^^^^^^^^^^^^^^
  File "C:\Users\initd\AppData\Local\Programs\Python\Python311\Lib\site-packages\beamngpy\connection\connection.py", line 298, in recv
    raise message
beamngpy.logging.BNGError: The request was not handled by BeamNG.tech. This can mean:
- an incompatible version of BeamNG.tech/BeamNGpy
- an internal error in BeamNG.tech
- incorrectly implemented custom command
2026-08-08 23:01:41,930 WARNING beamng_lidar_bev.worker: Actor pose enrichment unavailable
Traceback (most recent call last):
  File "C:\Users\initd\Documents\Projects\BeamNG.Tech Mods\BeamNG-LiDAR-BEV\src\beamng_lidar_bev\worker.py", line 1461, in _poll_actor_observations
    states = self._bng.vehicles.get_states(actor_ids)
             ^^^^^^^^^^^^^^^^^^^^^^^^^^^^^^^^^^^^^^^^
  File "C:\Users\initd\AppData\Local\Programs\Python\Python311\Lib\site-packages\beamngpy\api\beamng\vehicles.py", line 222, in get_states
    resp = self._send(data).recv("ScenarioUpdate")
           ^^^^^^^^^^^^^^^^^^^^^^^^^^^^^^^^^^^^^^^
  File "C:\Users\initd\AppData\Local\Programs\Python\Python311\Lib\site-packages\beamngpy\connection\connection.py", line 298, in recv
    raise message
beamngpy.logging.BNGError: The request was not handled by BeamNG.tech. This can mean:
- an incompatible version of BeamNG.tech/BeamNGpy
- an internal error in BeamNG.tech
- incorrectly implemented custom command
2026-08-08 23:01:42,036 WARNING beamng_lidar_bev.worker: Actor pose enrichment unavailable
Traceback (most recent call last):
  File "C:\Users\initd\Documents\Projects\BeamNG.Tech Mods\BeamNG-LiDAR-BEV\src\beamng_lidar_bev\worker.py", line 1461, in _poll_actor_observations
    states = self._bng.vehicles.get_states(actor_ids)
             ^^^^^^^^^^^^^^^^^^^^^^^^^^^^^^^^^^^^^^^^
  File "C:\Users\initd\AppData\Local\Programs\Python\Python311\Lib\site-packages\beamngpy\api\beamng\vehicles.py", line 222, in get_states
    resp = self._send(data).recv("ScenarioUpdate")
           ^^^^^^^^^^^^^^^^^^^^^^^^^^^^^^^^^^^^^^^
  File "C:\Users\initd\AppData\Local\Programs\Python\Python311\Lib\site-packages\beamngpy\connection\connection.py", line 298, in recv
    raise message
beamngpy.logging.BNGError: The request was not handled by BeamNG.tech. This can mean:
- an incompatible version of BeamNG.tech/BeamNGpy
- an internal error in BeamNG.tech
- incorrectly implemented custom command
2026-08-08 23:01:42,190 WARNING beamng_lidar_bev.worker: Actor pose enrichment unavailable
Traceback (most recent call last):
  File "C:\Users\initd\Documents\Projects\BeamNG.Tech Mods\BeamNG-LiDAR-BEV\src\beamng_lidar_bev\worker.py", line 1461, in _poll_actor_observations
    states = self._bng.vehicles.get_states(actor_ids)
             ^^^^^^^^^^^^^^^^^^^^^^^^^^^^^^^^^^^^^^^^
  File "C:\Users\initd\AppData\Local\Programs\Python\Python311\Lib\site-packages\beamngpy\api\beamng\vehicles.py", line 222, in get_states
    resp = self._send(data).recv("ScenarioUpdate")
           ^^^^^^^^^^^^^^^^^^^^^^^^^^^^^^^^^^^^^^^
  File "C:\Users\initd\AppData\Local\Programs\Python\Python311\Lib\site-packages\beamngpy\connection\connection.py", line 298, in recv
    raise message
beamngpy.logging.BNGError: The request was not handled by BeamNG.tech. This can mean:
- an incompatible version of BeamNG.tech/BeamNGpy
- an internal error in BeamNG.tech
- incorrectly implemented custom command
2026-08-08 23:01:42,336 WARNING beamng_lidar_bev.worker: Actor pose enrichment unavailable
Traceback (most recent call last):
  File "C:\Users\initd\Documents\Projects\BeamNG.Tech Mods\BeamNG-LiDAR-BEV\src\beamng_lidar_bev\worker.py", line 1461, in _poll_actor_observations
    states = self._bng.vehicles.get_states(actor_ids)
             ^^^^^^^^^^^^^^^^^^^^^^^^^^^^^^^^^^^^^^^^
  File "C:\Users\initd\AppData\Local\Programs\Python\Python311\Lib\site-packages\beamngpy\api\beamng\vehicles.py", line 222, in get_states
    resp = self._send(data).recv("ScenarioUpdate")
           ^^^^^^^^^^^^^^^^^^^^^^^^^^^^^^^^^^^^^^^
  File "C:\Users\initd\AppData\Local\Programs\Python\Python311\Lib\site-packages\beamngpy\connection\connection.py", line 298, in recv
    raise message
beamngpy.logging.BNGError: The request was not handled by BeamNG.tech. This can mean:
- an incompatible version of BeamNG.tech/BeamNGpy
- an internal error in BeamNG.tech
- incorrectly implemented custom command
2026-08-08 23:01:42,446 WARNING beamng_lidar_bev.worker: Actor pose enrichment unavailable
Traceback (most recent call last):
  File "C:\Users\initd\Documents\Projects\BeamNG.Tech Mods\BeamNG-LiDAR-BEV\src\beamng_lidar_bev\worker.py", line 1461, in _poll_actor_observations
    states = self._bng.vehicles.get_states(actor_ids)
             ^^^^^^^^^^^^^^^^^^^^^^^^^^^^^^^^^^^^^^^^
  File "C:\Users\initd\AppData\Local\Programs\Python\Python311\Lib\site-packages\beamngpy\api\beamng\vehicles.py", line 222, in get_states
    resp = self._send(data).recv("ScenarioUpdate")
           ^^^^^^^^^^^^^^^^^^^^^^^^^^^^^^^^^^^^^^^
  File "C:\Users\initd\AppData\Local\Programs\Python\Python311\Lib\site-packages\beamngpy\connection\connection.py", line 298, in recv
    raise message
beamngpy.logging.BNGError: The request was not handled by BeamNG.tech. This can mean:
- an incompatible version of BeamNG.tech/BeamNGpy
- an internal error in BeamNG.tech
- incorrectly implemented custom command
2026-08-08 23:01:42,493 INFO beamng_lidar_bev.worker: AEB: ARMED at 7.8 km/h | threat none (brake-now 2.7, standoff 2.1, horizon 8.1) | required 0.0 m/s^2 ttc inf | k -0.1150 brake 0.00 | Clear to 8 m
2026-08-08 23:01:42,554 WARNING beamng_lidar_bev.worker: Actor pose enrichment unavailable
Traceback (most recent call last):
  File "C:\Users\initd\Documents\Projects\BeamNG.Tech Mods\BeamNG-LiDAR-BEV\src\beamng_lidar_bev\worker.py", line 1461, in _poll_actor_observations
    states = self._bng.vehicles.get_states(actor_ids)
             ^^^^^^^^^^^^^^^^^^^^^^^^^^^^^^^^^^^^^^^^
  File "C:\Users\initd\AppData\Local\Programs\Python\Python311\Lib\site-packages\beamngpy\api\beamng\vehicles.py", line 222, in get_states
    resp = self._send(data).recv("ScenarioUpdate")
           ^^^^^^^^^^^^^^^^^^^^^^^^^^^^^^^^^^^^^^^
  File "C:\Users\initd\AppData\Local\Programs\Python\Python311\Lib\site-packages\beamngpy\connection\connection.py", line 298, in recv
    raise message
beamngpy.logging.BNGError: The request was not handled by BeamNG.tech. This can mean:
- an incompatible version of BeamNG.tech/BeamNGpy
- an internal error in BeamNG.tech
- incorrectly implemented custom command
2026-08-08 23:01:42,765 WARNING beamng_lidar_bev.worker: Actor pose enrichment unavailable
Traceback (most recent call last):
  File "C:\Users\initd\Documents\Projects\BeamNG.Tech Mods\BeamNG-LiDAR-BEV\src\beamng_lidar_bev\worker.py", line 1461, in _poll_actor_observations
    states = self._bng.vehicles.get_states(actor_ids)
             ^^^^^^^^^^^^^^^^^^^^^^^^^^^^^^^^^^^^^^^^
  File "C:\Users\initd\AppData\Local\Programs\Python\Python311\Lib\site-packages\beamngpy\api\beamng\vehicles.py", line 222, in get_states
    resp = self._send(data).recv("ScenarioUpdate")
           ^^^^^^^^^^^^^^^^^^^^^^^^^^^^^^^^^^^^^^^
  File "C:\Users\initd\AppData\Local\Programs\Python\Python311\Lib\site-packages\beamngpy\connection\connection.py", line 298, in recv
    raise message
beamngpy.logging.BNGError: The request was not handled by BeamNG.tech. This can mean:
- an incompatible version of BeamNG.tech/BeamNGpy
- an internal error in BeamNG.tech
- incorrectly implemented custom command
2026-08-08 23:01:42,819 WARNING beamng_lidar_bev.worker: Actor pose enrichment unavailable
Traceback (most recent call last):
  File "C:\Users\initd\Documents\Projects\BeamNG.Tech Mods\BeamNG-LiDAR-BEV\src\beamng_lidar_bev\worker.py", line 1461, in _poll_actor_observations
    states = self._bng.vehicles.get_states(actor_ids)
             ^^^^^^^^^^^^^^^^^^^^^^^^^^^^^^^^^^^^^^^^
  File "C:\Users\initd\AppData\Local\Programs\Python\Python311\Lib\site-packages\beamngpy\api\beamng\vehicles.py", line 222, in get_states
    resp = self._send(data).recv("ScenarioUpdate")
           ^^^^^^^^^^^^^^^^^^^^^^^^^^^^^^^^^^^^^^^
  File "C:\Users\initd\AppData\Local\Programs\Python\Python311\Lib\site-packages\beamngpy\connection\connection.py", line 298, in recv
    raise message
beamngpy.logging.BNGError: The request was not handled by BeamNG.tech. This can mean:
- an incompatible version of BeamNG.tech/BeamNGpy
- an internal error in BeamNG.tech
- incorrectly implemented custom command
2026-08-08 23:01:42,922 WARNING beamng_lidar_bev.worker: Actor pose enrichment unavailable
Traceback (most recent call last):
  File "C:\Users\initd\Documents\Projects\BeamNG.Tech Mods\BeamNG-LiDAR-BEV\src\beamng_lidar_bev\worker.py", line 1461, in _poll_actor_observations
    states = self._bng.vehicles.get_states(actor_ids)
             ^^^^^^^^^^^^^^^^^^^^^^^^^^^^^^^^^^^^^^^^
  File "C:\Users\initd\AppData\Local\Programs\Python\Python311\Lib\site-packages\beamngpy\api\beamng\vehicles.py", line 222, in get_states
    resp = self._send(data).recv("ScenarioUpdate")
           ^^^^^^^^^^^^^^^^^^^^^^^^^^^^^^^^^^^^^^^
  File "C:\Users\initd\AppData\Local\Programs\Python\Python311\Lib\site-packages\beamngpy\connection\connection.py", line 298, in recv
    raise message
beamngpy.logging.BNGError: The request was not handled by BeamNG.tech. This can mean:
- an incompatible version of BeamNG.tech/BeamNGpy
- an internal error in BeamNG.tech
- incorrectly implemented custom command
2026-08-08 23:01:43,025 WARNING beamng_lidar_bev.worker: Actor pose enrichment unavailable
Traceback (most recent call last):
  File "C:\Users\initd\Documents\Projects\BeamNG.Tech Mods\BeamNG-LiDAR-BEV\src\beamng_lidar_bev\worker.py", line 1461, in _poll_actor_observations
    states = self._bng.vehicles.get_states(actor_ids)
             ^^^^^^^^^^^^^^^^^^^^^^^^^^^^^^^^^^^^^^^^
  File "C:\Users\initd\AppData\Local\Programs\Python\Python311\Lib\site-packages\beamngpy\api\beamng\vehicles.py", line 222, in get_states
    resp = self._send(data).recv("ScenarioUpdate")
           ^^^^^^^^^^^^^^^^^^^^^^^^^^^^^^^^^^^^^^^
  File "C:\Users\initd\AppData\Local\Programs\Python\Python311\Lib\site-packages\beamngpy\connection\connection.py", line 298, in recv
    raise message
beamngpy.logging.BNGError: The request was not handled by BeamNG.tech. This can mean:
- an incompatible version of BeamNG.tech/BeamNGpy
- an internal error in BeamNG.tech
- incorrectly implemented custom command
2026-08-08 23:01:43,144 WARNING beamng_lidar_bev.worker: Actor pose enrichment unavailable
Traceback (most recent call last):
  File "C:\Users\initd\Documents\Projects\BeamNG.Tech Mods\BeamNG-LiDAR-BEV\src\beamng_lidar_bev\worker.py", line 1461, in _poll_actor_observations
    states = self._bng.vehicles.get_states(actor_ids)
             ^^^^^^^^^^^^^^^^^^^^^^^^^^^^^^^^^^^^^^^^
  File "C:\Users\initd\AppData\Local\Programs\Python\Python311\Lib\site-packages\beamngpy\api\beamng\vehicles.py", line 222, in get_states
    resp = self._send(data).recv("ScenarioUpdate")
           ^^^^^^^^^^^^^^^^^^^^^^^^^^^^^^^^^^^^^^^
  File "C:\Users\initd\AppData\Local\Programs\Python\Python311\Lib\site-packages\beamngpy\connection\connection.py", line 298, in recv
    raise message
beamngpy.logging.BNGError: The request was not handled by BeamNG.tech. This can mean:
- an incompatible version of BeamNG.tech/BeamNGpy
- an internal error in BeamNG.tech
- incorrectly implemented custom command
2026-08-08 23:01:43,253 WARNING beamng_lidar_bev.worker: Actor pose enrichment unavailable
Traceback (most recent call last):
  File "C:\Users\initd\Documents\Projects\BeamNG.Tech Mods\BeamNG-LiDAR-BEV\src\beamng_lidar_bev\worker.py", line 1461, in _poll_actor_observations
    states = self._bng.vehicles.get_states(actor_ids)
             ^^^^^^^^^^^^^^^^^^^^^^^^^^^^^^^^^^^^^^^^
  File "C:\Users\initd\AppData\Local\Programs\Python\Python311\Lib\site-packages\beamngpy\api\beamng\vehicles.py", line 222, in get_states
    resp = self._send(data).recv("ScenarioUpdate")
           ^^^^^^^^^^^^^^^^^^^^^^^^^^^^^^^^^^^^^^^
  File "C:\Users\initd\AppData\Local\Programs\Python\Python311\Lib\site-packages\beamngpy\connection\connection.py", line 298, in recv
    raise message
beamngpy.logging.BNGError: The request was not handled by BeamNG.tech. This can mean:
- an incompatible version of BeamNG.tech/BeamNGpy
- an internal error in BeamNG.tech
- incorrectly implemented custom command
2026-08-08 23:01:43,359 WARNING beamng_lidar_bev.worker: Actor pose enrichment unavailable
Traceback (most recent call last):
  File "C:\Users\initd\Documents\Projects\BeamNG.Tech Mods\BeamNG-LiDAR-BEV\src\beamng_lidar_bev\worker.py", line 1461, in _poll_actor_observations
    states = self._bng.vehicles.get_states(actor_ids)
             ^^^^^^^^^^^^^^^^^^^^^^^^^^^^^^^^^^^^^^^^
  File "C:\Users\initd\AppData\Local\Programs\Python\Python311\Lib\site-packages\beamngpy\api\beamng\vehicles.py", line 222, in get_states
    resp = self._send(data).recv("ScenarioUpdate")
           ^^^^^^^^^^^^^^^^^^^^^^^^^^^^^^^^^^^^^^^
  File "C:\Users\initd\AppData\Local\Programs\Python\Python311\Lib\site-packages\beamngpy\connection\connection.py", line 298, in recv
    raise message
beamngpy.logging.BNGError: The request was not handled by BeamNG.tech. This can mean:
- an incompatible version of BeamNG.tech/BeamNGpy
- an internal error in BeamNG.tech
- incorrectly implemented custom command
2026-08-08 23:01:43,464 WARNING beamng_lidar_bev.worker: Actor pose enrichment unavailable
Traceback (most recent call last):
  File "C:\Users\initd\Documents\Projects\BeamNG.Tech Mods\BeamNG-LiDAR-BEV\src\beamng_lidar_bev\worker.py", line 1461, in _poll_actor_observations
    states = self._bng.vehicles.get_states(actor_ids)
             ^^^^^^^^^^^^^^^^^^^^^^^^^^^^^^^^^^^^^^^^
  File "C:\Users\initd\AppData\Local\Programs\Python\Python311\Lib\site-packages\beamngpy\api\beamng\vehicles.py", line 222, in get_states
    resp = self._send(data).recv("ScenarioUpdate")
           ^^^^^^^^^^^^^^^^^^^^^^^^^^^^^^^^^^^^^^^
  File "C:\Users\initd\AppData\Local\Programs\Python\Python311\Lib\site-packages\beamngpy\connection\connection.py", line 298, in recv
    raise message
beamngpy.logging.BNGError: The request was not handled by BeamNG.tech. This can mean:
- an incompatible version of BeamNG.tech/BeamNGpy
- an internal error in BeamNG.tech
- incorrectly implemented custom command
2026-08-08 23:01:43,580 WARNING beamng_lidar_bev.worker: Actor pose enrichment unavailable
Traceback (most recent call last):
  File "C:\Users\initd\Documents\Projects\BeamNG.Tech Mods\BeamNG-LiDAR-BEV\src\beamng_lidar_bev\worker.py", line 1461, in _poll_actor_observations
    states = self._bng.vehicles.get_states(actor_ids)
             ^^^^^^^^^^^^^^^^^^^^^^^^^^^^^^^^^^^^^^^^
  File "C:\Users\initd\AppData\Local\Programs\Python\Python311\Lib\site-packages\beamngpy\api\beamng\vehicles.py", line 222, in get_states
    resp = self._send(data).recv("ScenarioUpdate")
           ^^^^^^^^^^^^^^^^^^^^^^^^^^^^^^^^^^^^^^^
  File "C:\Users\initd\AppData\Local\Programs\Python\Python311\Lib\site-packages\beamngpy\connection\connection.py", line 298, in recv
    raise message
beamngpy.logging.BNGError: The request was not handled by BeamNG.tech. This can mean:
- an incompatible version of BeamNG.tech/BeamNGpy
- an internal error in BeamNG.tech
- incorrectly implemented custom command
2026-08-08 23:01:43,733 WARNING beamng_lidar_bev.worker: Actor pose enrichment unavailable
Traceback (most recent call last):
  File "C:\Users\initd\Documents\Projects\BeamNG.Tech Mods\BeamNG-LiDAR-BEV\src\beamng_lidar_bev\worker.py", line 1461, in _poll_actor_observations
    states = self._bng.vehicles.get_states(actor_ids)
             ^^^^^^^^^^^^^^^^^^^^^^^^^^^^^^^^^^^^^^^^
  File "C:\Users\initd\AppData\Local\Programs\Python\Python311\Lib\site-packages\beamngpy\api\beamng\vehicles.py", line 222, in get_states
    resp = self._send(data).recv("ScenarioUpdate")
           ^^^^^^^^^^^^^^^^^^^^^^^^^^^^^^^^^^^^^^^
  File "C:\Users\initd\AppData\Local\Programs\Python\Python311\Lib\site-packages\beamngpy\connection\connection.py", line 298, in recv
    raise message
beamngpy.logging.BNGError: The request was not handled by BeamNG.tech. This can mean:
- an incompatible version of BeamNG.tech/BeamNGpy
- an internal error in BeamNG.tech
- incorrectly implemented custom command
2026-08-08 23:01:43,835 WARNING beamng_lidar_bev.worker: Actor pose enrichment unavailable
Traceback (most recent call last):
  File "C:\Users\initd\Documents\Projects\BeamNG.Tech Mods\BeamNG-LiDAR-BEV\src\beamng_lidar_bev\worker.py", line 1461, in _poll_actor_observations
    states = self._bng.vehicles.get_states(actor_ids)
             ^^^^^^^^^^^^^^^^^^^^^^^^^^^^^^^^^^^^^^^^
  File "C:\Users\initd\AppData\Local\Programs\Python\Python311\Lib\site-packages\beamngpy\api\beamng\vehicles.py", line 222, in get_states
    resp = self._send(data).recv("ScenarioUpdate")
           ^^^^^^^^^^^^^^^^^^^^^^^^^^^^^^^^^^^^^^^
  File "C:\Users\initd\AppData\Local\Programs\Python\Python311\Lib\site-packages\beamngpy\connection\connection.py", line 298, in recv
    raise message
beamngpy.logging.BNGError: The request was not handled by BeamNG.tech. This can mean:
- an incompatible version of BeamNG.tech/BeamNGpy
- an internal error in BeamNG.tech
- incorrectly implemented custom command
2026-08-08 23:01:43,935 WARNING beamng_lidar_bev.worker: Actor pose enrichment unavailable
Traceback (most recent call last):
  File "C:\Users\initd\Documents\Projects\BeamNG.Tech Mods\BeamNG-LiDAR-BEV\src\beamng_lidar_bev\worker.py", line 1461, in _poll_actor_observations
    states = self._bng.vehicles.get_states(actor_ids)
             ^^^^^^^^^^^^^^^^^^^^^^^^^^^^^^^^^^^^^^^^
  File "C:\Users\initd\AppData\Local\Programs\Python\Python311\Lib\site-packages\beamngpy\api\beamng\vehicles.py", line 222, in get_states
    resp = self._send(data).recv("ScenarioUpdate")
           ^^^^^^^^^^^^^^^^^^^^^^^^^^^^^^^^^^^^^^^
  File "C:\Users\initd\AppData\Local\Programs\Python\Python311\Lib\site-packages\beamngpy\connection\connection.py", line 298, in recv
    raise message
beamngpy.logging.BNGError: The request was not handled by BeamNG.tech. This can mean:
- an incompatible version of BeamNG.tech/BeamNGpy
- an internal error in BeamNG.tech
- incorrectly implemented custom command
2026-08-08 23:01:44,075 WARNING beamng_lidar_bev.worker: Actor pose enrichment unavailable
Traceback (most recent call last):
  File "C:\Users\initd\Documents\Projects\BeamNG.Tech Mods\BeamNG-LiDAR-BEV\src\beamng_lidar_bev\worker.py", line 1461, in _poll_actor_observations
    states = self._bng.vehicles.get_states(actor_ids)
             ^^^^^^^^^^^^^^^^^^^^^^^^^^^^^^^^^^^^^^^^
  File "C:\Users\initd\AppData\Local\Programs\Python\Python311\Lib\site-packages\beamngpy\api\beamng\vehicles.py", line 222, in get_states
    resp = self._send(data).recv("ScenarioUpdate")
           ^^^^^^^^^^^^^^^^^^^^^^^^^^^^^^^^^^^^^^^
  File "C:\Users\initd\AppData\Local\Programs\Python\Python311\Lib\site-packages\beamngpy\connection\connection.py", line 298, in recv
    raise message
beamngpy.logging.BNGError: The request was not handled by BeamNG.tech. This can mean:
- an incompatible version of BeamNG.tech/BeamNGpy
- an internal error in BeamNG.tech
- incorrectly implemented custom command
2026-08-08 23:01:44,183 WARNING beamng_lidar_bev.worker: Actor pose enrichment unavailable
Traceback (most recent call last):
  File "C:\Users\initd\Documents\Projects\BeamNG.Tech Mods\BeamNG-LiDAR-BEV\src\beamng_lidar_bev\worker.py", line 1461, in _poll_actor_observations
    states = self._bng.vehicles.get_states(actor_ids)
             ^^^^^^^^^^^^^^^^^^^^^^^^^^^^^^^^^^^^^^^^
  File "C:\Users\initd\AppData\Local\Programs\Python\Python311\Lib\site-packages\beamngpy\api\beamng\vehicles.py", line 222, in get_states
    resp = self._send(data).recv("ScenarioUpdate")
           ^^^^^^^^^^^^^^^^^^^^^^^^^^^^^^^^^^^^^^^
  File "C:\Users\initd\AppData\Local\Programs\Python\Python311\Lib\site-packages\beamngpy\connection\connection.py", line 298, in recv
    raise message
beamngpy.logging.BNGError: The request was not handled by BeamNG.tech. This can mean:
- an incompatible version of BeamNG.tech/BeamNGpy
- an internal error in BeamNG.tech
- incorrectly implemented custom command
2026-08-08 23:01:44,319 WARNING beamng_lidar_bev.worker: Actor pose enrichment unavailable
Traceback (most recent call last):
  File "C:\Users\initd\Documents\Projects\BeamNG.Tech Mods\BeamNG-LiDAR-BEV\src\beamng_lidar_bev\worker.py", line 1461, in _poll_actor_observations
    states = self._bng.vehicles.get_states(actor_ids)
             ^^^^^^^^^^^^^^^^^^^^^^^^^^^^^^^^^^^^^^^^
  File "C:\Users\initd\AppData\Local\Programs\Python\Python311\Lib\site-packages\beamngpy\api\beamng\vehicles.py", line 222, in get_states
    resp = self._send(data).recv("ScenarioUpdate")
           ^^^^^^^^^^^^^^^^^^^^^^^^^^^^^^^^^^^^^^^
  File "C:\Users\initd\AppData\Local\Programs\Python\Python311\Lib\site-packages\beamngpy\connection\connection.py", line 298, in recv
    raise message
beamngpy.logging.BNGError: The request was not handled by BeamNG.tech. This can mean:
- an incompatible version of BeamNG.tech/BeamNGpy
- an internal error in BeamNG.tech
- incorrectly implemented custom command
2026-08-08 23:01:44,424 WARNING beamng_lidar_bev.worker: Actor pose enrichment unavailable
Traceback (most recent call last):
  File "C:\Users\initd\Documents\Projects\BeamNG.Tech Mods\BeamNG-LiDAR-BEV\src\beamng_lidar_bev\worker.py", line 1461, in _poll_actor_observations
    states = self._bng.vehicles.get_states(actor_ids)
             ^^^^^^^^^^^^^^^^^^^^^^^^^^^^^^^^^^^^^^^^
  File "C:\Users\initd\AppData\Local\Programs\Python\Python311\Lib\site-packages\beamngpy\api\beamng\vehicles.py", line 222, in get_states
    resp = self._send(data).recv("ScenarioUpdate")
           ^^^^^^^^^^^^^^^^^^^^^^^^^^^^^^^^^^^^^^^
  File "C:\Users\initd\AppData\Local\Programs\Python\Python311\Lib\site-packages\beamngpy\connection\connection.py", line 298, in recv
    raise message
beamngpy.logging.BNGError: The request was not handled by BeamNG.tech. This can mean:
- an incompatible version of BeamNG.tech/BeamNGpy
- an internal error in BeamNG.tech
- incorrectly implemented custom command
2026-08-08 23:01:44,526 WARNING beamng_lidar_bev.worker: Actor pose enrichment unavailable
Traceback (most recent call last):
  File "C:\Users\initd\Documents\Projects\BeamNG.Tech Mods\BeamNG-LiDAR-BEV\src\beamng_lidar_bev\worker.py", line 1461, in _poll_actor_observations
    states = self._bng.vehicles.get_states(actor_ids)
             ^^^^^^^^^^^^^^^^^^^^^^^^^^^^^^^^^^^^^^^^
  File "C:\Users\initd\AppData\Local\Programs\Python\Python311\Lib\site-packages\beamngpy\api\beamng\vehicles.py", line 222, in get_states
    resp = self._send(data).recv("ScenarioUpdate")
           ^^^^^^^^^^^^^^^^^^^^^^^^^^^^^^^^^^^^^^^
  File "C:\Users\initd\AppData\Local\Programs\Python\Python311\Lib\site-packages\beamngpy\connection\connection.py", line 298, in recv
    raise message
beamngpy.logging.BNGError: The request was not handled by BeamNG.tech. This can mean:
- an incompatible version of BeamNG.tech/BeamNGpy
- an internal error in BeamNG.tech
- incorrectly implemented custom command
2026-08-08 23:01:44,660 WARNING beamng_lidar_bev.worker: Actor pose enrichment unavailable
Traceback (most recent call last):
  File "C:\Users\initd\Documents\Projects\BeamNG.Tech Mods\BeamNG-LiDAR-BEV\src\beamng_lidar_bev\worker.py", line 1461, in _poll_actor_observations
    states = self._bng.vehicles.get_states(actor_ids)
             ^^^^^^^^^^^^^^^^^^^^^^^^^^^^^^^^^^^^^^^^
  File "C:\Users\initd\AppData\Local\Programs\Python\Python311\Lib\site-packages\beamngpy\api\beamng\vehicles.py", line 222, in get_states
    resp = self._send(data).recv("ScenarioUpdate")
           ^^^^^^^^^^^^^^^^^^^^^^^^^^^^^^^^^^^^^^^
  File "C:\Users\initd\AppData\Local\Programs\Python\Python311\Lib\site-packages\beamngpy\connection\connection.py", line 298, in recv
    raise message
beamngpy.logging.BNGError: The request was not handled by BeamNG.tech. This can mean:
- an incompatible version of BeamNG.tech/BeamNGpy
- an internal error in BeamNG.tech
- incorrectly implemented custom command
2026-08-08 23:01:44,796 WARNING beamng_lidar_bev.worker: Actor pose enrichment unavailable
Traceback (most recent call last):
  File "C:\Users\initd\Documents\Projects\BeamNG.Tech Mods\BeamNG-LiDAR-BEV\src\beamng_lidar_bev\worker.py", line 1461, in _poll_actor_observations
    states = self._bng.vehicles.get_states(actor_ids)
             ^^^^^^^^^^^^^^^^^^^^^^^^^^^^^^^^^^^^^^^^
  File "C:\Users\initd\AppData\Local\Programs\Python\Python311\Lib\site-packages\beamngpy\api\beamng\vehicles.py", line 222, in get_states
    resp = self._send(data).recv("ScenarioUpdate")
           ^^^^^^^^^^^^^^^^^^^^^^^^^^^^^^^^^^^^^^^
  File "C:\Users\initd\AppData\Local\Programs\Python\Python311\Lib\site-packages\beamngpy\connection\connection.py", line 298, in recv
    raise message
beamngpy.logging.BNGError: The request was not handled by BeamNG.tech. This can mean:
- an incompatible version of BeamNG.tech/BeamNGpy
- an internal error in BeamNG.tech
- incorrectly implemented custom command
2026-08-08 23:01:44,912 WARNING beamng_lidar_bev.worker: Actor pose enrichment unavailable
Traceback (most recent call last):
  File "C:\Users\initd\Documents\Projects\BeamNG.Tech Mods\BeamNG-LiDAR-BEV\src\beamng_lidar_bev\worker.py", line 1461, in _poll_actor_observations
    states = self._bng.vehicles.get_states(actor_ids)
             ^^^^^^^^^^^^^^^^^^^^^^^^^^^^^^^^^^^^^^^^
  File "C:\Users\initd\AppData\Local\Programs\Python\Python311\Lib\site-packages\beamngpy\api\beamng\vehicles.py", line 222, in get_states
    resp = self._send(data).recv("ScenarioUpdate")
           ^^^^^^^^^^^^^^^^^^^^^^^^^^^^^^^^^^^^^^^
  File "C:\Users\initd\AppData\Local\Programs\Python\Python311\Lib\site-packages\beamngpy\connection\connection.py", line 298, in recv
    raise message
beamngpy.logging.BNGError: The request was not handled by BeamNG.tech. This can mean:
- an incompatible version of BeamNG.tech/BeamNGpy
- an internal error in BeamNG.tech
- incorrectly implemented custom command
2026-08-08 23:01:45,029 WARNING beamng_lidar_bev.worker: Actor pose enrichment unavailable
Traceback (most recent call last):
  File "C:\Users\initd\Documents\Projects\BeamNG.Tech Mods\BeamNG-LiDAR-BEV\src\beamng_lidar_bev\worker.py", line 1461, in _poll_actor_observations
    states = self._bng.vehicles.get_states(actor_ids)
             ^^^^^^^^^^^^^^^^^^^^^^^^^^^^^^^^^^^^^^^^
  File "C:\Users\initd\AppData\Local\Programs\Python\Python311\Lib\site-packages\beamngpy\api\beamng\vehicles.py", line 222, in get_states
    resp = self._send(data).recv("ScenarioUpdate")
           ^^^^^^^^^^^^^^^^^^^^^^^^^^^^^^^^^^^^^^^
  File "C:\Users\initd\AppData\Local\Programs\Python\Python311\Lib\site-packages\beamngpy\connection\connection.py", line 298, in recv
    raise message
beamngpy.logging.BNGError: The request was not handled by BeamNG.tech. This can mean:
- an incompatible version of BeamNG.tech/BeamNGpy
- an internal error in BeamNG.tech
- incorrectly implemented custom command
2026-08-08 23:01:45,165 WARNING beamng_lidar_bev.worker: Actor pose enrichment unavailable
Traceback (most recent call last):
  File "C:\Users\initd\Documents\Projects\BeamNG.Tech Mods\BeamNG-LiDAR-BEV\src\beamng_lidar_bev\worker.py", line 1461, in _poll_actor_observations
    states = self._bng.vehicles.get_states(actor_ids)
             ^^^^^^^^^^^^^^^^^^^^^^^^^^^^^^^^^^^^^^^^
  File "C:\Users\initd\AppData\Local\Programs\Python\Python311\Lib\site-packages\beamngpy\api\beamng\vehicles.py", line 222, in get_states
    resp = self._send(data).recv("ScenarioUpdate")
           ^^^^^^^^^^^^^^^^^^^^^^^^^^^^^^^^^^^^^^^
  File "C:\Users\initd\AppData\Local\Programs\Python\Python311\Lib\site-packages\beamngpy\connection\connection.py", line 298, in recv
    raise message
beamngpy.logging.BNGError: The request was not handled by BeamNG.tech. This can mean:
- an incompatible version of BeamNG.tech/BeamNGpy
- an internal error in BeamNG.tech
- incorrectly implemented custom command
2026-08-08 23:01:45,267 WARNING beamng_lidar_bev.worker: Actor pose enrichment unavailable
Traceback (most recent call last):
  File "C:\Users\initd\Documents\Projects\BeamNG.Tech Mods\BeamNG-LiDAR-BEV\src\beamng_lidar_bev\worker.py", line 1461, in _poll_actor_observations
    states = self._bng.vehicles.get_states(actor_ids)
             ^^^^^^^^^^^^^^^^^^^^^^^^^^^^^^^^^^^^^^^^
  File "C:\Users\initd\AppData\Local\Programs\Python\Python311\Lib\site-packages\beamngpy\api\beamng\vehicles.py", line 222, in get_states
    resp = self._send(data).recv("ScenarioUpdate")
           ^^^^^^^^^^^^^^^^^^^^^^^^^^^^^^^^^^^^^^^
  File "C:\Users\initd\AppData\Local\Programs\Python\Python311\Lib\site-packages\beamngpy\connection\connection.py", line 298, in recv
    raise message
beamngpy.logging.BNGError: The request was not handled by BeamNG.tech. This can mean:
- an incompatible version of BeamNG.tech/BeamNGpy
- an internal error in BeamNG.tech
- incorrectly implemented custom command
2026-08-08 23:01:45,369 WARNING beamng_lidar_bev.worker: Actor pose enrichment unavailable
Traceback (most recent call last):
  File "C:\Users\initd\Documents\Projects\BeamNG.Tech Mods\BeamNG-LiDAR-BEV\src\beamng_lidar_bev\worker.py", line 1461, in _poll_actor_observations
    states = self._bng.vehicles.get_states(actor_ids)
             ^^^^^^^^^^^^^^^^^^^^^^^^^^^^^^^^^^^^^^^^
  File "C:\Users\initd\AppData\Local\Programs\Python\Python311\Lib\site-packages\beamngpy\api\beamng\vehicles.py", line 222, in get_states
    resp = self._send(data).recv("ScenarioUpdate")
           ^^^^^^^^^^^^^^^^^^^^^^^^^^^^^^^^^^^^^^^
  File "C:\Users\initd\AppData\Local\Programs\Python\Python311\Lib\site-packages\beamngpy\connection\connection.py", line 298, in recv
    raise message
beamngpy.logging.BNGError: The request was not handled by BeamNG.tech. This can mean:
- an incompatible version of BeamNG.tech/BeamNGpy
- an internal error in BeamNG.tech
- incorrectly implemented custom command
2026-08-08 23:01:45,459 WARNING beamng_lidar_bev.worker: Actor pose enrichment unavailable
Traceback (most recent call last):
  File "C:\Users\initd\Documents\Projects\BeamNG.Tech Mods\BeamNG-LiDAR-BEV\src\beamng_lidar_bev\worker.py", line 1461, in _poll_actor_observations
    states = self._bng.vehicles.get_states(actor_ids)
             ^^^^^^^^^^^^^^^^^^^^^^^^^^^^^^^^^^^^^^^^
  File "C:\Users\initd\AppData\Local\Programs\Python\Python311\Lib\site-packages\beamngpy\api\beamng\vehicles.py", line 222, in get_states
    resp = self._send(data).recv("ScenarioUpdate")
           ^^^^^^^^^^^^^^^^^^^^^^^^^^^^^^^^^^^^^^^
  File "C:\Users\initd\AppData\Local\Programs\Python\Python311\Lib\site-packages\beamngpy\connection\connection.py", line 298, in recv
    raise message
beamngpy.logging.BNGError: The request was not handled by BeamNG.tech. This can mean:
- an incompatible version of BeamNG.tech/BeamNGpy
- an internal error in BeamNG.tech
- incorrectly implemented custom command
2026-08-08 23:01:45,620 WARNING beamng_lidar_bev.worker: Actor pose enrichment unavailable
Traceback (most recent call last):
  File "C:\Users\initd\Documents\Projects\BeamNG.Tech Mods\BeamNG-LiDAR-BEV\src\beamng_lidar_bev\worker.py", line 1461, in _poll_actor_observations
    states = self._bng.vehicles.get_states(actor_ids)
             ^^^^^^^^^^^^^^^^^^^^^^^^^^^^^^^^^^^^^^^^
  File "C:\Users\initd\AppData\Local\Programs\Python\Python311\Lib\site-packages\beamngpy\api\beamng\vehicles.py", line 222, in get_states
    resp = self._send(data).recv("ScenarioUpdate")
           ^^^^^^^^^^^^^^^^^^^^^^^^^^^^^^^^^^^^^^^
  File "C:\Users\initd\AppData\Local\Programs\Python\Python311\Lib\site-packages\beamngpy\connection\connection.py", line 298, in recv
    raise message
beamngpy.logging.BNGError: The request was not handled by BeamNG.tech. This can mean:
- an incompatible version of BeamNG.tech/BeamNGpy
- an internal error in BeamNG.tech
- incorrectly implemented custom command
2026-08-08 23:01:45,776 WARNING beamng_lidar_bev.worker: Actor pose enrichment unavailable
Traceback (most recent call last):
  File "C:\Users\initd\Documents\Projects\BeamNG.Tech Mods\BeamNG-LiDAR-BEV\src\beamng_lidar_bev\worker.py", line 1461, in _poll_actor_observations
    states = self._bng.vehicles.get_states(actor_ids)
             ^^^^^^^^^^^^^^^^^^^^^^^^^^^^^^^^^^^^^^^^
  File "C:\Users\initd\AppData\Local\Programs\Python\Python311\Lib\site-packages\beamngpy\api\beamng\vehicles.py", line 222, in get_states
    resp = self._send(data).recv("ScenarioUpdate")
           ^^^^^^^^^^^^^^^^^^^^^^^^^^^^^^^^^^^^^^^
  File "C:\Users\initd\AppData\Local\Programs\Python\Python311\Lib\site-packages\beamngpy\connection\connection.py", line 298, in recv
    raise message
beamngpy.logging.BNGError: The request was not handled by BeamNG.tech. This can mean:
- an incompatible version of BeamNG.tech/BeamNGpy
- an internal error in BeamNG.tech
- incorrectly implemented custom command
2026-08-08 23:01:45,830 WARNING beamng_lidar_bev.worker: Actor pose enrichment unavailable
Traceback (most recent call last):
  File "C:\Users\initd\Documents\Projects\BeamNG.Tech Mods\BeamNG-LiDAR-BEV\src\beamng_lidar_bev\worker.py", line 1461, in _poll_actor_observations
    states = self._bng.vehicles.get_states(actor_ids)
             ^^^^^^^^^^^^^^^^^^^^^^^^^^^^^^^^^^^^^^^^
  File "C:\Users\initd\AppData\Local\Programs\Python\Python311\Lib\site-packages\beamngpy\api\beamng\vehicles.py", line 222, in get_states
    resp = self._send(data).recv("ScenarioUpdate")
           ^^^^^^^^^^^^^^^^^^^^^^^^^^^^^^^^^^^^^^^
  File "C:\Users\initd\AppData\Local\Programs\Python\Python311\Lib\site-packages\beamngpy\connection\connection.py", line 298, in recv
    raise message
beamngpy.logging.BNGError: The request was not handled by BeamNG.tech. This can mean:
- an incompatible version of BeamNG.tech/BeamNGpy
- an internal error in BeamNG.tech
- incorrectly implemented custom command
2026-08-08 23:01:45,971 WARNING beamng_lidar_bev.worker: Actor pose enrichment unavailable
Traceback (most recent call last):
  File "C:\Users\initd\Documents\Projects\BeamNG.Tech Mods\BeamNG-LiDAR-BEV\src\beamng_lidar_bev\worker.py", line 1461, in _poll_actor_observations
    states = self._bng.vehicles.get_states(actor_ids)
             ^^^^^^^^^^^^^^^^^^^^^^^^^^^^^^^^^^^^^^^^
  File "C:\Users\initd\AppData\Local\Programs\Python\Python311\Lib\site-packages\beamngpy\api\beamng\vehicles.py", line 222, in get_states
    resp = self._send(data).recv("ScenarioUpdate")
           ^^^^^^^^^^^^^^^^^^^^^^^^^^^^^^^^^^^^^^^
  File "C:\Users\initd\AppData\Local\Programs\Python\Python311\Lib\site-packages\beamngpy\connection\connection.py", line 298, in recv
    raise message
beamngpy.logging.BNGError: The request was not handled by BeamNG.tech. This can mean:
- an incompatible version of BeamNG.tech/BeamNGpy
- an internal error in BeamNG.tech
- incorrectly implemented custom command
2026-08-08 23:01:46,092 WARNING beamng_lidar_bev.worker: Actor pose enrichment unavailable
Traceback (most recent call last):
  File "C:\Users\initd\Documents\Projects\BeamNG.Tech Mods\BeamNG-LiDAR-BEV\src\beamng_lidar_bev\worker.py", line 1461, in _poll_actor_observations
    states = self._bng.vehicles.get_states(actor_ids)
             ^^^^^^^^^^^^^^^^^^^^^^^^^^^^^^^^^^^^^^^^
  File "C:\Users\initd\AppData\Local\Programs\Python\Python311\Lib\site-packages\beamngpy\api\beamng\vehicles.py", line 222, in get_states
    resp = self._send(data).recv("ScenarioUpdate")
           ^^^^^^^^^^^^^^^^^^^^^^^^^^^^^^^^^^^^^^^
  File "C:\Users\initd\AppData\Local\Programs\Python\Python311\Lib\site-packages\beamngpy\connection\connection.py", line 298, in recv
    raise message
beamngpy.logging.BNGError: The request was not handled by BeamNG.tech. This can mean:
- an incompatible version of BeamNG.tech/BeamNGpy
- an internal error in BeamNG.tech
- incorrectly implemented custom command
2026-08-08 23:01:46,209 WARNING beamng_lidar_bev.worker: Actor pose enrichment unavailable
Traceback (most recent call last):
  File "C:\Users\initd\Documents\Projects\BeamNG.Tech Mods\BeamNG-LiDAR-BEV\src\beamng_lidar_bev\worker.py", line 1461, in _poll_actor_observations
    states = self._bng.vehicles.get_states(actor_ids)
             ^^^^^^^^^^^^^^^^^^^^^^^^^^^^^^^^^^^^^^^^
  File "C:\Users\initd\AppData\Local\Programs\Python\Python311\Lib\site-packages\beamngpy\api\beamng\vehicles.py", line 222, in get_states
    resp = self._send(data).recv("ScenarioUpdate")
           ^^^^^^^^^^^^^^^^^^^^^^^^^^^^^^^^^^^^^^^
  File "C:\Users\initd\AppData\Local\Programs\Python\Python311\Lib\site-packages\beamngpy\connection\connection.py", line 298, in recv
    raise message
beamngpy.logging.BNGError: The request was not handled by BeamNG.tech. This can mean:
- an incompatible version of BeamNG.tech/BeamNGpy
- an internal error in BeamNG.tech
- incorrectly implemented custom command
2026-08-08 23:01:46,327 WARNING beamng_lidar_bev.worker: Actor pose enrichment unavailable
Traceback (most recent call last):
  File "C:\Users\initd\Documents\Projects\BeamNG.Tech Mods\BeamNG-LiDAR-BEV\src\beamng_lidar_bev\worker.py", line 1461, in _poll_actor_observations
    states = self._bng.vehicles.get_states(actor_ids)
             ^^^^^^^^^^^^^^^^^^^^^^^^^^^^^^^^^^^^^^^^
  File "C:\Users\initd\AppData\Local\Programs\Python\Python311\Lib\site-packages\beamngpy\api\beamng\vehicles.py", line 222, in get_states
    resp = self._send(data).recv("ScenarioUpdate")
           ^^^^^^^^^^^^^^^^^^^^^^^^^^^^^^^^^^^^^^^
  File "C:\Users\initd\AppData\Local\Programs\Python\Python311\Lib\site-packages\beamngpy\connection\connection.py", line 298, in recv
    raise message
beamngpy.logging.BNGError: The request was not handled by BeamNG.tech. This can mean:
- an incompatible version of BeamNG.tech/BeamNGpy
- an internal error in BeamNG.tech
- incorrectly implemented custom command
2026-08-08 23:01:46,463 WARNING beamng_lidar_bev.worker: Actor pose enrichment unavailable
Traceback (most recent call last):
  File "C:\Users\initd\Documents\Projects\BeamNG.Tech Mods\BeamNG-LiDAR-BEV\src\beamng_lidar_bev\worker.py", line 1461, in _poll_actor_observations
    states = self._bng.vehicles.get_states(actor_ids)
             ^^^^^^^^^^^^^^^^^^^^^^^^^^^^^^^^^^^^^^^^
  File "C:\Users\initd\AppData\Local\Programs\Python\Python311\Lib\site-packages\beamngpy\api\beamng\vehicles.py", line 222, in get_states
    resp = self._send(data).recv("ScenarioUpdate")
           ^^^^^^^^^^^^^^^^^^^^^^^^^^^^^^^^^^^^^^^
  File "C:\Users\initd\AppData\Local\Programs\Python\Python311\Lib\site-packages\beamngpy\connection\connection.py", line 298, in recv
    raise message
beamngpy.logging.BNGError: The request was not handled by BeamNG.tech. This can mean:
- an incompatible version of BeamNG.tech/BeamNGpy
- an internal error in BeamNG.tech
- incorrectly implemented custom command
2026-08-08 23:01:46,568 WARNING beamng_lidar_bev.worker: Actor pose enrichment unavailable
Traceback (most recent call last):
  File "C:\Users\initd\Documents\Projects\BeamNG.Tech Mods\BeamNG-LiDAR-BEV\src\beamng_lidar_bev\worker.py", line 1461, in _poll_actor_observations
    states = self._bng.vehicles.get_states(actor_ids)
             ^^^^^^^^^^^^^^^^^^^^^^^^^^^^^^^^^^^^^^^^
  File "C:\Users\initd\AppData\Local\Programs\Python\Python311\Lib\site-packages\beamngpy\api\beamng\vehicles.py", line 222, in get_states
    resp = self._send(data).recv("ScenarioUpdate")
           ^^^^^^^^^^^^^^^^^^^^^^^^^^^^^^^^^^^^^^^
  File "C:\Users\initd\AppData\Local\Programs\Python\Python311\Lib\site-packages\beamngpy\connection\connection.py", line 298, in recv
    raise message
beamngpy.logging.BNGError: The request was not handled by BeamNG.tech. This can mean:
- an incompatible version of BeamNG.tech/BeamNGpy
- an internal error in BeamNG.tech
- incorrectly implemented custom command
2026-08-08 23:01:46,694 WARNING beamng_lidar_bev.worker: Actor pose enrichment unavailable
Traceback (most recent call last):
  File "C:\Users\initd\Documents\Projects\BeamNG.Tech Mods\BeamNG-LiDAR-BEV\src\beamng_lidar_bev\worker.py", line 1461, in _poll_actor_observations
    states = self._bng.vehicles.get_states(actor_ids)
             ^^^^^^^^^^^^^^^^^^^^^^^^^^^^^^^^^^^^^^^^
  File "C:\Users\initd\AppData\Local\Programs\Python\Python311\Lib\site-packages\beamngpy\api\beamng\vehicles.py", line 222, in get_states
    resp = self._send(data).recv("ScenarioUpdate")
           ^^^^^^^^^^^^^^^^^^^^^^^^^^^^^^^^^^^^^^^
  File "C:\Users\initd\AppData\Local\Programs\Python\Python311\Lib\site-packages\beamngpy\connection\connection.py", line 298, in recv
    raise message
beamngpy.logging.BNGError: The request was not handled by BeamNG.tech. This can mean:
- an incompatible version of BeamNG.tech/BeamNGpy
- an internal error in BeamNG.tech
- incorrectly implemented custom command
2026-08-08 23:01:46,852 WARNING beamng_lidar_bev.worker: Actor pose enrichment unavailable
Traceback (most recent call last):
  File "C:\Users\initd\Documents\Projects\BeamNG.Tech Mods\BeamNG-LiDAR-BEV\src\beamng_lidar_bev\worker.py", line 1461, in _poll_actor_observations
    states = self._bng.vehicles.get_states(actor_ids)
             ^^^^^^^^^^^^^^^^^^^^^^^^^^^^^^^^^^^^^^^^
  File "C:\Users\initd\AppData\Local\Programs\Python\Python311\Lib\site-packages\beamngpy\api\beamng\vehicles.py", line 222, in get_states
    resp = self._send(data).recv("ScenarioUpdate")
           ^^^^^^^^^^^^^^^^^^^^^^^^^^^^^^^^^^^^^^^
  File "C:\Users\initd\AppData\Local\Programs\Python\Python311\Lib\site-packages\beamngpy\connection\connection.py", line 298, in recv
    raise message
beamngpy.logging.BNGError: The request was not handled by BeamNG.tech. This can mean:
- an incompatible version of BeamNG.tech/BeamNGpy
- an internal error in BeamNG.tech
- incorrectly implemented custom command
2026-08-08 23:01:46,954 WARNING beamng_lidar_bev.worker: Actor pose enrichment unavailable
Traceback (most recent call last):
  File "C:\Users\initd\Documents\Projects\BeamNG.Tech Mods\BeamNG-LiDAR-BEV\src\beamng_lidar_bev\worker.py", line 1461, in _poll_actor_observations
    states = self._bng.vehicles.get_states(actor_ids)
             ^^^^^^^^^^^^^^^^^^^^^^^^^^^^^^^^^^^^^^^^
  File "C:\Users\initd\AppData\Local\Programs\Python\Python311\Lib\site-packages\beamngpy\api\beamng\vehicles.py", line 222, in get_states
    resp = self._send(data).recv("ScenarioUpdate")
           ^^^^^^^^^^^^^^^^^^^^^^^^^^^^^^^^^^^^^^^
  File "C:\Users\initd\AppData\Local\Programs\Python\Python311\Lib\site-packages\beamngpy\connection\connection.py", line 298, in recv
    raise message
beamngpy.logging.BNGError: The request was not handled by BeamNG.tech. This can mean:
- an incompatible version of BeamNG.tech/BeamNGpy
- an internal error in BeamNG.tech
- incorrectly implemented custom command
2026-08-08 23:01:47,083 WARNING beamng_lidar_bev.worker: Actor pose enrichment unavailable
Traceback (most recent call last):
  File "C:\Users\initd\Documents\Projects\BeamNG.Tech Mods\BeamNG-LiDAR-BEV\src\beamng_lidar_bev\worker.py", line 1461, in _poll_actor_observations
    states = self._bng.vehicles.get_states(actor_ids)
             ^^^^^^^^^^^^^^^^^^^^^^^^^^^^^^^^^^^^^^^^
  File "C:\Users\initd\AppData\Local\Programs\Python\Python311\Lib\site-packages\beamngpy\api\beamng\vehicles.py", line 222, in get_states
    resp = self._send(data).recv("ScenarioUpdate")
           ^^^^^^^^^^^^^^^^^^^^^^^^^^^^^^^^^^^^^^^
  File "C:\Users\initd\AppData\Local\Programs\Python\Python311\Lib\site-packages\beamngpy\connection\connection.py", line 298, in recv
    raise message
beamngpy.logging.BNGError: The request was not handled by BeamNG.tech. This can mean:
- an incompatible version of BeamNG.tech/BeamNGpy
- an internal error in BeamNG.tech
- incorrectly implemented custom command
2026-08-08 23:01:47,235 WARNING beamng_lidar_bev.worker: Actor pose enrichment unavailable
Traceback (most recent call last):
  File "C:\Users\initd\Documents\Projects\BeamNG.Tech Mods\BeamNG-LiDAR-BEV\src\beamng_lidar_bev\worker.py", line 1461, in _poll_actor_observations
    states = self._bng.vehicles.get_states(actor_ids)
             ^^^^^^^^^^^^^^^^^^^^^^^^^^^^^^^^^^^^^^^^
  File "C:\Users\initd\AppData\Local\Programs\Python\Python311\Lib\site-packages\beamngpy\api\beamng\vehicles.py", line 222, in get_states
    resp = self._send(data).recv("ScenarioUpdate")
           ^^^^^^^^^^^^^^^^^^^^^^^^^^^^^^^^^^^^^^^
  File "C:\Users\initd\AppData\Local\Programs\Python\Python311\Lib\site-packages\beamngpy\connection\connection.py", line 298, in recv
    raise message
beamngpy.logging.BNGError: The request was not handled by BeamNG.tech. This can mean:
- an incompatible version of BeamNG.tech/BeamNGpy
- an internal error in BeamNG.tech
- incorrectly implemented custom command
2026-08-08 23:01:47,339 WARNING beamng_lidar_bev.worker: Actor pose enrichment unavailable
Traceback (most recent call last):
  File "C:\Users\initd\Documents\Projects\BeamNG.Tech Mods\BeamNG-LiDAR-BEV\src\beamng_lidar_bev\worker.py", line 1461, in _poll_actor_observations
    states = self._bng.vehicles.get_states(actor_ids)
             ^^^^^^^^^^^^^^^^^^^^^^^^^^^^^^^^^^^^^^^^
  File "C:\Users\initd\AppData\Local\Programs\Python\Python311\Lib\site-packages\beamngpy\api\beamng\vehicles.py", line 222, in get_states
    resp = self._send(data).recv("ScenarioUpdate")
           ^^^^^^^^^^^^^^^^^^^^^^^^^^^^^^^^^^^^^^^
  File "C:\Users\initd\AppData\Local\Programs\Python\Python311\Lib\site-packages\beamngpy\connection\connection.py", line 298, in recv
    raise message
beamngpy.logging.BNGError: The request was not handled by BeamNG.tech. This can mean:
- an incompatible version of BeamNG.tech/BeamNGpy
- an internal error in BeamNG.tech
- incorrectly implemented custom command
2026-08-08 23:01:47,443 WARNING beamng_lidar_bev.worker: Actor pose enrichment unavailable
Traceback (most recent call last):
  File "C:\Users\initd\Documents\Projects\BeamNG.Tech Mods\BeamNG-LiDAR-BEV\src\beamng_lidar_bev\worker.py", line 1461, in _poll_actor_observations
    states = self._bng.vehicles.get_states(actor_ids)
             ^^^^^^^^^^^^^^^^^^^^^^^^^^^^^^^^^^^^^^^^
  File "C:\Users\initd\AppData\Local\Programs\Python\Python311\Lib\site-packages\beamngpy\api\beamng\vehicles.py", line 222, in get_states
    resp = self._send(data).recv("ScenarioUpdate")
           ^^^^^^^^^^^^^^^^^^^^^^^^^^^^^^^^^^^^^^^
  File "C:\Users\initd\AppData\Local\Programs\Python\Python311\Lib\site-packages\beamngpy\connection\connection.py", line 298, in recv
    raise message
beamngpy.logging.BNGError: The request was not handled by BeamNG.tech. This can mean:
- an incompatible version of BeamNG.tech/BeamNGpy
- an internal error in BeamNG.tech
- incorrectly implemented custom command
2026-08-08 23:01:47,546 WARNING beamng_lidar_bev.worker: Actor pose enrichment unavailable
Traceback (most recent call last):
  File "C:\Users\initd\Documents\Projects\BeamNG.Tech Mods\BeamNG-LiDAR-BEV\src\beamng_lidar_bev\worker.py", line 1461, in _poll_actor_observations
    states = self._bng.vehicles.get_states(actor_ids)
             ^^^^^^^^^^^^^^^^^^^^^^^^^^^^^^^^^^^^^^^^
  File "C:\Users\initd\AppData\Local\Programs\Python\Python311\Lib\site-packages\beamngpy\api\beamng\vehicles.py", line 222, in get_states
    resp = self._send(data).recv("ScenarioUpdate")
           ^^^^^^^^^^^^^^^^^^^^^^^^^^^^^^^^^^^^^^^
  File "C:\Users\initd\AppData\Local\Programs\Python\Python311\Lib\site-packages\beamngpy\connection\connection.py", line 298, in recv
    raise message
beamngpy.logging.BNGError: The request was not handled by BeamNG.tech. This can mean:
- an incompatible version of BeamNG.tech/BeamNGpy
- an internal error in BeamNG.tech
- incorrectly implemented custom command
2026-08-08 23:01:47,635 INFO beamng_lidar_bev.worker: AEB: BRAKING at 65.1 km/h | threat 22.2 m (brake-now 23.1, standoff 2.1, horizon 44.1) | required 8.2 m/s^2 ttc 1.11s | k -0.0353 brake 1.00 | Impact in 1.1 s; full brake
2026-08-08 23:01:47,654 WARNING beamng_lidar_bev.worker: Actor pose enrichment unavailable
Traceback (most recent call last):
  File "C:\Users\initd\Documents\Projects\BeamNG.Tech Mods\BeamNG-LiDAR-BEV\src\beamng_lidar_bev\worker.py", line 1461, in _poll_actor_observations
    states = self._bng.vehicles.get_states(actor_ids)
             ^^^^^^^^^^^^^^^^^^^^^^^^^^^^^^^^^^^^^^^^
  File "C:\Users\initd\AppData\Local\Programs\Python\Python311\Lib\site-packages\beamngpy\api\beamng\vehicles.py", line 222, in get_states
    resp = self._send(data).recv("ScenarioUpdate")
           ^^^^^^^^^^^^^^^^^^^^^^^^^^^^^^^^^^^^^^^
  File "C:\Users\initd\AppData\Local\Programs\Python\Python311\Lib\site-packages\beamngpy\connection\connection.py", line 298, in recv
    raise message
beamngpy.logging.BNGError: The request was not handled by BeamNG.tech. This can mean:
- an incompatible version of BeamNG.tech/BeamNGpy
- an internal error in BeamNG.tech
- incorrectly implemented custom command
2026-08-08 23:01:47,840 WARNING beamng_lidar_bev.worker: Actor pose enrichment unavailable
Traceback (most recent call last):
  File "C:\Users\initd\Documents\Projects\BeamNG.Tech Mods\BeamNG-LiDAR-BEV\src\beamng_lidar_bev\worker.py", line 1461, in _poll_actor_observations
    states = self._bng.vehicles.get_states(actor_ids)
             ^^^^^^^^^^^^^^^^^^^^^^^^^^^^^^^^^^^^^^^^
  File "C:\Users\initd\AppData\Local\Programs\Python\Python311\Lib\site-packages\beamngpy\api\beamng\vehicles.py", line 222, in get_states
    resp = self._send(data).recv("ScenarioUpdate")
           ^^^^^^^^^^^^^^^^^^^^^^^^^^^^^^^^^^^^^^^
  File "C:\Users\initd\AppData\Local\Programs\Python\Python311\Lib\site-packages\beamngpy\connection\connection.py", line 298, in recv
    raise message
beamngpy.logging.BNGError: The request was not handled by BeamNG.tech. This can mean:
- an incompatible version of BeamNG.tech/BeamNGpy
- an internal error in BeamNG.tech
- incorrectly implemented custom command
2026-08-08 23:01:47,894 WARNING beamng_lidar_bev.worker: Actor pose enrichment unavailable
Traceback (most recent call last):
  File "C:\Users\initd\Documents\Projects\BeamNG.Tech Mods\BeamNG-LiDAR-BEV\src\beamng_lidar_bev\worker.py", line 1461, in _poll_actor_observations
    states = self._bng.vehicles.get_states(actor_ids)
             ^^^^^^^^^^^^^^^^^^^^^^^^^^^^^^^^^^^^^^^^
  File "C:\Users\initd\AppData\Local\Programs\Python\Python311\Lib\site-packages\beamngpy\api\beamng\vehicles.py", line 222, in get_states
    resp = self._send(data).recv("ScenarioUpdate")
           ^^^^^^^^^^^^^^^^^^^^^^^^^^^^^^^^^^^^^^^
  File "C:\Users\initd\AppData\Local\Programs\Python\Python311\Lib\site-packages\beamngpy\connection\connection.py", line 298, in recv
    raise message
beamngpy.logging.BNGError: The request was not handled by BeamNG.tech. This can mean:
- an incompatible version of BeamNG.tech/BeamNGpy
- an internal error in BeamNG.tech
- incorrectly implemented custom command
2026-08-08 23:01:48,016 WARNING beamng_lidar_bev.worker: Actor pose enrichment unavailable
Traceback (most recent call last):
  File "C:\Users\initd\Documents\Projects\BeamNG.Tech Mods\BeamNG-LiDAR-BEV\src\beamng_lidar_bev\worker.py", line 1461, in _poll_actor_observations
    states = self._bng.vehicles.get_states(actor_ids)
             ^^^^^^^^^^^^^^^^^^^^^^^^^^^^^^^^^^^^^^^^
  File "C:\Users\initd\AppData\Local\Programs\Python\Python311\Lib\site-packages\beamngpy\api\beamng\vehicles.py", line 222, in get_states
    resp = self._send(data).recv("ScenarioUpdate")
           ^^^^^^^^^^^^^^^^^^^^^^^^^^^^^^^^^^^^^^^
  File "C:\Users\initd\AppData\Local\Programs\Python\Python311\Lib\site-packages\beamngpy\connection\connection.py", line 298, in recv
    raise message
beamngpy.logging.BNGError: The request was not handled by BeamNG.tech. This can mean:
- an incompatible version of BeamNG.tech/BeamNGpy
- an internal error in BeamNG.tech
- incorrectly implemented custom command
2026-08-08 23:01:48,147 WARNING beamng_lidar_bev.worker: Actor pose enrichment unavailable
Traceback (most recent call last):
  File "C:\Users\initd\Documents\Projects\BeamNG.Tech Mods\BeamNG-LiDAR-BEV\src\beamng_lidar_bev\worker.py", line 1461, in _poll_actor_observations
    states = self._bng.vehicles.get_states(actor_ids)
             ^^^^^^^^^^^^^^^^^^^^^^^^^^^^^^^^^^^^^^^^
  File "C:\Users\initd\AppData\Local\Programs\Python\Python311\Lib\site-packages\beamngpy\api\beamng\vehicles.py", line 222, in get_states
    resp = self._send(data).recv("ScenarioUpdate")
           ^^^^^^^^^^^^^^^^^^^^^^^^^^^^^^^^^^^^^^^
  File "C:\Users\initd\AppData\Local\Programs\Python\Python311\Lib\site-packages\beamngpy\connection\connection.py", line 298, in recv
    raise message
beamngpy.logging.BNGError: The request was not handled by BeamNG.tech. This can mean:
- an incompatible version of BeamNG.tech/BeamNGpy
- an internal error in BeamNG.tech
- incorrectly implemented custom command
2026-08-08 23:01:48,305 WARNING beamng_lidar_bev.worker: Actor pose enrichment unavailable
Traceback (most recent call last):
  File "C:\Users\initd\Documents\Projects\BeamNG.Tech Mods\BeamNG-LiDAR-BEV\src\beamng_lidar_bev\worker.py", line 1461, in _poll_actor_observations
    states = self._bng.vehicles.get_states(actor_ids)
             ^^^^^^^^^^^^^^^^^^^^^^^^^^^^^^^^^^^^^^^^
  File "C:\Users\initd\AppData\Local\Programs\Python\Python311\Lib\site-packages\beamngpy\api\beamng\vehicles.py", line 222, in get_states
    resp = self._send(data).recv("ScenarioUpdate")
           ^^^^^^^^^^^^^^^^^^^^^^^^^^^^^^^^^^^^^^^
  File "C:\Users\initd\AppData\Local\Programs\Python\Python311\Lib\site-packages\beamngpy\connection\connection.py", line 298, in recv
    raise message
beamngpy.logging.BNGError: The request was not handled by BeamNG.tech. This can mean:
- an incompatible version of BeamNG.tech/BeamNGpy
- an internal error in BeamNG.tech
- incorrectly implemented custom command
2026-08-08 23:01:48,429 WARNING beamng_lidar_bev.worker: Actor pose enrichment unavailable
Traceback (most recent call last):
  File "C:\Users\initd\Documents\Projects\BeamNG.Tech Mods\BeamNG-LiDAR-BEV\src\beamng_lidar_bev\worker.py", line 1461, in _poll_actor_observations
    states = self._bng.vehicles.get_states(actor_ids)
             ^^^^^^^^^^^^^^^^^^^^^^^^^^^^^^^^^^^^^^^^
  File "C:\Users\initd\AppData\Local\Programs\Python\Python311\Lib\site-packages\beamngpy\api\beamng\vehicles.py", line 222, in get_states
    resp = self._send(data).recv("ScenarioUpdate")
           ^^^^^^^^^^^^^^^^^^^^^^^^^^^^^^^^^^^^^^^
  File "C:\Users\initd\AppData\Local\Programs\Python\Python311\Lib\site-packages\beamngpy\connection\connection.py", line 298, in recv
    raise message
beamngpy.logging.BNGError: The request was not handled by BeamNG.tech. This can mean:
- an incompatible version of BeamNG.tech/BeamNGpy
- an internal error in BeamNG.tech
- incorrectly implemented custom command
2026-08-08 23:01:48,550 WARNING beamng_lidar_bev.worker: Actor pose enrichment unavailable
Traceback (most recent call last):
  File "C:\Users\initd\Documents\Projects\BeamNG.Tech Mods\BeamNG-LiDAR-BEV\src\beamng_lidar_bev\worker.py", line 1461, in _poll_actor_observations
    states = self._bng.vehicles.get_states(actor_ids)
             ^^^^^^^^^^^^^^^^^^^^^^^^^^^^^^^^^^^^^^^^
  File "C:\Users\initd\AppData\Local\Programs\Python\Python311\Lib\site-packages\beamngpy\api\beamng\vehicles.py", line 222, in get_states
    resp = self._send(data).recv("ScenarioUpdate")
           ^^^^^^^^^^^^^^^^^^^^^^^^^^^^^^^^^^^^^^^
  File "C:\Users\initd\AppData\Local\Programs\Python\Python311\Lib\site-packages\beamngpy\connection\connection.py", line 298, in recv
    raise message
beamngpy.logging.BNGError: The request was not handled by BeamNG.tech. This can mean:
- an incompatible version of BeamNG.tech/BeamNGpy
- an internal error in BeamNG.tech
- incorrectly implemented custom command
2026-08-08 23:01:48,677 WARNING beamng_lidar_bev.worker: Actor pose enrichment unavailable
Traceback (most recent call last):
  File "C:\Users\initd\Documents\Projects\BeamNG.Tech Mods\BeamNG-LiDAR-BEV\src\beamng_lidar_bev\worker.py", line 1461, in _poll_actor_observations
    states = self._bng.vehicles.get_states(actor_ids)
             ^^^^^^^^^^^^^^^^^^^^^^^^^^^^^^^^^^^^^^^^
  File "C:\Users\initd\AppData\Local\Programs\Python\Python311\Lib\site-packages\beamngpy\api\beamng\vehicles.py", line 222, in get_states
    resp = self._send(data).recv("ScenarioUpdate")
           ^^^^^^^^^^^^^^^^^^^^^^^^^^^^^^^^^^^^^^^
  File "C:\Users\initd\AppData\Local\Programs\Python\Python311\Lib\site-packages\beamngpy\connection\connection.py", line 298, in recv
    raise message
beamngpy.logging.BNGError: The request was not handled by BeamNG.tech. This can mean:
- an incompatible version of BeamNG.tech/BeamNGpy
- an internal error in BeamNG.tech
- incorrectly implemented custom command
2026-08-08 23:01:48,863 WARNING beamng_lidar_bev.worker: Actor pose enrichment unavailable
Traceback (most recent call last):
  File "C:\Users\initd\Documents\Projects\BeamNG.Tech Mods\BeamNG-LiDAR-BEV\src\beamng_lidar_bev\worker.py", line 1461, in _poll_actor_observations
    states = self._bng.vehicles.get_states(actor_ids)
             ^^^^^^^^^^^^^^^^^^^^^^^^^^^^^^^^^^^^^^^^
  File "C:\Users\initd\AppData\Local\Programs\Python\Python311\Lib\site-packages\beamngpy\api\beamng\vehicles.py", line 222, in get_states
    resp = self._send(data).recv("ScenarioUpdate")
           ^^^^^^^^^^^^^^^^^^^^^^^^^^^^^^^^^^^^^^^
  File "C:\Users\initd\AppData\Local\Programs\Python\Python311\Lib\site-packages\beamngpy\connection\connection.py", line 298, in recv
    raise message
beamngpy.logging.BNGError: The request was not handled by BeamNG.tech. This can mean:
- an incompatible version of BeamNG.tech/BeamNGpy
- an internal error in BeamNG.tech
- incorrectly implemented custom command
2026-08-08 23:01:48,916 WARNING beamng_lidar_bev.worker: Actor pose enrichment unavailable
Traceback (most recent call last):
  File "C:\Users\initd\Documents\Projects\BeamNG.Tech Mods\BeamNG-LiDAR-BEV\src\beamng_lidar_bev\worker.py", line 1461, in _poll_actor_observations
    states = self._bng.vehicles.get_states(actor_ids)
             ^^^^^^^^^^^^^^^^^^^^^^^^^^^^^^^^^^^^^^^^
  File "C:\Users\initd\AppData\Local\Programs\Python\Python311\Lib\site-packages\beamngpy\api\beamng\vehicles.py", line 222, in get_states
    resp = self._send(data).recv("ScenarioUpdate")
           ^^^^^^^^^^^^^^^^^^^^^^^^^^^^^^^^^^^^^^^
  File "C:\Users\initd\AppData\Local\Programs\Python\Python311\Lib\site-packages\beamngpy\connection\connection.py", line 298, in recv
    raise message
beamngpy.logging.BNGError: The request was not handled by BeamNG.tech. This can mean:
- an incompatible version of BeamNG.tech/BeamNGpy
- an internal error in BeamNG.tech
- incorrectly implemented custom command
2026-08-08 23:01:49,060 WARNING beamng_lidar_bev.worker: Actor pose enrichment unavailable
Traceback (most recent call last):
  File "C:\Users\initd\Documents\Projects\BeamNG.Tech Mods\BeamNG-LiDAR-BEV\src\beamng_lidar_bev\worker.py", line 1461, in _poll_actor_observations
    states = self._bng.vehicles.get_states(actor_ids)
             ^^^^^^^^^^^^^^^^^^^^^^^^^^^^^^^^^^^^^^^^
  File "C:\Users\initd\AppData\Local\Programs\Python\Python311\Lib\site-packages\beamngpy\api\beamng\vehicles.py", line 222, in get_states
    resp = self._send(data).recv("ScenarioUpdate")
           ^^^^^^^^^^^^^^^^^^^^^^^^^^^^^^^^^^^^^^^
  File "C:\Users\initd\AppData\Local\Programs\Python\Python311\Lib\site-packages\beamngpy\connection\connection.py", line 298, in recv
    raise message
beamngpy.logging.BNGError: The request was not handled by BeamNG.tech. This can mean:
- an incompatible version of BeamNG.tech/BeamNGpy
- an internal error in BeamNG.tech
- incorrectly implemented custom command
2026-08-08 23:01:49,094 INFO beamng_lidar_bev.worker: AEB: ARMED at 41.6 km/h | threat 24.9 m (brake-now 11.4, standoff 2.1, horizon 44.1) | required 2.9 m/s^2 ttc 1.97s | k -0.0047 brake 0.00 | Watching an obstacle at 24.9 m (14 m before it acts)
2026-08-08 23:01:49,166 WARNING beamng_lidar_bev.worker: Actor pose enrichment unavailable
Traceback (most recent call last):
  File "C:\Users\initd\Documents\Projects\BeamNG.Tech Mods\BeamNG-LiDAR-BEV\src\beamng_lidar_bev\worker.py", line 1461, in _poll_actor_observations
    states = self._bng.vehicles.get_states(actor_ids)
             ^^^^^^^^^^^^^^^^^^^^^^^^^^^^^^^^^^^^^^^^
  File "C:\Users\initd\AppData\Local\Programs\Python\Python311\Lib\site-packages\beamngpy\api\beamng\vehicles.py", line 222, in get_states
    resp = self._send(data).recv("ScenarioUpdate")
           ^^^^^^^^^^^^^^^^^^^^^^^^^^^^^^^^^^^^^^^
  File "C:\Users\initd\AppData\Local\Programs\Python\Python311\Lib\site-packages\beamngpy\connection\connection.py", line 298, in recv
    raise message
beamngpy.logging.BNGError: The request was not handled by BeamNG.tech. This can mean:
- an incompatible version of BeamNG.tech/BeamNGpy
- an internal error in BeamNG.tech
- incorrectly implemented custom command
2026-08-08 23:01:49,267 WARNING beamng_lidar_bev.worker: Actor pose enrichment unavailable
Traceback (most recent call last):
  File "C:\Users\initd\Documents\Projects\BeamNG.Tech Mods\BeamNG-LiDAR-BEV\src\beamng_lidar_bev\worker.py", line 1461, in _poll_actor_observations
    states = self._bng.vehicles.get_states(actor_ids)
             ^^^^^^^^^^^^^^^^^^^^^^^^^^^^^^^^^^^^^^^^
  File "C:\Users\initd\AppData\Local\Programs\Python\Python311\Lib\site-packages\beamngpy\api\beamng\vehicles.py", line 222, in get_states
    resp = self._send(data).recv("ScenarioUpdate")
           ^^^^^^^^^^^^^^^^^^^^^^^^^^^^^^^^^^^^^^^
  File "C:\Users\initd\AppData\Local\Programs\Python\Python311\Lib\site-packages\beamngpy\connection\connection.py", line 298, in recv
    raise message
beamngpy.logging.BNGError: The request was not handled by BeamNG.tech. This can mean:
- an incompatible version of BeamNG.tech/BeamNGpy
- an internal error in BeamNG.tech
- incorrectly implemented custom command
2026-08-08 23:01:49,367 WARNING beamng_lidar_bev.worker: Actor pose enrichment unavailable
Traceback (most recent call last):
  File "C:\Users\initd\Documents\Projects\BeamNG.Tech Mods\BeamNG-LiDAR-BEV\src\beamng_lidar_bev\worker.py", line 1461, in _poll_actor_observations
    states = self._bng.vehicles.get_states(actor_ids)
             ^^^^^^^^^^^^^^^^^^^^^^^^^^^^^^^^^^^^^^^^
  File "C:\Users\initd\AppData\Local\Programs\Python\Python311\Lib\site-packages\beamngpy\api\beamng\vehicles.py", line 222, in get_states
    resp = self._send(data).recv("ScenarioUpdate")
           ^^^^^^^^^^^^^^^^^^^^^^^^^^^^^^^^^^^^^^^
  File "C:\Users\initd\AppData\Local\Programs\Python\Python311\Lib\site-packages\beamngpy\connection\connection.py", line 298, in recv
    raise message
beamngpy.logging.BNGError: The request was not handled by BeamNG.tech. This can mean:
- an incompatible version of BeamNG.tech/BeamNGpy
- an internal error in BeamNG.tech
- incorrectly implemented custom command
2026-08-08 23:01:49,526 WARNING beamng_lidar_bev.worker: Actor pose enrichment unavailable
Traceback (most recent call last):
  File "C:\Users\initd\Documents\Projects\BeamNG.Tech Mods\BeamNG-LiDAR-BEV\src\beamng_lidar_bev\worker.py", line 1461, in _poll_actor_observations
    states = self._bng.vehicles.get_states(actor_ids)
             ^^^^^^^^^^^^^^^^^^^^^^^^^^^^^^^^^^^^^^^^
  File "C:\Users\initd\AppData\Local\Programs\Python\Python311\Lib\site-packages\beamngpy\api\beamng\vehicles.py", line 222, in get_states
    resp = self._send(data).recv("ScenarioUpdate")
           ^^^^^^^^^^^^^^^^^^^^^^^^^^^^^^^^^^^^^^^
  File "C:\Users\initd\AppData\Local\Programs\Python\Python311\Lib\site-packages\beamngpy\connection\connection.py", line 298, in recv
    raise message
beamngpy.logging.BNGError: The request was not handled by BeamNG.tech. This can mean:
- an incompatible version of BeamNG.tech/BeamNGpy
- an internal error in BeamNG.tech
- incorrectly implemented custom command
2026-08-08 23:01:49,652 WARNING beamng_lidar_bev.worker: Actor pose enrichment unavailable
Traceback (most recent call last):
  File "C:\Users\initd\Documents\Projects\BeamNG.Tech Mods\BeamNG-LiDAR-BEV\src\beamng_lidar_bev\worker.py", line 1461, in _poll_actor_observations
    states = self._bng.vehicles.get_states(actor_ids)
             ^^^^^^^^^^^^^^^^^^^^^^^^^^^^^^^^^^^^^^^^
  File "C:\Users\initd\AppData\Local\Programs\Python\Python311\Lib\site-packages\beamngpy\api\beamng\vehicles.py", line 222, in get_states
    resp = self._send(data).recv("ScenarioUpdate")
           ^^^^^^^^^^^^^^^^^^^^^^^^^^^^^^^^^^^^^^^
  File "C:\Users\initd\AppData\Local\Programs\Python\Python311\Lib\site-packages\beamngpy\connection\connection.py", line 298, in recv
    raise message
beamngpy.logging.BNGError: The request was not handled by BeamNG.tech. This can mean:
- an incompatible version of BeamNG.tech/BeamNGpy
- an internal error in BeamNG.tech
- incorrectly implemented custom command
2026-08-08 23:01:49,792 WARNING beamng_lidar_bev.worker: Actor pose enrichment unavailable
Traceback (most recent call last):
  File "C:\Users\initd\Documents\Projects\BeamNG.Tech Mods\BeamNG-LiDAR-BEV\src\beamng_lidar_bev\worker.py", line 1461, in _poll_actor_observations
    states = self._bng.vehicles.get_states(actor_ids)
             ^^^^^^^^^^^^^^^^^^^^^^^^^^^^^^^^^^^^^^^^
  File "C:\Users\initd\AppData\Local\Programs\Python\Python311\Lib\site-packages\beamngpy\api\beamng\vehicles.py", line 222, in get_states
    resp = self._send(data).recv("ScenarioUpdate")
           ^^^^^^^^^^^^^^^^^^^^^^^^^^^^^^^^^^^^^^^
  File "C:\Users\initd\AppData\Local\Programs\Python\Python311\Lib\site-packages\beamngpy\connection\connection.py", line 298, in recv
    raise message
beamngpy.logging.BNGError: The request was not handled by BeamNG.tech. This can mean:
- an incompatible version of BeamNG.tech/BeamNGpy
- an internal error in BeamNG.tech
- incorrectly implemented custom command
2026-08-08 23:01:49,942 WARNING beamng_lidar_bev.worker: Actor pose enrichment unavailable
Traceback (most recent call last):
  File "C:\Users\initd\Documents\Projects\BeamNG.Tech Mods\BeamNG-LiDAR-BEV\src\beamng_lidar_bev\worker.py", line 1461, in _poll_actor_observations
    states = self._bng.vehicles.get_states(actor_ids)
             ^^^^^^^^^^^^^^^^^^^^^^^^^^^^^^^^^^^^^^^^
  File "C:\Users\initd\AppData\Local\Programs\Python\Python311\Lib\site-packages\beamngpy\api\beamng\vehicles.py", line 222, in get_states
    resp = self._send(data).recv("ScenarioUpdate")
           ^^^^^^^^^^^^^^^^^^^^^^^^^^^^^^^^^^^^^^^
  File "C:\Users\initd\AppData\Local\Programs\Python\Python311\Lib\site-packages\beamngpy\connection\connection.py", line 298, in recv
    raise message
beamngpy.logging.BNGError: The request was not handled by BeamNG.tech. This can mean:
- an incompatible version of BeamNG.tech/BeamNGpy
- an internal error in BeamNG.tech
- incorrectly implemented custom command
2026-08-08 23:01:50,049 WARNING beamng_lidar_bev.worker: Actor pose enrichment unavailable
Traceback (most recent call last):
  File "C:\Users\initd\Documents\Projects\BeamNG.Tech Mods\BeamNG-LiDAR-BEV\src\beamng_lidar_bev\worker.py", line 1461, in _poll_actor_observations
    states = self._bng.vehicles.get_states(actor_ids)
             ^^^^^^^^^^^^^^^^^^^^^^^^^^^^^^^^^^^^^^^^
  File "C:\Users\initd\AppData\Local\Programs\Python\Python311\Lib\site-packages\beamngpy\api\beamng\vehicles.py", line 222, in get_states
    resp = self._send(data).recv("ScenarioUpdate")
           ^^^^^^^^^^^^^^^^^^^^^^^^^^^^^^^^^^^^^^^
  File "C:\Users\initd\AppData\Local\Programs\Python\Python311\Lib\site-packages\beamngpy\connection\connection.py", line 298, in recv
    raise message
beamngpy.logging.BNGError: The request was not handled by BeamNG.tech. This can mean:
- an incompatible version of BeamNG.tech/BeamNGpy
- an internal error in BeamNG.tech
- incorrectly implemented custom command
2026-08-08 23:01:50,158 WARNING beamng_lidar_bev.worker: Actor pose enrichment unavailable
Traceback (most recent call last):
  File "C:\Users\initd\Documents\Projects\BeamNG.Tech Mods\BeamNG-LiDAR-BEV\src\beamng_lidar_bev\worker.py", line 1461, in _poll_actor_observations
    states = self._bng.vehicles.get_states(actor_ids)
             ^^^^^^^^^^^^^^^^^^^^^^^^^^^^^^^^^^^^^^^^
  File "C:\Users\initd\AppData\Local\Programs\Python\Python311\Lib\site-packages\beamngpy\api\beamng\vehicles.py", line 222, in get_states
    resp = self._send(data).recv("ScenarioUpdate")
           ^^^^^^^^^^^^^^^^^^^^^^^^^^^^^^^^^^^^^^^
  File "C:\Users\initd\AppData\Local\Programs\Python\Python311\Lib\site-packages\beamngpy\connection\connection.py", line 298, in recv
    raise message
beamngpy.logging.BNGError: The request was not handled by BeamNG.tech. This can mean:
- an incompatible version of BeamNG.tech/BeamNGpy
- an internal error in BeamNG.tech
- incorrectly implemented custom command
2026-08-08 23:01:50,244 WARNING beamng_lidar_bev.worker: Actor pose enrichment unavailable
Traceback (most recent call last):
  File "C:\Users\initd\Documents\Projects\BeamNG.Tech Mods\BeamNG-LiDAR-BEV\src\beamng_lidar_bev\worker.py", line 1461, in _poll_actor_observations
    states = self._bng.vehicles.get_states(actor_ids)
             ^^^^^^^^^^^^^^^^^^^^^^^^^^^^^^^^^^^^^^^^
  File "C:\Users\initd\AppData\Local\Programs\Python\Python311\Lib\site-packages\beamngpy\api\beamng\vehicles.py", line 222, in get_states
    resp = self._send(data).recv("ScenarioUpdate")
           ^^^^^^^^^^^^^^^^^^^^^^^^^^^^^^^^^^^^^^^
  File "C:\Users\initd\AppData\Local\Programs\Python\Python311\Lib\site-packages\beamngpy\connection\connection.py", line 298, in recv
    raise message
beamngpy.logging.BNGError: The request was not handled by BeamNG.tech. This can mean:
- an incompatible version of BeamNG.tech/BeamNGpy
- an internal error in BeamNG.tech
- incorrectly implemented custom command
2026-08-08 23:01:50,400 WARNING beamng_lidar_bev.worker: Actor pose enrichment unavailable
Traceback (most recent call last):
  File "C:\Users\initd\Documents\Projects\BeamNG.Tech Mods\BeamNG-LiDAR-BEV\src\beamng_lidar_bev\worker.py", line 1461, in _poll_actor_observations
    states = self._bng.vehicles.get_states(actor_ids)
             ^^^^^^^^^^^^^^^^^^^^^^^^^^^^^^^^^^^^^^^^
  File "C:\Users\initd\AppData\Local\Programs\Python\Python311\Lib\site-packages\beamngpy\api\beamng\vehicles.py", line 222, in get_states
    resp = self._send(data).recv("ScenarioUpdate")
           ^^^^^^^^^^^^^^^^^^^^^^^^^^^^^^^^^^^^^^^
  File "C:\Users\initd\AppData\Local\Programs\Python\Python311\Lib\site-packages\beamngpy\connection\connection.py", line 298, in recv
    raise message
beamngpy.logging.BNGError: The request was not handled by BeamNG.tech. This can mean:
- an incompatible version of BeamNG.tech/BeamNGpy
- an internal error in BeamNG.tech
- incorrectly implemented custom command
2026-08-08 23:01:50,504 WARNING beamng_lidar_bev.worker: Actor pose enrichment unavailable
Traceback (most recent call last):
  File "C:\Users\initd\Documents\Projects\BeamNG.Tech Mods\BeamNG-LiDAR-BEV\src\beamng_lidar_bev\worker.py", line 1461, in _poll_actor_observations
    states = self._bng.vehicles.get_states(actor_ids)
             ^^^^^^^^^^^^^^^^^^^^^^^^^^^^^^^^^^^^^^^^
  File "C:\Users\initd\AppData\Local\Programs\Python\Python311\Lib\site-packages\beamngpy\api\beamng\vehicles.py", line 222, in get_states
    resp = self._send(data).recv("ScenarioUpdate")
           ^^^^^^^^^^^^^^^^^^^^^^^^^^^^^^^^^^^^^^^
  File "C:\Users\initd\AppData\Local\Programs\Python\Python311\Lib\site-packages\beamngpy\connection\connection.py", line 298, in recv
    raise message
beamngpy.logging.BNGError: The request was not handled by BeamNG.tech. This can mean:
- an incompatible version of BeamNG.tech/BeamNGpy
- an internal error in BeamNG.tech
- incorrectly implemented custom command
2026-08-08 23:01:50,610 WARNING beamng_lidar_bev.worker: Actor pose enrichment unavailable
Traceback (most recent call last):
  File "C:\Users\initd\Documents\Projects\BeamNG.Tech Mods\BeamNG-LiDAR-BEV\src\beamng_lidar_bev\worker.py", line 1461, in _poll_actor_observations
    states = self._bng.vehicles.get_states(actor_ids)
             ^^^^^^^^^^^^^^^^^^^^^^^^^^^^^^^^^^^^^^^^
  File "C:\Users\initd\AppData\Local\Programs\Python\Python311\Lib\site-packages\beamngpy\api\beamng\vehicles.py", line 222, in get_states
    resp = self._send(data).recv("ScenarioUpdate")
           ^^^^^^^^^^^^^^^^^^^^^^^^^^^^^^^^^^^^^^^
  File "C:\Users\initd\AppData\Local\Programs\Python\Python311\Lib\site-packages\beamngpy\connection\connection.py", line 298, in recv
    raise message
beamngpy.logging.BNGError: The request was not handled by BeamNG.tech. This can mean:
- an incompatible version of BeamNG.tech/BeamNGpy
- an internal error in BeamNG.tech
- incorrectly implemented custom command
2026-08-08 23:01:50,718 WARNING beamng_lidar_bev.worker: Actor pose enrichment unavailable
Traceback (most recent call last):
  File "C:\Users\initd\Documents\Projects\BeamNG.Tech Mods\BeamNG-LiDAR-BEV\src\beamng_lidar_bev\worker.py", line 1461, in _poll_actor_observations
    states = self._bng.vehicles.get_states(actor_ids)
             ^^^^^^^^^^^^^^^^^^^^^^^^^^^^^^^^^^^^^^^^
  File "C:\Users\initd\AppData\Local\Programs\Python\Python311\Lib\site-packages\beamngpy\api\beamng\vehicles.py", line 222, in get_states
    resp = self._send(data).recv("ScenarioUpdate")
           ^^^^^^^^^^^^^^^^^^^^^^^^^^^^^^^^^^^^^^^
  File "C:\Users\initd\AppData\Local\Programs\Python\Python311\Lib\site-packages\beamngpy\connection\connection.py", line 298, in recv
    raise message
beamngpy.logging.BNGError: The request was not handled by BeamNG.tech. This can mean:
- an incompatible version of BeamNG.tech/BeamNGpy
- an internal error in BeamNG.tech
- incorrectly implemented custom command
2026-08-08 23:01:50,927 WARNING beamng_lidar_bev.worker: Actor pose enrichment unavailable
Traceback (most recent call last):
  File "C:\Users\initd\Documents\Projects\BeamNG.Tech Mods\BeamNG-LiDAR-BEV\src\beamng_lidar_bev\worker.py", line 1461, in _poll_actor_observations
    states = self._bng.vehicles.get_states(actor_ids)
             ^^^^^^^^^^^^^^^^^^^^^^^^^^^^^^^^^^^^^^^^
  File "C:\Users\initd\AppData\Local\Programs\Python\Python311\Lib\site-packages\beamngpy\api\beamng\vehicles.py", line 222, in get_states
    resp = self._send(data).recv("ScenarioUpdate")
           ^^^^^^^^^^^^^^^^^^^^^^^^^^^^^^^^^^^^^^^
  File "C:\Users\initd\AppData\Local\Programs\Python\Python311\Lib\site-packages\beamngpy\connection\connection.py", line 298, in recv
    raise message
beamngpy.logging.BNGError: The request was not handled by BeamNG.tech. This can mean:
- an incompatible version of BeamNG.tech/BeamNGpy
- an internal error in BeamNG.tech
- incorrectly implemented custom command
2026-08-08 23:01:50,977 WARNING beamng_lidar_bev.worker: Actor pose enrichment unavailable
Traceback (most recent call last):
  File "C:\Users\initd\Documents\Projects\BeamNG.Tech Mods\BeamNG-LiDAR-BEV\src\beamng_lidar_bev\worker.py", line 1461, in _poll_actor_observations
    states = self._bng.vehicles.get_states(actor_ids)
             ^^^^^^^^^^^^^^^^^^^^^^^^^^^^^^^^^^^^^^^^
  File "C:\Users\initd\AppData\Local\Programs\Python\Python311\Lib\site-packages\beamngpy\api\beamng\vehicles.py", line 222, in get_states
    resp = self._send(data).recv("ScenarioUpdate")
           ^^^^^^^^^^^^^^^^^^^^^^^^^^^^^^^^^^^^^^^
  File "C:\Users\initd\AppData\Local\Programs\Python\Python311\Lib\site-packages\beamngpy\connection\connection.py", line 298, in recv
    raise message
beamngpy.logging.BNGError: The request was not handled by BeamNG.tech. This can mean:
- an incompatible version of BeamNG.tech/BeamNGpy
- an internal error in BeamNG.tech
- incorrectly implemented custom command
2026-08-08 23:01:51,084 WARNING beamng_lidar_bev.worker: Actor pose enrichment unavailable
Traceback (most recent call last):
  File "C:\Users\initd\Documents\Projects\BeamNG.Tech Mods\BeamNG-LiDAR-BEV\src\beamng_lidar_bev\worker.py", line 1461, in _poll_actor_observations
    states = self._bng.vehicles.get_states(actor_ids)
             ^^^^^^^^^^^^^^^^^^^^^^^^^^^^^^^^^^^^^^^^
  File "C:\Users\initd\AppData\Local\Programs\Python\Python311\Lib\site-packages\beamngpy\api\beamng\vehicles.py", line 222, in get_states
    resp = self._send(data).recv("ScenarioUpdate")
           ^^^^^^^^^^^^^^^^^^^^^^^^^^^^^^^^^^^^^^^
  File "C:\Users\initd\AppData\Local\Programs\Python\Python311\Lib\site-packages\beamngpy\connection\connection.py", line 298, in recv
    raise message
beamngpy.logging.BNGError: The request was not handled by BeamNG.tech. This can mean:
- an incompatible version of BeamNG.tech/BeamNGpy
- an internal error in BeamNG.tech
- incorrectly implemented custom command
2026-08-08 23:01:51,238 WARNING beamng_lidar_bev.worker: Actor pose enrichment unavailable
Traceback (most recent call last):
  File "C:\Users\initd\Documents\Projects\BeamNG.Tech Mods\BeamNG-LiDAR-BEV\src\beamng_lidar_bev\worker.py", line 1461, in _poll_actor_observations
    states = self._bng.vehicles.get_states(actor_ids)
             ^^^^^^^^^^^^^^^^^^^^^^^^^^^^^^^^^^^^^^^^
  File "C:\Users\initd\AppData\Local\Programs\Python\Python311\Lib\site-packages\beamngpy\api\beamng\vehicles.py", line 222, in get_states
    resp = self._send(data).recv("ScenarioUpdate")
           ^^^^^^^^^^^^^^^^^^^^^^^^^^^^^^^^^^^^^^^
  File "C:\Users\initd\AppData\Local\Programs\Python\Python311\Lib\site-packages\beamngpy\connection\connection.py", line 298, in recv
    raise message
beamngpy.logging.BNGError: The request was not handled by BeamNG.tech. This can mean:
- an incompatible version of BeamNG.tech/BeamNGpy
- an internal error in BeamNG.tech
- incorrectly implemented custom command
2026-08-08 23:01:51,387 WARNING beamng_lidar_bev.worker: Actor pose enrichment unavailable
Traceback (most recent call last):
  File "C:\Users\initd\Documents\Projects\BeamNG.Tech Mods\BeamNG-LiDAR-BEV\src\beamng_lidar_bev\worker.py", line 1461, in _poll_actor_observations
    states = self._bng.vehicles.get_states(actor_ids)
             ^^^^^^^^^^^^^^^^^^^^^^^^^^^^^^^^^^^^^^^^
  File "C:\Users\initd\AppData\Local\Programs\Python\Python311\Lib\site-packages\beamngpy\api\beamng\vehicles.py", line 222, in get_states
    resp = self._send(data).recv("ScenarioUpdate")
           ^^^^^^^^^^^^^^^^^^^^^^^^^^^^^^^^^^^^^^^
  File "C:\Users\initd\AppData\Local\Programs\Python\Python311\Lib\site-packages\beamngpy\connection\connection.py", line 298, in recv
    raise message
beamngpy.logging.BNGError: The request was not handled by BeamNG.tech. This can mean:
- an incompatible version of BeamNG.tech/BeamNGpy
- an internal error in BeamNG.tech
- incorrectly implemented custom command
2026-08-08 23:01:51,490 WARNING beamng_lidar_bev.worker: Actor pose enrichment unavailable
Traceback (most recent call last):
  File "C:\Users\initd\Documents\Projects\BeamNG.Tech Mods\BeamNG-LiDAR-BEV\src\beamng_lidar_bev\worker.py", line 1461, in _poll_actor_observations
    states = self._bng.vehicles.get_states(actor_ids)
             ^^^^^^^^^^^^^^^^^^^^^^^^^^^^^^^^^^^^^^^^
  File "C:\Users\initd\AppData\Local\Programs\Python\Python311\Lib\site-packages\beamngpy\api\beamng\vehicles.py", line 222, in get_states
    resp = self._send(data).recv("ScenarioUpdate")
           ^^^^^^^^^^^^^^^^^^^^^^^^^^^^^^^^^^^^^^^
  File "C:\Users\initd\AppData\Local\Programs\Python\Python311\Lib\site-packages\beamngpy\connection\connection.py", line 298, in recv
    raise message
beamngpy.logging.BNGError: The request was not handled by BeamNG.tech. This can mean:
- an incompatible version of BeamNG.tech/BeamNGpy
- an internal error in BeamNG.tech
- incorrectly implemented custom command
2026-08-08 23:01:51,640 WARNING beamng_lidar_bev.worker: Actor pose enrichment unavailable
Traceback (most recent call last):
  File "C:\Users\initd\Documents\Projects\BeamNG.Tech Mods\BeamNG-LiDAR-BEV\src\beamng_lidar_bev\worker.py", line 1461, in _poll_actor_observations
    states = self._bng.vehicles.get_states(actor_ids)
             ^^^^^^^^^^^^^^^^^^^^^^^^^^^^^^^^^^^^^^^^
  File "C:\Users\initd\AppData\Local\Programs\Python\Python311\Lib\site-packages\beamngpy\api\beamng\vehicles.py", line 222, in get_states
    resp = self._send(data).recv("ScenarioUpdate")
           ^^^^^^^^^^^^^^^^^^^^^^^^^^^^^^^^^^^^^^^
  File "C:\Users\initd\AppData\Local\Programs\Python\Python311\Lib\site-packages\beamngpy\connection\connection.py", line 298, in recv
    raise message
beamngpy.logging.BNGError: The request was not handled by BeamNG.tech. This can mean:
- an incompatible version of BeamNG.tech/BeamNGpy
- an internal error in BeamNG.tech
- incorrectly implemented custom command
2026-08-08 23:01:51,773 WARNING beamng_lidar_bev.worker: Actor pose enrichment unavailable
Traceback (most recent call last):
  File "C:\Users\initd\Documents\Projects\BeamNG.Tech Mods\BeamNG-LiDAR-BEV\src\beamng_lidar_bev\worker.py", line 1461, in _poll_actor_observations
    states = self._bng.vehicles.get_states(actor_ids)
             ^^^^^^^^^^^^^^^^^^^^^^^^^^^^^^^^^^^^^^^^
  File "C:\Users\initd\AppData\Local\Programs\Python\Python311\Lib\site-packages\beamngpy\api\beamng\vehicles.py", line 222, in get_states
    resp = self._send(data).recv("ScenarioUpdate")
           ^^^^^^^^^^^^^^^^^^^^^^^^^^^^^^^^^^^^^^^
  File "C:\Users\initd\AppData\Local\Programs\Python\Python311\Lib\site-packages\beamngpy\connection\connection.py", line 298, in recv
    raise message
beamngpy.logging.BNGError: The request was not handled by BeamNG.tech. This can mean:
- an incompatible version of BeamNG.tech/BeamNGpy
- an internal error in BeamNG.tech
- incorrectly implemented custom command
2026-08-08 23:01:51,973 WARNING beamng_lidar_bev.worker: Actor pose enrichment unavailable
Traceback (most recent call last):
  File "C:\Users\initd\Documents\Projects\BeamNG.Tech Mods\BeamNG-LiDAR-BEV\src\beamng_lidar_bev\worker.py", line 1461, in _poll_actor_observations
    states = self._bng.vehicles.get_states(actor_ids)
             ^^^^^^^^^^^^^^^^^^^^^^^^^^^^^^^^^^^^^^^^
  File "C:\Users\initd\AppData\Local\Programs\Python\Python311\Lib\site-packages\beamngpy\api\beamng\vehicles.py", line 222, in get_states
    resp = self._send(data).recv("ScenarioUpdate")
           ^^^^^^^^^^^^^^^^^^^^^^^^^^^^^^^^^^^^^^^
  File "C:\Users\initd\AppData\Local\Programs\Python\Python311\Lib\site-packages\beamngpy\connection\connection.py", line 298, in recv
    raise message
beamngpy.logging.BNGError: The request was not handled by BeamNG.tech. This can mean:
- an incompatible version of BeamNG.tech/BeamNGpy
- an internal error in BeamNG.tech
- incorrectly implemented custom command
2026-08-08 23:01:52,075 WARNING beamng_lidar_bev.worker: Actor pose enrichment unavailable
Traceback (most recent call last):
  File "C:\Users\initd\Documents\Projects\BeamNG.Tech Mods\BeamNG-LiDAR-BEV\src\beamng_lidar_bev\worker.py", line 1461, in _poll_actor_observations
    states = self._bng.vehicles.get_states(actor_ids)
             ^^^^^^^^^^^^^^^^^^^^^^^^^^^^^^^^^^^^^^^^
  File "C:\Users\initd\AppData\Local\Programs\Python\Python311\Lib\site-packages\beamngpy\api\beamng\vehicles.py", line 222, in get_states
    resp = self._send(data).recv("ScenarioUpdate")
           ^^^^^^^^^^^^^^^^^^^^^^^^^^^^^^^^^^^^^^^
  File "C:\Users\initd\AppData\Local\Programs\Python\Python311\Lib\site-packages\beamngpy\connection\connection.py", line 298, in recv
    raise message
beamngpy.logging.BNGError: The request was not handled by BeamNG.tech. This can mean:
- an incompatible version of BeamNG.tech/BeamNGpy
- an internal error in BeamNG.tech
- incorrectly implemented custom command
2026-08-08 23:01:52,182 WARNING beamng_lidar_bev.worker: Actor pose enrichment unavailable
Traceback (most recent call last):
  File "C:\Users\initd\Documents\Projects\BeamNG.Tech Mods\BeamNG-LiDAR-BEV\src\beamng_lidar_bev\worker.py", line 1461, in _poll_actor_observations
    states = self._bng.vehicles.get_states(actor_ids)
             ^^^^^^^^^^^^^^^^^^^^^^^^^^^^^^^^^^^^^^^^
  File "C:\Users\initd\AppData\Local\Programs\Python\Python311\Lib\site-packages\beamngpy\api\beamng\vehicles.py", line 222, in get_states
    resp = self._send(data).recv("ScenarioUpdate")
           ^^^^^^^^^^^^^^^^^^^^^^^^^^^^^^^^^^^^^^^
  File "C:\Users\initd\AppData\Local\Programs\Python\Python311\Lib\site-packages\beamngpy\connection\connection.py", line 298, in recv
    raise message
beamngpy.logging.BNGError: The request was not handled by BeamNG.tech. This can mean:
- an incompatible version of BeamNG.tech/BeamNGpy
- an internal error in BeamNG.tech
- incorrectly implemented custom command
2026-08-08 23:01:52,318 WARNING beamng_lidar_bev.worker: Actor pose enrichment unavailable
Traceback (most recent call last):
  File "C:\Users\initd\Documents\Projects\BeamNG.Tech Mods\BeamNG-LiDAR-BEV\src\beamng_lidar_bev\worker.py", line 1461, in _poll_actor_observations
    states = self._bng.vehicles.get_states(actor_ids)
             ^^^^^^^^^^^^^^^^^^^^^^^^^^^^^^^^^^^^^^^^
  File "C:\Users\initd\AppData\Local\Programs\Python\Python311\Lib\site-packages\beamngpy\api\beamng\vehicles.py", line 222, in get_states
    resp = self._send(data).recv("ScenarioUpdate")
           ^^^^^^^^^^^^^^^^^^^^^^^^^^^^^^^^^^^^^^^
  File "C:\Users\initd\AppData\Local\Programs\Python\Python311\Lib\site-packages\beamngpy\connection\connection.py", line 298, in recv
    raise message
beamngpy.logging.BNGError: The request was not handled by BeamNG.tech. This can mean:
- an incompatible version of BeamNG.tech/BeamNGpy
- an internal error in BeamNG.tech
- incorrectly implemented custom command
2026-08-08 23:01:52,439 WARNING beamng_lidar_bev.worker: Actor pose enrichment unavailable
Traceback (most recent call last):
  File "C:\Users\initd\Documents\Projects\BeamNG.Tech Mods\BeamNG-LiDAR-BEV\src\beamng_lidar_bev\worker.py", line 1461, in _poll_actor_observations
    states = self._bng.vehicles.get_states(actor_ids)
             ^^^^^^^^^^^^^^^^^^^^^^^^^^^^^^^^^^^^^^^^
  File "C:\Users\initd\AppData\Local\Programs\Python\Python311\Lib\site-packages\beamngpy\api\beamng\vehicles.py", line 222, in get_states
    resp = self._send(data).recv("ScenarioUpdate")
           ^^^^^^^^^^^^^^^^^^^^^^^^^^^^^^^^^^^^^^^
  File "C:\Users\initd\AppData\Local\Programs\Python\Python311\Lib\site-packages\beamngpy\connection\connection.py", line 298, in recv
    raise message
beamngpy.logging.BNGError: The request was not handled by BeamNG.tech. This can mean:
- an incompatible version of BeamNG.tech/BeamNGpy
- an internal error in BeamNG.tech
- incorrectly implemented custom command
2026-08-08 23:01:52,590 WARNING beamng_lidar_bev.worker: Actor pose enrichment unavailable
Traceback (most recent call last):
  File "C:\Users\initd\Documents\Projects\BeamNG.Tech Mods\BeamNG-LiDAR-BEV\src\beamng_lidar_bev\worker.py", line 1461, in _poll_actor_observations
    states = self._bng.vehicles.get_states(actor_ids)
             ^^^^^^^^^^^^^^^^^^^^^^^^^^^^^^^^^^^^^^^^
  File "C:\Users\initd\AppData\Local\Programs\Python\Python311\Lib\site-packages\beamngpy\api\beamng\vehicles.py", line 222, in get_states
    resp = self._send(data).recv("ScenarioUpdate")
           ^^^^^^^^^^^^^^^^^^^^^^^^^^^^^^^^^^^^^^^
  File "C:\Users\initd\AppData\Local\Programs\Python\Python311\Lib\site-packages\beamngpy\connection\connection.py", line 298, in recv
    raise message
beamngpy.logging.BNGError: The request was not handled by BeamNG.tech. This can mean:
- an incompatible version of BeamNG.tech/BeamNGpy
- an internal error in BeamNG.tech
- incorrectly implemented custom command
2026-08-08 23:01:52,740 WARNING beamng_lidar_bev.worker: Actor pose enrichment unavailable
Traceback (most recent call last):
  File "C:\Users\initd\Documents\Projects\BeamNG.Tech Mods\BeamNG-LiDAR-BEV\src\beamng_lidar_bev\worker.py", line 1461, in _poll_actor_observations
    states = self._bng.vehicles.get_states(actor_ids)
             ^^^^^^^^^^^^^^^^^^^^^^^^^^^^^^^^^^^^^^^^
  File "C:\Users\initd\AppData\Local\Programs\Python\Python311\Lib\site-packages\beamngpy\api\beamng\vehicles.py", line 222, in get_states
    resp = self._send(data).recv("ScenarioUpdate")
           ^^^^^^^^^^^^^^^^^^^^^^^^^^^^^^^^^^^^^^^
  File "C:\Users\initd\AppData\Local\Programs\Python\Python311\Lib\site-packages\beamngpy\connection\connection.py", line 298, in recv
    raise message
beamngpy.logging.BNGError: The request was not handled by BeamNG.tech. This can mean:
- an incompatible version of BeamNG.tech/BeamNGpy
- an internal error in BeamNG.tech
- incorrectly implemented custom command
2026-08-08 23:01:52,943 WARNING beamng_lidar_bev.worker: Actor pose enrichment unavailable
Traceback (most recent call last):
  File "C:\Users\initd\Documents\Projects\BeamNG.Tech Mods\BeamNG-LiDAR-BEV\src\beamng_lidar_bev\worker.py", line 1461, in _poll_actor_observations
    states = self._bng.vehicles.get_states(actor_ids)
             ^^^^^^^^^^^^^^^^^^^^^^^^^^^^^^^^^^^^^^^^
  File "C:\Users\initd\AppData\Local\Programs\Python\Python311\Lib\site-packages\beamngpy\api\beamng\vehicles.py", line 222, in get_states
    resp = self._send(data).recv("ScenarioUpdate")
           ^^^^^^^^^^^^^^^^^^^^^^^^^^^^^^^^^^^^^^^
  File "C:\Users\initd\AppData\Local\Programs\Python\Python311\Lib\site-packages\beamngpy\connection\connection.py", line 298, in recv
    raise message
beamngpy.logging.BNGError: The request was not handled by BeamNG.tech. This can mean:
- an incompatible version of BeamNG.tech/BeamNGpy
- an internal error in BeamNG.tech
- incorrectly implemented custom command
2026-08-08 23:01:52,993 WARNING beamng_lidar_bev.worker: Actor pose enrichment unavailable
Traceback (most recent call last):
  File "C:\Users\initd\Documents\Projects\BeamNG.Tech Mods\BeamNG-LiDAR-BEV\src\beamng_lidar_bev\worker.py", line 1461, in _poll_actor_observations
    states = self._bng.vehicles.get_states(actor_ids)
             ^^^^^^^^^^^^^^^^^^^^^^^^^^^^^^^^^^^^^^^^
  File "C:\Users\initd\AppData\Local\Programs\Python\Python311\Lib\site-packages\beamngpy\api\beamng\vehicles.py", line 222, in get_states
    resp = self._send(data).recv("ScenarioUpdate")
           ^^^^^^^^^^^^^^^^^^^^^^^^^^^^^^^^^^^^^^^
  File "C:\Users\initd\AppData\Local\Programs\Python\Python311\Lib\site-packages\beamngpy\connection\connection.py", line 298, in recv
    raise message
beamngpy.logging.BNGError: The request was not handled by BeamNG.tech. This can mean:
- an incompatible version of BeamNG.tech/BeamNGpy
- an internal error in BeamNG.tech
- incorrectly implemented custom command
2026-08-08 23:01:53,096 WARNING beamng_lidar_bev.worker: Actor pose enrichment unavailable
Traceback (most recent call last):
  File "C:\Users\initd\Documents\Projects\BeamNG.Tech Mods\BeamNG-LiDAR-BEV\src\beamng_lidar_bev\worker.py", line 1461, in _poll_actor_observations
    states = self._bng.vehicles.get_states(actor_ids)
             ^^^^^^^^^^^^^^^^^^^^^^^^^^^^^^^^^^^^^^^^
  File "C:\Users\initd\AppData\Local\Programs\Python\Python311\Lib\site-packages\beamngpy\api\beamng\vehicles.py", line 222, in get_states
    resp = self._send(data).recv("ScenarioUpdate")
           ^^^^^^^^^^^^^^^^^^^^^^^^^^^^^^^^^^^^^^^
  File "C:\Users\initd\AppData\Local\Programs\Python\Python311\Lib\site-packages\beamngpy\connection\connection.py", line 298, in recv
    raise message
beamngpy.logging.BNGError: The request was not handled by BeamNG.tech. This can mean:
- an incompatible version of BeamNG.tech/BeamNGpy
- an internal error in BeamNG.tech
- incorrectly implemented custom command
2026-08-08 23:01:53,189 WARNING beamng_lidar_bev.worker: Actor pose enrichment unavailable
Traceback (most recent call last):
  File "C:\Users\initd\Documents\Projects\BeamNG.Tech Mods\BeamNG-LiDAR-BEV\src\beamng_lidar_bev\worker.py", line 1461, in _poll_actor_observations
    states = self._bng.vehicles.get_states(actor_ids)
             ^^^^^^^^^^^^^^^^^^^^^^^^^^^^^^^^^^^^^^^^
  File "C:\Users\initd\AppData\Local\Programs\Python\Python311\Lib\site-packages\beamngpy\api\beamng\vehicles.py", line 222, in get_states
    resp = self._send(data).recv("ScenarioUpdate")
           ^^^^^^^^^^^^^^^^^^^^^^^^^^^^^^^^^^^^^^^
  File "C:\Users\initd\AppData\Local\Programs\Python\Python311\Lib\site-packages\beamngpy\connection\connection.py", line 298, in recv
    raise message
beamngpy.logging.BNGError: The request was not handled by BeamNG.tech. This can mean:
- an incompatible version of BeamNG.tech/BeamNGpy
- an internal error in BeamNG.tech
- incorrectly implemented custom command
2026-08-08 23:01:53,327 WARNING beamng_lidar_bev.worker: Actor pose enrichment unavailable
Traceback (most recent call last):
  File "C:\Users\initd\Documents\Projects\BeamNG.Tech Mods\BeamNG-LiDAR-BEV\src\beamng_lidar_bev\worker.py", line 1461, in _poll_actor_observations
    states = self._bng.vehicles.get_states(actor_ids)
             ^^^^^^^^^^^^^^^^^^^^^^^^^^^^^^^^^^^^^^^^
  File "C:\Users\initd\AppData\Local\Programs\Python\Python311\Lib\site-packages\beamngpy\api\beamng\vehicles.py", line 222, in get_states
    resp = self._send(data).recv("ScenarioUpdate")
           ^^^^^^^^^^^^^^^^^^^^^^^^^^^^^^^^^^^^^^^
  File "C:\Users\initd\AppData\Local\Programs\Python\Python311\Lib\site-packages\beamngpy\connection\connection.py", line 298, in recv
    raise message
beamngpy.logging.BNGError: The request was not handled by BeamNG.tech. This can mean:
- an incompatible version of BeamNG.tech/BeamNGpy
- an internal error in BeamNG.tech
- incorrectly implemented custom command
2026-08-08 23:01:53,462 WARNING beamng_lidar_bev.worker: Actor pose enrichment unavailable
Traceback (most recent call last):
  File "C:\Users\initd\Documents\Projects\BeamNG.Tech Mods\BeamNG-LiDAR-BEV\src\beamng_lidar_bev\worker.py", line 1461, in _poll_actor_observations
    states = self._bng.vehicles.get_states(actor_ids)
             ^^^^^^^^^^^^^^^^^^^^^^^^^^^^^^^^^^^^^^^^
  File "C:\Users\initd\AppData\Local\Programs\Python\Python311\Lib\site-packages\beamngpy\api\beamng\vehicles.py", line 222, in get_states
    resp = self._send(data).recv("ScenarioUpdate")
           ^^^^^^^^^^^^^^^^^^^^^^^^^^^^^^^^^^^^^^^
  File "C:\Users\initd\AppData\Local\Programs\Python\Python311\Lib\site-packages\beamngpy\connection\connection.py", line 298, in recv
    raise message
beamngpy.logging.BNGError: The request was not handled by BeamNG.tech. This can mean:
- an incompatible version of BeamNG.tech/BeamNGpy
- an internal error in BeamNG.tech
- incorrectly implemented custom command
2026-08-08 23:01:53,596 WARNING beamng_lidar_bev.worker: Actor pose enrichment unavailable
Traceback (most recent call last):
  File "C:\Users\initd\Documents\Projects\BeamNG.Tech Mods\BeamNG-LiDAR-BEV\src\beamng_lidar_bev\worker.py", line 1461, in _poll_actor_observations
    states = self._bng.vehicles.get_states(actor_ids)
             ^^^^^^^^^^^^^^^^^^^^^^^^^^^^^^^^^^^^^^^^
  File "C:\Users\initd\AppData\Local\Programs\Python\Python311\Lib\site-packages\beamngpy\api\beamng\vehicles.py", line 222, in get_states
    resp = self._send(data).recv("ScenarioUpdate")
           ^^^^^^^^^^^^^^^^^^^^^^^^^^^^^^^^^^^^^^^
  File "C:\Users\initd\AppData\Local\Programs\Python\Python311\Lib\site-packages\beamngpy\connection\connection.py", line 298, in recv
    raise message
beamngpy.logging.BNGError: The request was not handled by BeamNG.tech. This can mean:
- an incompatible version of BeamNG.tech/BeamNGpy
- an internal error in BeamNG.tech
- incorrectly implemented custom command
2026-08-08 23:01:53,730 WARNING beamng_lidar_bev.worker: Actor pose enrichment unavailable
Traceback (most recent call last):
  File "C:\Users\initd\Documents\Projects\BeamNG.Tech Mods\BeamNG-LiDAR-BEV\src\beamng_lidar_bev\worker.py", line 1461, in _poll_actor_observations
    states = self._bng.vehicles.get_states(actor_ids)
             ^^^^^^^^^^^^^^^^^^^^^^^^^^^^^^^^^^^^^^^^
  File "C:\Users\initd\AppData\Local\Programs\Python\Python311\Lib\site-packages\beamngpy\api\beamng\vehicles.py", line 222, in get_states
    resp = self._send(data).recv("ScenarioUpdate")
           ^^^^^^^^^^^^^^^^^^^^^^^^^^^^^^^^^^^^^^^
  File "C:\Users\initd\AppData\Local\Programs\Python\Python311\Lib\site-packages\beamngpy\connection\connection.py", line 298, in recv
    raise message
beamngpy.logging.BNGError: The request was not handled by BeamNG.tech. This can mean:
- an incompatible version of BeamNG.tech/BeamNGpy
- an internal error in BeamNG.tech
- incorrectly implemented custom command
2026-08-08 23:01:53,830 WARNING beamng_lidar_bev.worker: Actor pose enrichment unavailable
Traceback (most recent call last):
  File "C:\Users\initd\Documents\Projects\BeamNG.Tech Mods\BeamNG-LiDAR-BEV\src\beamng_lidar_bev\worker.py", line 1461, in _poll_actor_observations
    states = self._bng.vehicles.get_states(actor_ids)
             ^^^^^^^^^^^^^^^^^^^^^^^^^^^^^^^^^^^^^^^^
  File "C:\Users\initd\AppData\Local\Programs\Python\Python311\Lib\site-packages\beamngpy\api\beamng\vehicles.py", line 222, in get_states
    resp = self._send(data).recv("ScenarioUpdate")
           ^^^^^^^^^^^^^^^^^^^^^^^^^^^^^^^^^^^^^^^
  File "C:\Users\initd\AppData\Local\Programs\Python\Python311\Lib\site-packages\beamngpy\connection\connection.py", line 298, in recv
    raise message
beamngpy.logging.BNGError: The request was not handled by BeamNG.tech. This can mean:
- an incompatible version of BeamNG.tech/BeamNGpy
- an internal error in BeamNG.tech
- incorrectly implemented custom command
2026-08-08 23:01:54,016 WARNING beamng_lidar_bev.worker: Actor pose enrichment unavailable
Traceback (most recent call last):
  File "C:\Users\initd\Documents\Projects\BeamNG.Tech Mods\BeamNG-LiDAR-BEV\src\beamng_lidar_bev\worker.py", line 1461, in _poll_actor_observations
    states = self._bng.vehicles.get_states(actor_ids)
             ^^^^^^^^^^^^^^^^^^^^^^^^^^^^^^^^^^^^^^^^
  File "C:\Users\initd\AppData\Local\Programs\Python\Python311\Lib\site-packages\beamngpy\api\beamng\vehicles.py", line 222, in get_states
    resp = self._send(data).recv("ScenarioUpdate")
           ^^^^^^^^^^^^^^^^^^^^^^^^^^^^^^^^^^^^^^^
  File "C:\Users\initd\AppData\Local\Programs\Python\Python311\Lib\site-packages\beamngpy\connection\connection.py", line 298, in recv
    raise message
beamngpy.logging.BNGError: The request was not handled by BeamNG.tech. This can mean:
- an incompatible version of BeamNG.tech/BeamNGpy
- an internal error in BeamNG.tech
- incorrectly implemented custom command
2026-08-08 23:01:54,152 WARNING beamng_lidar_bev.worker: Actor pose enrichment unavailable
Traceback (most recent call last):
  File "C:\Users\initd\Documents\Projects\BeamNG.Tech Mods\BeamNG-LiDAR-BEV\src\beamng_lidar_bev\worker.py", line 1461, in _poll_actor_observations
    states = self._bng.vehicles.get_states(actor_ids)
             ^^^^^^^^^^^^^^^^^^^^^^^^^^^^^^^^^^^^^^^^
  File "C:\Users\initd\AppData\Local\Programs\Python\Python311\Lib\site-packages\beamngpy\api\beamng\vehicles.py", line 222, in get_states
    resp = self._send(data).recv("ScenarioUpdate")
           ^^^^^^^^^^^^^^^^^^^^^^^^^^^^^^^^^^^^^^^
  File "C:\Users\initd\AppData\Local\Programs\Python\Python311\Lib\site-packages\beamngpy\connection\connection.py", line 298, in recv
    raise message
beamngpy.logging.BNGError: The request was not handled by BeamNG.tech. This can mean:
- an incompatible version of BeamNG.tech/BeamNGpy
- an internal error in BeamNG.tech
- incorrectly implemented custom command
2026-08-08 23:01:54,285 WARNING beamng_lidar_bev.worker: Actor pose enrichment unavailable
Traceback (most recent call last):
  File "C:\Users\initd\Documents\Projects\BeamNG.Tech Mods\BeamNG-LiDAR-BEV\src\beamng_lidar_bev\worker.py", line 1461, in _poll_actor_observations
    states = self._bng.vehicles.get_states(actor_ids)
             ^^^^^^^^^^^^^^^^^^^^^^^^^^^^^^^^^^^^^^^^
  File "C:\Users\initd\AppData\Local\Programs\Python\Python311\Lib\site-packages\beamngpy\api\beamng\vehicles.py", line 222, in get_states
    resp = self._send(data).recv("ScenarioUpdate")
           ^^^^^^^^^^^^^^^^^^^^^^^^^^^^^^^^^^^^^^^
  File "C:\Users\initd\AppData\Local\Programs\Python\Python311\Lib\site-packages\beamngpy\connection\connection.py", line 298, in recv
    raise message
beamngpy.logging.BNGError: The request was not handled by BeamNG.tech. This can mean:
- an incompatible version of BeamNG.tech/BeamNGpy
- an internal error in BeamNG.tech
- incorrectly implemented custom command
2026-08-08 23:01:54,404 WARNING beamng_lidar_bev.worker: Actor pose enrichment unavailable
Traceback (most recent call last):
  File "C:\Users\initd\Documents\Projects\BeamNG.Tech Mods\BeamNG-LiDAR-BEV\src\beamng_lidar_bev\worker.py", line 1461, in _poll_actor_observations
    states = self._bng.vehicles.get_states(actor_ids)
             ^^^^^^^^^^^^^^^^^^^^^^^^^^^^^^^^^^^^^^^^
  File "C:\Users\initd\AppData\Local\Programs\Python\Python311\Lib\site-packages\beamngpy\api\beamng\vehicles.py", line 222, in get_states
    resp = self._send(data).recv("ScenarioUpdate")
           ^^^^^^^^^^^^^^^^^^^^^^^^^^^^^^^^^^^^^^^
  File "C:\Users\initd\AppData\Local\Programs\Python\Python311\Lib\site-packages\beamngpy\connection\connection.py", line 298, in recv
    raise message
beamngpy.logging.BNGError: The request was not handled by BeamNG.tech. This can mean:
- an incompatible version of BeamNG.tech/BeamNGpy
- an internal error in BeamNG.tech
- incorrectly implemented custom command
2026-08-08 23:01:54,528 WARNING beamng_lidar_bev.worker: Actor pose enrichment unavailable
Traceback (most recent call last):
  File "C:\Users\initd\Documents\Projects\BeamNG.Tech Mods\BeamNG-LiDAR-BEV\src\beamng_lidar_bev\worker.py", line 1461, in _poll_actor_observations
    states = self._bng.vehicles.get_states(actor_ids)
             ^^^^^^^^^^^^^^^^^^^^^^^^^^^^^^^^^^^^^^^^
  File "C:\Users\initd\AppData\Local\Programs\Python\Python311\Lib\site-packages\beamngpy\api\beamng\vehicles.py", line 222, in get_states
    resp = self._send(data).recv("ScenarioUpdate")
           ^^^^^^^^^^^^^^^^^^^^^^^^^^^^^^^^^^^^^^^
  File "C:\Users\initd\AppData\Local\Programs\Python\Python311\Lib\site-packages\beamngpy\connection\connection.py", line 298, in recv
    raise message
beamngpy.logging.BNGError: The request was not handled by BeamNG.tech. This can mean:
- an incompatible version of BeamNG.tech/BeamNGpy
- an internal error in BeamNG.tech
- incorrectly implemented custom command
2026-08-08 23:01:54,679 WARNING beamng_lidar_bev.worker: Actor pose enrichment unavailable
Traceback (most recent call last):
  File "C:\Users\initd\Documents\Projects\BeamNG.Tech Mods\BeamNG-LiDAR-BEV\src\beamng_lidar_bev\worker.py", line 1461, in _poll_actor_observations
    states = self._bng.vehicles.get_states(actor_ids)
             ^^^^^^^^^^^^^^^^^^^^^^^^^^^^^^^^^^^^^^^^
  File "C:\Users\initd\AppData\Local\Programs\Python\Python311\Lib\site-packages\beamngpy\api\beamng\vehicles.py", line 222, in get_states
    resp = self._send(data).recv("ScenarioUpdate")
           ^^^^^^^^^^^^^^^^^^^^^^^^^^^^^^^^^^^^^^^
  File "C:\Users\initd\AppData\Local\Programs\Python\Python311\Lib\site-packages\beamngpy\connection\connection.py", line 298, in recv
    raise message
beamngpy.logging.BNGError: The request was not handled by BeamNG.tech. This can mean:
- an incompatible version of BeamNG.tech/BeamNGpy
- an internal error in BeamNG.tech
- incorrectly implemented custom command
2026-08-08 23:01:54,828 WARNING beamng_lidar_bev.worker: Actor pose enrichment unavailable
Traceback (most recent call last):
  File "C:\Users\initd\Documents\Projects\BeamNG.Tech Mods\BeamNG-LiDAR-BEV\src\beamng_lidar_bev\worker.py", line 1461, in _poll_actor_observations
    states = self._bng.vehicles.get_states(actor_ids)
             ^^^^^^^^^^^^^^^^^^^^^^^^^^^^^^^^^^^^^^^^
  File "C:\Users\initd\AppData\Local\Programs\Python\Python311\Lib\site-packages\beamngpy\api\beamng\vehicles.py", line 222, in get_states
    resp = self._send(data).recv("ScenarioUpdate")
           ^^^^^^^^^^^^^^^^^^^^^^^^^^^^^^^^^^^^^^^
  File "C:\Users\initd\AppData\Local\Programs\Python\Python311\Lib\site-packages\beamngpy\connection\connection.py", line 298, in recv
    raise message
beamngpy.logging.BNGError: The request was not handled by BeamNG.tech. This can mean:
- an incompatible version of BeamNG.tech/BeamNGpy
- an internal error in BeamNG.tech
- incorrectly implemented custom command
2026-08-08 23:01:54,908 INFO beamng_lidar_bev.main_window: 3D scene build is over budget at 98.4 ms (tick is 40 ms), so WORLD is dropping frames. Control and AEB are unaffected -- they run on the BeamNG thread.
2026-08-08 23:01:54,979 WARNING beamng_lidar_bev.worker: Actor pose enrichment unavailable
Traceback (most recent call last):
  File "C:\Users\initd\Documents\Projects\BeamNG.Tech Mods\BeamNG-LiDAR-BEV\src\beamng_lidar_bev\worker.py", line 1461, in _poll_actor_observations
    states = self._bng.vehicles.get_states(actor_ids)
             ^^^^^^^^^^^^^^^^^^^^^^^^^^^^^^^^^^^^^^^^
  File "C:\Users\initd\AppData\Local\Programs\Python\Python311\Lib\site-packages\beamngpy\api\beamng\vehicles.py", line 222, in get_states
    resp = self._send(data).recv("ScenarioUpdate")
           ^^^^^^^^^^^^^^^^^^^^^^^^^^^^^^^^^^^^^^^
  File "C:\Users\initd\AppData\Local\Programs\Python\Python311\Lib\site-packages\beamngpy\connection\connection.py", line 298, in recv
    raise message
beamngpy.logging.BNGError: The request was not handled by BeamNG.tech. This can mean:
- an incompatible version of BeamNG.tech/BeamNGpy
- an internal error in BeamNG.tech
- incorrectly implemented custom command
2026-08-08 23:01:55,047 WARNING beamng_lidar_bev.worker: Actor pose enrichment unavailable
Traceback (most recent call last):
  File "C:\Users\initd\Documents\Projects\BeamNG.Tech Mods\BeamNG-LiDAR-BEV\src\beamng_lidar_bev\worker.py", line 1461, in _poll_actor_observations
    states = self._bng.vehicles.get_states(actor_ids)
             ^^^^^^^^^^^^^^^^^^^^^^^^^^^^^^^^^^^^^^^^
  File "C:\Users\initd\AppData\Local\Programs\Python\Python311\Lib\site-packages\beamngpy\api\beamng\vehicles.py", line 222, in get_states
    resp = self._send(data).recv("ScenarioUpdate")
           ^^^^^^^^^^^^^^^^^^^^^^^^^^^^^^^^^^^^^^^
  File "C:\Users\initd\AppData\Local\Programs\Python\Python311\Lib\site-packages\beamngpy\connection\connection.py", line 298, in recv
    raise message
beamngpy.logging.BNGError: The request was not handled by BeamNG.tech. This can mean:
- an incompatible version of BeamNG.tech/BeamNGpy
- an internal error in BeamNG.tech
- incorrectly implemented custom command
2026-08-08 23:01:55,136 WARNING beamng_lidar_bev.worker: Actor pose enrichment unavailable
Traceback (most recent call last):
  File "C:\Users\initd\Documents\Projects\BeamNG.Tech Mods\BeamNG-LiDAR-BEV\src\beamng_lidar_bev\worker.py", line 1461, in _poll_actor_observations
    states = self._bng.vehicles.get_states(actor_ids)
             ^^^^^^^^^^^^^^^^^^^^^^^^^^^^^^^^^^^^^^^^
  File "C:\Users\initd\AppData\Local\Programs\Python\Python311\Lib\site-packages\beamngpy\api\beamng\vehicles.py", line 222, in get_states
    resp = self._send(data).recv("ScenarioUpdate")
           ^^^^^^^^^^^^^^^^^^^^^^^^^^^^^^^^^^^^^^^
  File "C:\Users\initd\AppData\Local\Programs\Python\Python311\Lib\site-packages\beamngpy\connection\connection.py", line 298, in recv
    raise message
beamngpy.logging.BNGError: The request was not handled by BeamNG.tech. This can mean:
- an incompatible version of BeamNG.tech/BeamNGpy
- an internal error in BeamNG.tech
- incorrectly implemented custom command
2026-08-08 23:01:55,264 WARNING beamng_lidar_bev.worker: Actor pose enrichment unavailable
Traceback (most recent call last):
  File "C:\Users\initd\Documents\Projects\BeamNG.Tech Mods\BeamNG-LiDAR-BEV\src\beamng_lidar_bev\worker.py", line 1461, in _poll_actor_observations
    states = self._bng.vehicles.get_states(actor_ids)
             ^^^^^^^^^^^^^^^^^^^^^^^^^^^^^^^^^^^^^^^^
  File "C:\Users\initd\AppData\Local\Programs\Python\Python311\Lib\site-packages\beamngpy\api\beamng\vehicles.py", line 222, in get_states
    resp = self._send(data).recv("ScenarioUpdate")
           ^^^^^^^^^^^^^^^^^^^^^^^^^^^^^^^^^^^^^^^
  File "C:\Users\initd\AppData\Local\Programs\Python\Python311\Lib\site-packages\beamngpy\connection\connection.py", line 298, in recv
    raise message
beamngpy.logging.BNGError: The request was not handled by BeamNG.tech. This can mean:
- an incompatible version of BeamNG.tech/BeamNGpy
- an internal error in BeamNG.tech
- incorrectly implemented custom command
2026-08-08 23:01:55,368 WARNING beamng_lidar_bev.worker: Actor pose enrichment unavailable
Traceback (most recent call last):
  File "C:\Users\initd\Documents\Projects\BeamNG.Tech Mods\BeamNG-LiDAR-BEV\src\beamng_lidar_bev\worker.py", line 1461, in _poll_actor_observations
    states = self._bng.vehicles.get_states(actor_ids)
             ^^^^^^^^^^^^^^^^^^^^^^^^^^^^^^^^^^^^^^^^
  File "C:\Users\initd\AppData\Local\Programs\Python\Python311\Lib\site-packages\beamngpy\api\beamng\vehicles.py", line 222, in get_states
    resp = self._send(data).recv("ScenarioUpdate")
           ^^^^^^^^^^^^^^^^^^^^^^^^^^^^^^^^^^^^^^^
  File "C:\Users\initd\AppData\Local\Programs\Python\Python311\Lib\site-packages\beamngpy\connection\connection.py", line 298, in recv
    raise message
beamngpy.logging.BNGError: The request was not handled by BeamNG.tech. This can mean:
- an incompatible version of BeamNG.tech/BeamNGpy
- an internal error in BeamNG.tech
- incorrectly implemented custom command
2026-08-08 23:01:55,476 WARNING beamng_lidar_bev.worker: Actor pose enrichment unavailable
Traceback (most recent call last):
  File "C:\Users\initd\Documents\Projects\BeamNG.Tech Mods\BeamNG-LiDAR-BEV\src\beamng_lidar_bev\worker.py", line 1461, in _poll_actor_observations
    states = self._bng.vehicles.get_states(actor_ids)
             ^^^^^^^^^^^^^^^^^^^^^^^^^^^^^^^^^^^^^^^^
  File "C:\Users\initd\AppData\Local\Programs\Python\Python311\Lib\site-packages\beamngpy\api\beamng\vehicles.py", line 222, in get_states
    resp = self._send(data).recv("ScenarioUpdate")
           ^^^^^^^^^^^^^^^^^^^^^^^^^^^^^^^^^^^^^^^
  File "C:\Users\initd\AppData\Local\Programs\Python\Python311\Lib\site-packages\beamngpy\connection\connection.py", line 298, in recv
    raise message
beamngpy.logging.BNGError: The request was not handled by BeamNG.tech. This can mean:
- an incompatible version of BeamNG.tech/BeamNGpy
- an internal error in BeamNG.tech
- incorrectly implemented custom command
2026-08-08 23:01:55,594 WARNING beamng_lidar_bev.worker: Actor pose enrichment unavailable
Traceback (most recent call last):
  File "C:\Users\initd\Documents\Projects\BeamNG.Tech Mods\BeamNG-LiDAR-BEV\src\beamng_lidar_bev\worker.py", line 1461, in _poll_actor_observations
    states = self._bng.vehicles.get_states(actor_ids)
             ^^^^^^^^^^^^^^^^^^^^^^^^^^^^^^^^^^^^^^^^
  File "C:\Users\initd\AppData\Local\Programs\Python\Python311\Lib\site-packages\beamngpy\api\beamng\vehicles.py", line 222, in get_states
    resp = self._send(data).recv("ScenarioUpdate")
           ^^^^^^^^^^^^^^^^^^^^^^^^^^^^^^^^^^^^^^^
  File "C:\Users\initd\AppData\Local\Programs\Python\Python311\Lib\site-packages\beamngpy\connection\connection.py", line 298, in recv
    raise message
beamngpy.logging.BNGError: The request was not handled by BeamNG.tech. This can mean:
- an incompatible version of BeamNG.tech/BeamNGpy
- an internal error in BeamNG.tech
- incorrectly implemented custom command
2026-08-08 23:01:55,711 WARNING beamng_lidar_bev.worker: Actor pose enrichment unavailable
Traceback (most recent call last):
  File "C:\Users\initd\Documents\Projects\BeamNG.Tech Mods\BeamNG-LiDAR-BEV\src\beamng_lidar_bev\worker.py", line 1461, in _poll_actor_observations
    states = self._bng.vehicles.get_states(actor_ids)
             ^^^^^^^^^^^^^^^^^^^^^^^^^^^^^^^^^^^^^^^^
  File "C:\Users\initd\AppData\Local\Programs\Python\Python311\Lib\site-packages\beamngpy\api\beamng\vehicles.py", line 222, in get_states
    resp = self._send(data).recv("ScenarioUpdate")
           ^^^^^^^^^^^^^^^^^^^^^^^^^^^^^^^^^^^^^^^
  File "C:\Users\initd\AppData\Local\Programs\Python\Python311\Lib\site-packages\beamngpy\connection\connection.py", line 298, in recv
    raise message
beamngpy.logging.BNGError: The request was not handled by BeamNG.tech. This can mean:
- an incompatible version of BeamNG.tech/BeamNGpy
- an internal error in BeamNG.tech
- incorrectly implemented custom command
2026-08-08 23:01:55,831 WARNING beamng_lidar_bev.worker: Actor pose enrichment unavailable
Traceback (most recent call last):
  File "C:\Users\initd\Documents\Projects\BeamNG.Tech Mods\BeamNG-LiDAR-BEV\src\beamng_lidar_bev\worker.py", line 1461, in _poll_actor_observations
    states = self._bng.vehicles.get_states(actor_ids)
             ^^^^^^^^^^^^^^^^^^^^^^^^^^^^^^^^^^^^^^^^
  File "C:\Users\initd\AppData\Local\Programs\Python\Python311\Lib\site-packages\beamngpy\api\beamng\vehicles.py", line 222, in get_states
    resp = self._send(data).recv("ScenarioUpdate")
           ^^^^^^^^^^^^^^^^^^^^^^^^^^^^^^^^^^^^^^^
  File "C:\Users\initd\AppData\Local\Programs\Python\Python311\Lib\site-packages\beamngpy\connection\connection.py", line 298, in recv
    raise message
beamngpy.logging.BNGError: The request was not handled by BeamNG.tech. This can mean:
- an incompatible version of BeamNG.tech/BeamNGpy
- an internal error in BeamNG.tech
- incorrectly implemented custom command
2026-08-08 23:01:56,015 WARNING beamng_lidar_bev.worker: Actor pose enrichment unavailable
Traceback (most recent call last):
  File "C:\Users\initd\Documents\Projects\BeamNG.Tech Mods\BeamNG-LiDAR-BEV\src\beamng_lidar_bev\worker.py", line 1461, in _poll_actor_observations
    states = self._bng.vehicles.get_states(actor_ids)
             ^^^^^^^^^^^^^^^^^^^^^^^^^^^^^^^^^^^^^^^^
  File "C:\Users\initd\AppData\Local\Programs\Python\Python311\Lib\site-packages\beamngpy\api\beamng\vehicles.py", line 222, in get_states
    resp = self._send(data).recv("ScenarioUpdate")
           ^^^^^^^^^^^^^^^^^^^^^^^^^^^^^^^^^^^^^^^
  File "C:\Users\initd\AppData\Local\Programs\Python\Python311\Lib\site-packages\beamngpy\connection\connection.py", line 298, in recv
    raise message
beamngpy.logging.BNGError: The request was not handled by BeamNG.tech. This can mean:
- an incompatible version of BeamNG.tech/BeamNGpy
- an internal error in BeamNG.tech
- incorrectly implemented custom command
2026-08-08 23:01:56,065 WARNING beamng_lidar_bev.worker: Actor pose enrichment unavailable
Traceback (most recent call last):
  File "C:\Users\initd\Documents\Projects\BeamNG.Tech Mods\BeamNG-LiDAR-BEV\src\beamng_lidar_bev\worker.py", line 1461, in _poll_actor_observations
    states = self._bng.vehicles.get_states(actor_ids)
             ^^^^^^^^^^^^^^^^^^^^^^^^^^^^^^^^^^^^^^^^
  File "C:\Users\initd\AppData\Local\Programs\Python\Python311\Lib\site-packages\beamngpy\api\beamng\vehicles.py", line 222, in get_states
    resp = self._send(data).recv("ScenarioUpdate")
           ^^^^^^^^^^^^^^^^^^^^^^^^^^^^^^^^^^^^^^^
  File "C:\Users\initd\AppData\Local\Programs\Python\Python311\Lib\site-packages\beamngpy\connection\connection.py", line 298, in recv
    raise message
beamngpy.logging.BNGError: The request was not handled by BeamNG.tech. This can mean:
- an incompatible version of BeamNG.tech/BeamNGpy
- an internal error in BeamNG.tech
- incorrectly implemented custom command
2026-08-08 23:01:56,201 WARNING beamng_lidar_bev.worker: Actor pose enrichment unavailable
Traceback (most recent call last):
  File "C:\Users\initd\Documents\Projects\BeamNG.Tech Mods\BeamNG-LiDAR-BEV\src\beamng_lidar_bev\worker.py", line 1461, in _poll_actor_observations
    states = self._bng.vehicles.get_states(actor_ids)
             ^^^^^^^^^^^^^^^^^^^^^^^^^^^^^^^^^^^^^^^^
  File "C:\Users\initd\AppData\Local\Programs\Python\Python311\Lib\site-packages\beamngpy\api\beamng\vehicles.py", line 222, in get_states
    resp = self._send(data).recv("ScenarioUpdate")
           ^^^^^^^^^^^^^^^^^^^^^^^^^^^^^^^^^^^^^^^
  File "C:\Users\initd\AppData\Local\Programs\Python\Python311\Lib\site-packages\beamngpy\connection\connection.py", line 298, in recv
    raise message
beamngpy.logging.BNGError: The request was not handled by BeamNG.tech. This can mean:
- an incompatible version of BeamNG.tech/BeamNGpy
- an internal error in BeamNG.tech
- incorrectly implemented custom command
2026-08-08 23:01:56,318 WARNING beamng_lidar_bev.worker: Actor pose enrichment unavailable
Traceback (most recent call last):
  File "C:\Users\initd\Documents\Projects\BeamNG.Tech Mods\BeamNG-LiDAR-BEV\src\beamng_lidar_bev\worker.py", line 1461, in _poll_actor_observations
    states = self._bng.vehicles.get_states(actor_ids)
             ^^^^^^^^^^^^^^^^^^^^^^^^^^^^^^^^^^^^^^^^
  File "C:\Users\initd\AppData\Local\Programs\Python\Python311\Lib\site-packages\beamngpy\api\beamng\vehicles.py", line 222, in get_states
    resp = self._send(data).recv("ScenarioUpdate")
           ^^^^^^^^^^^^^^^^^^^^^^^^^^^^^^^^^^^^^^^
  File "C:\Users\initd\AppData\Local\Programs\Python\Python311\Lib\site-packages\beamngpy\connection\connection.py", line 298, in recv
    raise message
beamngpy.logging.BNGError: The request was not handled by BeamNG.tech. This can mean:
- an incompatible version of BeamNG.tech/BeamNGpy
- an internal error in BeamNG.tech
- incorrectly implemented custom command
2026-08-08 23:01:56,440 WARNING beamng_lidar_bev.worker: Actor pose enrichment unavailable
Traceback (most recent call last):
  File "C:\Users\initd\Documents\Projects\BeamNG.Tech Mods\BeamNG-LiDAR-BEV\src\beamng_lidar_bev\worker.py", line 1461, in _poll_actor_observations
    states = self._bng.vehicles.get_states(actor_ids)
             ^^^^^^^^^^^^^^^^^^^^^^^^^^^^^^^^^^^^^^^^
  File "C:\Users\initd\AppData\Local\Programs\Python\Python311\Lib\site-packages\beamngpy\api\beamng\vehicles.py", line 222, in get_states
    resp = self._send(data).recv("ScenarioUpdate")
           ^^^^^^^^^^^^^^^^^^^^^^^^^^^^^^^^^^^^^^^
  File "C:\Users\initd\AppData\Local\Programs\Python\Python311\Lib\site-packages\beamngpy\connection\connection.py", line 298, in recv
    raise message
beamngpy.logging.BNGError: The request was not handled by BeamNG.tech. This can mean:
- an incompatible version of BeamNG.tech/BeamNGpy
- an internal error in BeamNG.tech
- incorrectly implemented custom command
2026-08-08 23:01:56,576 WARNING beamng_lidar_bev.worker: Actor pose enrichment unavailable
Traceback (most recent call last):
  File "C:\Users\initd\Documents\Projects\BeamNG.Tech Mods\BeamNG-LiDAR-BEV\src\beamng_lidar_bev\worker.py", line 1461, in _poll_actor_observations
    states = self._bng.vehicles.get_states(actor_ids)
             ^^^^^^^^^^^^^^^^^^^^^^^^^^^^^^^^^^^^^^^^
  File "C:\Users\initd\AppData\Local\Programs\Python\Python311\Lib\site-packages\beamngpy\api\beamng\vehicles.py", line 222, in get_states
    resp = self._send(data).recv("ScenarioUpdate")
           ^^^^^^^^^^^^^^^^^^^^^^^^^^^^^^^^^^^^^^^
  File "C:\Users\initd\AppData\Local\Programs\Python\Python311\Lib\site-packages\beamngpy\connection\connection.py", line 298, in recv
    raise message
beamngpy.logging.BNGError: The request was not handled by BeamNG.tech. This can mean:
- an incompatible version of BeamNG.tech/BeamNGpy
- an internal error in BeamNG.tech
- incorrectly implemented custom command
2026-08-08 23:01:56,696 WARNING beamng_lidar_bev.worker: Actor pose enrichment unavailable
Traceback (most recent call last):
  File "C:\Users\initd\Documents\Projects\BeamNG.Tech Mods\BeamNG-LiDAR-BEV\src\beamng_lidar_bev\worker.py", line 1461, in _poll_actor_observations
    states = self._bng.vehicles.get_states(actor_ids)
             ^^^^^^^^^^^^^^^^^^^^^^^^^^^^^^^^^^^^^^^^
  File "C:\Users\initd\AppData\Local\Programs\Python\Python311\Lib\site-packages\beamngpy\api\beamng\vehicles.py", line 222, in get_states
    resp = self._send(data).recv("ScenarioUpdate")
           ^^^^^^^^^^^^^^^^^^^^^^^^^^^^^^^^^^^^^^^
  File "C:\Users\initd\AppData\Local\Programs\Python\Python311\Lib\site-packages\beamngpy\connection\connection.py", line 298, in recv
    raise message
beamngpy.logging.BNGError: The request was not handled by BeamNG.tech. This can mean:
- an incompatible version of BeamNG.tech/BeamNGpy
- an internal error in BeamNG.tech
- incorrectly implemented custom command
2026-08-08 23:01:56,832 WARNING beamng_lidar_bev.worker: Actor pose enrichment unavailable
Traceback (most recent call last):
  File "C:\Users\initd\Documents\Projects\BeamNG.Tech Mods\BeamNG-LiDAR-BEV\src\beamng_lidar_bev\worker.py", line 1461, in _poll_actor_observations
    states = self._bng.vehicles.get_states(actor_ids)
             ^^^^^^^^^^^^^^^^^^^^^^^^^^^^^^^^^^^^^^^^
  File "C:\Users\initd\AppData\Local\Programs\Python\Python311\Lib\site-packages\beamngpy\api\beamng\vehicles.py", line 222, in get_states
    resp = self._send(data).recv("ScenarioUpdate")
           ^^^^^^^^^^^^^^^^^^^^^^^^^^^^^^^^^^^^^^^
  File "C:\Users\initd\AppData\Local\Programs\Python\Python311\Lib\site-packages\beamngpy\connection\connection.py", line 298, in recv
    raise message
beamngpy.logging.BNGError: The request was not handled by BeamNG.tech. This can mean:
- an incompatible version of BeamNG.tech/BeamNGpy
- an internal error in BeamNG.tech
- incorrectly implemented custom command
2026-08-08 23:01:57,020 WARNING beamng_lidar_bev.worker: Actor pose enrichment unavailable
Traceback (most recent call last):
  File "C:\Users\initd\Documents\Projects\BeamNG.Tech Mods\BeamNG-LiDAR-BEV\src\beamng_lidar_bev\worker.py", line 1461, in _poll_actor_observations
    states = self._bng.vehicles.get_states(actor_ids)
             ^^^^^^^^^^^^^^^^^^^^^^^^^^^^^^^^^^^^^^^^
  File "C:\Users\initd\AppData\Local\Programs\Python\Python311\Lib\site-packages\beamngpy\api\beamng\vehicles.py", line 222, in get_states
    resp = self._send(data).recv("ScenarioUpdate")
           ^^^^^^^^^^^^^^^^^^^^^^^^^^^^^^^^^^^^^^^
  File "C:\Users\initd\AppData\Local\Programs\Python\Python311\Lib\site-packages\beamngpy\connection\connection.py", line 298, in recv
    raise message
beamngpy.logging.BNGError: The request was not handled by BeamNG.tech. This can mean:
- an incompatible version of BeamNG.tech/BeamNGpy
- an internal error in BeamNG.tech
- incorrectly implemented custom command
2026-08-08 23:01:57,054 INFO beamng_lidar_bev.worker: AEB: STANDBY at 5.7 km/h | threat none (brake-now 2.5, standoff 2.1, horizon 8.1) | required 0.0 m/s^2 ttc inf | k +0.0000 brake 0.00 | Standing by below 7 km/h
2026-08-08 23:01:57,054 WARNING beamng_lidar_bev.worker: Actor pose enrichment unavailable
Traceback (most recent call last):
  File "C:\Users\initd\Documents\Projects\BeamNG.Tech Mods\BeamNG-LiDAR-BEV\src\beamng_lidar_bev\worker.py", line 1461, in _poll_actor_observations
    states = self._bng.vehicles.get_states(actor_ids)
             ^^^^^^^^^^^^^^^^^^^^^^^^^^^^^^^^^^^^^^^^
  File "C:\Users\initd\AppData\Local\Programs\Python\Python311\Lib\site-packages\beamngpy\api\beamng\vehicles.py", line 222, in get_states
    resp = self._send(data).recv("ScenarioUpdate")
           ^^^^^^^^^^^^^^^^^^^^^^^^^^^^^^^^^^^^^^^
  File "C:\Users\initd\AppData\Local\Programs\Python\Python311\Lib\site-packages\beamngpy\connection\connection.py", line 298, in recv
    raise message
beamngpy.logging.BNGError: The request was not handled by BeamNG.tech. This can mean:
- an incompatible version of BeamNG.tech/BeamNGpy
- an internal error in BeamNG.tech
- incorrectly implemented custom command
2026-08-08 23:01:57,164 WARNING beamng_lidar_bev.worker: Actor pose enrichment unavailable
Traceback (most recent call last):
  File "C:\Users\initd\Documents\Projects\BeamNG.Tech Mods\BeamNG-LiDAR-BEV\src\beamng_lidar_bev\worker.py", line 1461, in _poll_actor_observations
    states = self._bng.vehicles.get_states(actor_ids)
             ^^^^^^^^^^^^^^^^^^^^^^^^^^^^^^^^^^^^^^^^
  File "C:\Users\initd\AppData\Local\Programs\Python\Python311\Lib\site-packages\beamngpy\api\beamng\vehicles.py", line 222, in get_states
    resp = self._send(data).recv("ScenarioUpdate")
           ^^^^^^^^^^^^^^^^^^^^^^^^^^^^^^^^^^^^^^^
  File "C:\Users\initd\AppData\Local\Programs\Python\Python311\Lib\site-packages\beamngpy\connection\connection.py", line 298, in recv
    raise message
beamngpy.logging.BNGError: The request was not handled by BeamNG.tech. This can mean:
- an incompatible version of BeamNG.tech/BeamNGpy
- an internal error in BeamNG.tech
- incorrectly implemented custom command
2026-08-08 23:01:57,305 WARNING beamng_lidar_bev.worker: Actor pose enrichment unavailable
Traceback (most recent call last):
  File "C:\Users\initd\Documents\Projects\BeamNG.Tech Mods\BeamNG-LiDAR-BEV\src\beamng_lidar_bev\worker.py", line 1461, in _poll_actor_observations
    states = self._bng.vehicles.get_states(actor_ids)
             ^^^^^^^^^^^^^^^^^^^^^^^^^^^^^^^^^^^^^^^^
  File "C:\Users\initd\AppData\Local\Programs\Python\Python311\Lib\site-packages\beamngpy\api\beamng\vehicles.py", line 222, in get_states
    resp = self._send(data).recv("ScenarioUpdate")
           ^^^^^^^^^^^^^^^^^^^^^^^^^^^^^^^^^^^^^^^
  File "C:\Users\initd\AppData\Local\Programs\Python\Python311\Lib\site-packages\beamngpy\connection\connection.py", line 298, in recv
    raise message
beamngpy.logging.BNGError: The request was not handled by BeamNG.tech. This can mean:
- an incompatible version of BeamNG.tech/BeamNGpy
- an internal error in BeamNG.tech
- incorrectly implemented custom command
2026-08-08 23:01:57,338 INFO beamng_lidar_bev.worker: REAR AEB: ARMED at 1.9 km/h | threat none (brake-now 4.1, standoff 3.9, horizon 9.9) | required 0.0 m/s^2 ttc inf | k +0.0227 brake 0.00 | Clear to 10 m
2026-08-08 23:01:57,395 INFO beamng_lidar_bev.worker: REAR AEB: STANDBY at 1.3 km/h | threat none (brake-now 4.0, standoff 3.9, horizon 9.9) | required 0.0 m/s^2 ttc inf | k +0.0000 brake 0.00 | Standing by below 2 km/h
2026-08-08 23:01:57,458 WARNING beamng_lidar_bev.worker: Actor pose enrichment unavailable
Traceback (most recent call last):
  File "C:\Users\initd\Documents\Projects\BeamNG.Tech Mods\BeamNG-LiDAR-BEV\src\beamng_lidar_bev\worker.py", line 1461, in _poll_actor_observations
    states = self._bng.vehicles.get_states(actor_ids)
             ^^^^^^^^^^^^^^^^^^^^^^^^^^^^^^^^^^^^^^^^
  File "C:\Users\initd\AppData\Local\Programs\Python\Python311\Lib\site-packages\beamngpy\api\beamng\vehicles.py", line 222, in get_states
    resp = self._send(data).recv("ScenarioUpdate")
           ^^^^^^^^^^^^^^^^^^^^^^^^^^^^^^^^^^^^^^^
  File "C:\Users\initd\AppData\Local\Programs\Python\Python311\Lib\site-packages\beamngpy\connection\connection.py", line 298, in recv
    raise message
beamngpy.logging.BNGError: The request was not handled by BeamNG.tech. This can mean:
- an incompatible version of BeamNG.tech/BeamNGpy
- an internal error in BeamNG.tech
- incorrectly implemented custom command
2026-08-08 23:01:57,579 WARNING beamng_lidar_bev.worker: Actor pose enrichment unavailable
Traceback (most recent call last):
  File "C:\Users\initd\Documents\Projects\BeamNG.Tech Mods\BeamNG-LiDAR-BEV\src\beamng_lidar_bev\worker.py", line 1461, in _poll_actor_observations
    states = self._bng.vehicles.get_states(actor_ids)
             ^^^^^^^^^^^^^^^^^^^^^^^^^^^^^^^^^^^^^^^^
  File "C:\Users\initd\AppData\Local\Programs\Python\Python311\Lib\site-packages\beamngpy\api\beamng\vehicles.py", line 222, in get_states
    resp = self._send(data).recv("ScenarioUpdate")
           ^^^^^^^^^^^^^^^^^^^^^^^^^^^^^^^^^^^^^^^
  File "C:\Users\initd\AppData\Local\Programs\Python\Python311\Lib\site-packages\beamngpy\connection\connection.py", line 298, in recv
    raise message
beamngpy.logging.BNGError: The request was not handled by BeamNG.tech. This can mean:
- an incompatible version of BeamNG.tech/BeamNGpy
- an internal error in BeamNG.tech
- incorrectly implemented custom command
2026-08-08 23:01:57,703 WARNING beamng_lidar_bev.worker: Actor pose enrichment unavailable
Traceback (most recent call last):
  File "C:\Users\initd\Documents\Projects\BeamNG.Tech Mods\BeamNG-LiDAR-BEV\src\beamng_lidar_bev\worker.py", line 1461, in _poll_actor_observations
    states = self._bng.vehicles.get_states(actor_ids)
             ^^^^^^^^^^^^^^^^^^^^^^^^^^^^^^^^^^^^^^^^
  File "C:\Users\initd\AppData\Local\Programs\Python\Python311\Lib\site-packages\beamngpy\api\beamng\vehicles.py", line 222, in get_states
    resp = self._send(data).recv("ScenarioUpdate")
           ^^^^^^^^^^^^^^^^^^^^^^^^^^^^^^^^^^^^^^^
  File "C:\Users\initd\AppData\Local\Programs\Python\Python311\Lib\site-packages\beamngpy\connection\connection.py", line 298, in recv
    raise message
beamngpy.logging.BNGError: The request was not handled by BeamNG.tech. This can mean:
- an incompatible version of BeamNG.tech/BeamNGpy
- an internal error in BeamNG.tech
- incorrectly implemented custom command
2026-08-08 23:01:57,822 WARNING beamng_lidar_bev.worker: Actor pose enrichment unavailable
Traceback (most recent call last):
  File "C:\Users\initd\Documents\Projects\BeamNG.Tech Mods\BeamNG-LiDAR-BEV\src\beamng_lidar_bev\worker.py", line 1461, in _poll_actor_observations
    states = self._bng.vehicles.get_states(actor_ids)
             ^^^^^^^^^^^^^^^^^^^^^^^^^^^^^^^^^^^^^^^^
  File "C:\Users\initd\AppData\Local\Programs\Python\Python311\Lib\site-packages\beamngpy\api\beamng\vehicles.py", line 222, in get_states
    resp = self._send(data).recv("ScenarioUpdate")
           ^^^^^^^^^^^^^^^^^^^^^^^^^^^^^^^^^^^^^^^
  File "C:\Users\initd\AppData\Local\Programs\Python\Python311\Lib\site-packages\beamngpy\connection\connection.py", line 298, in recv
    raise message
beamngpy.logging.BNGError: The request was not handled by BeamNG.tech. This can mean:
- an incompatible version of BeamNG.tech/BeamNGpy
- an internal error in BeamNG.tech
- incorrectly implemented custom command
2026-08-09 16:44:05,312 INFO beamng_lidar_bev.main_window: Looking for a running BeamNG.tech session
2026-08-09 16:44:05,313 INFO beamng_lidar_bev.main_window: Application ready
2026-08-09 16:44:08,461 INFO beamng_lidar_bev.main_window: BeamNG.tech is not running
2026-08-09 16:47:35,097 INFO beamng_lidar_bev.main_window: Starting BeamNG.tech bridge
2026-08-09 16:47:35,602 INFO beamng_lidar_bev.worker: Launching BeamNG.tech: C:\Users\initd\Documents\BeamNG.tech.v0.38.5.0\BeamNG.tech.exe -nosteam -tcom -tport 64256 -console -tcom-listen-ip 127.0.0.1
2026-08-09 16:47:35,603 INFO beamng_lidar_bev.main_window: Starting BeamNG.tech process
2026-08-09 16:47:35,745 INFO beamng_lidar_bev.worker: BeamNG.tech process created with PID 30848
2026-08-09 16:47:35,746 INFO beamng_lidar_bev.main_window: BeamNG.tech launched; load a map and player vehicle
2026-08-09 16:47:35,746 INFO beamng_lidar_bev.main_window: BeamNG.tech process launched; waiting for its bridge
2026-08-09 16:47:49,123 INFO beamng_lidar_bev.main_window: Found a running BeamNG.tech session; ready to attach
2026-08-09 17:10:53,599 INFO beamng_lidar_bev.main_window: Looking for the current player vehicle
2026-08-09 17:10:53,603 INFO beamng_lidar_bev.main_window: Connecting to BeamNG.tech
2026-08-09 17:11:10,648 INFO beamng_lidar_bev.worker: Connected to the BeamNG.tech bridge on port 64256
2026-08-09 17:11:10,649 INFO beamng_lidar_bev.main_window: Finding the current player vehicle
2026-08-09 17:11:10,664 ERROR beamng_lidar_bev.worker: Could not attach LiDAR sensors
Traceback (most recent call last):
  File "C:\Users\initd\Documents\Projects\BeamNG.Tech Mods\BeamNG-LiDAR-BEV\src\beamng_lidar_bev\worker.py", line 296, in attach_to_player
    self.status_changed.emit("LAUNCHED", "BeamNG.tech is still starting")
    ^^^^^^^^^^^^^^^^^^^^^^^^^^^^^^^^^^^^^^^^^^^^^^^^^
RuntimeError: No player vehicle is active
2026-08-09 17:11:10,666 INFO beamng_lidar_bev.main_window: Sensor attach failed: No player vehicle is active
2026-08-09 17:11:37,543 INFO beamng_lidar_bev.main_window: Looking for a running BeamNG.tech session
2026-08-09 17:11:37,544 INFO beamng_lidar_bev.main_window: Application ready
2026-08-09 17:11:37,990 INFO beamng_lidar_bev.main_window: Found a running BeamNG.tech session; ready to attach
2026-08-09 17:11:38,993 INFO beamng_lidar_bev.main_window: Looking for the current player vehicle
2026-08-09 17:11:38,999 INFO beamng_lidar_bev.main_window: Connecting to BeamNG.tech
2026-08-09 17:11:41,788 INFO beamng_lidar_bev.worker: Connected to the BeamNG.tech bridge on port 64256
2026-08-09 17:11:41,790 INFO beamng_lidar_bev.main_window: Finding the current player vehicle
2026-08-09 17:11:41,806 ERROR beamng_lidar_bev.worker: Could not attach LiDAR sensors
Traceback (most recent call last):
  File "C:\Users\initd\Documents\Projects\BeamNG.Tech Mods\BeamNG-LiDAR-BEV\src\beamng_lidar_bev\worker.py", line 345, in attach_to_player
    raise RuntimeError("No player vehicle is active")
RuntimeError: No player vehicle is active
2026-08-09 17:11:41,807 INFO beamng_lidar_bev.main_window: Sensor attach failed: No player vehicle is active
2026-08-09 17:13:00,645 INFO beamng_lidar_bev.main_window: Looking for a running BeamNG.tech session
2026-08-09 17:13:00,646 INFO beamng_lidar_bev.main_window: Application ready
2026-08-09 17:13:01,038 INFO beamng_lidar_bev.main_window: Found a running BeamNG.tech session; ready to attach
2026-08-09 17:13:02,709 INFO beamng_lidar_bev.main_window: Looking for the current player vehicle
2026-08-09 17:13:02,714 INFO beamng_lidar_bev.main_window: Connecting to BeamNG.tech
2026-08-09 17:13:05,063 INFO beamng_lidar_bev.worker: Connected to the BeamNG.tech bridge on port 64256
2026-08-09 17:13:05,064 INFO beamng_lidar_bev.main_window: Finding the current player vehicle
2026-08-09 17:13:06,271 INFO beamng_lidar_bev.worker: Vehicle check: model 'vivace' (plant measured on 'vivace') | bbox 2.02 wide x 4.33 long x 1.46 tall | overhang front 1.84 rear 2.49 | ground plane -0.255 m from the reference node | mount z: front 0.20, left 0.20, right 0.20, rear 0.20, roof 1.58
2026-08-09 17:13:06,304 INFO beamng_lidar_bev.main_window: Attaching front LiDAR (1/5)
2026-08-09 17:13:06,346 INFO beamng_lidar_bev.worker: Mount check: front sits 0.230 m above the bbox bottom (want 0.20)
2026-08-09 17:13:06,347 INFO beamng_lidar_bev.main_window: Attaching left LiDAR (2/5)
2026-08-09 17:13:06,772 INFO beamng_lidar_bev.worker: Mount check: left sits 0.220 m above the bbox bottom (want 0.20)
2026-08-09 17:13:06,772 INFO beamng_lidar_bev.main_window: Attaching right LiDAR (3/5)
2026-08-09 17:13:06,834 INFO beamng_lidar_bev.worker: Mount check: right sits 0.221 m above the bbox bottom (want 0.20)
2026-08-09 17:13:06,836 INFO beamng_lidar_bev.main_window: Attaching rear LiDAR (4/5)
2026-08-09 17:13:06,872 INFO beamng_lidar_bev.worker: Mount check: rear sits 0.213 m above the bbox bottom (want 0.20)
2026-08-09 17:13:06,874 INFO beamng_lidar_bev.main_window: Attaching roof LiDAR (5/5)
2026-08-09 17:13:06,906 INFO beamng_lidar_bev.worker: Mount check: roof sits 1.605 m above the bbox bottom (want 1.58)
2026-08-09 17:13:06,907 INFO beamng_lidar_bev.worker: AEB check: on 'vivace', armed above 7.2 km/h, stopping 0.60 m clear of the front bumper, fires at the last point a 10.0 m/s^2 stop still works and then brakes FULL, corridor 2.02 m wide, obstacle floor 0.30 m with 4 hits over 0.12 s required, path predicted from measured yaw (brake only). Brake-now distances: 30 km/h -> 7.6 m, 50 km/h -> 15.3 m, 70 km/h -> 26.4 m, 100 km/h -> 49.5 m
2026-08-09 17:13:06,908 INFO beamng_lidar_bev.main_window: 5 LiDAR sensors active on thePlayer
2026-08-09 17:13:06,908 INFO beamng_lidar_bev.worker: REAR AEB check: on 'vivace', armed above 1.8 km/h, stopping 0.35 m clear of the rear bumper, fires at the last point a 6.8 m/s^2 stop still works and then brakes FULL, corridor 2.02 m wide, obstacle floor 0.30 m with 4 hits over 0.12 s required, path predicted from measured yaw (brake only). Brake-now distances: 10 km/h -> 3.9 m, 20 km/h -> 6.3 m, 30 km/h -> 9.8 m, 50 km/h -> 20.7 m
2026-08-09 17:13:06,909 INFO beamng_lidar_bev.main_window: 5 LiDAR sensors attached to thePlayer (front 0.20 m, left 0.20 m, right 0.20 m, rear 0.20 m, roof 1.58 m above ground)
2026-08-09 17:13:06,910 INFO beamng_lidar_bev.main_window: Emergency braking armed
2026-08-09 17:13:06,912 INFO beamng_lidar_bev.main_window: Reverse AEB armed
2026-08-09 17:13:06,965 INFO beamng_lidar_bev.worker: Sensor reach: front 57695 returns, furthest 123 m | left 10594 returns, furthest 120 m | right 15224 returns, furthest 115 m | rear 11822 returns, furthest 120 m | roof 64219 returns, furthest 99 m | AEB acts out to 150 m
2026-08-09 17:13:06,998 INFO beamng_lidar_bev.worker: AEB: STANDBY at 0.0 km/h | threat none (brake-now 2.4, standoff 2.4, horizon 8.4) | required 0.0 m/s^2 ttc inf | k +0.0000 brake 0.00 | Standing by below 7 km/h
2026-08-09 17:13:06,998 INFO beamng_lidar_bev.worker: REAR AEB: STANDBY at -0.0 km/h | threat none (brake-now 2.8, standoff 2.8, horizon 8.8) | required 0.0 m/s^2 ttc inf | k +0.0000 brake 0.00 | Standing by below 2 km/h
2026-08-09 17:13:07,100 INFO beamng_lidar_bev.main_window: 3D scene build is over budget at 43.2 ms (tick is 40 ms), so WORLD is dropping frames. Control and AEB are unaffected -- they run on the BeamNG thread.
2026-08-09 17:13:10,762 INFO beamng_lidar_bev.worker: AEB: ARMED at 7.4 km/h | threat none (brake-now 3.0, standoff 2.4, horizon 8.4) | required 0.0 m/s^2 ttc inf | k +0.0003 brake 0.00 | Clear to 8 m
2026-08-09 17:13:14,453 INFO beamng_lidar_bev.worker: AEB: BRAKING at 28.2 km/h | threat 6.9 m (brake-now 7.1, standoff 2.4, horizon 11.8) | required 6.8 m/s^2 ttc 0.57s | k +0.0001 brake 1.00 | Impact in 0.6 s; full brake
2026-08-09 17:13:14,461 INFO beamng_lidar_bev.worker: AEB evidence: AEB at 6.9 m | 8502 returns spanning 1.70 m of height over 1.99 m of range (min 0.04, median 0.60, max 1.74 above the ego plane, floor 0.30) | measured ground rise 0.09 m, clamped to 0.00 | corridor 1.16 m half-width
2026-08-09 17:13:17,531 ERROR beamng_lidar_bev.worker: Emergency braking failed
Traceback (most recent call last):
  File "C:\Users\initd\Documents\Projects\BeamNG.Tech Mods\BeamNG-LiDAR-BEV\src\beamng_lidar_bev\worker.py", line 981, in _poll_once
    aeb = self._compute_aeb(
          ^^^^^^^^^^^^^^^^^^
  File "C:\Users\initd\Documents\Projects\BeamNG.Tech Mods\BeamNG-LiDAR-BEV\src\beamng_lidar_bev\worker.py", line 1234, in _compute_aeb
    self._watch_aeb_braking(system, state, forward_speed, dt)
  File "C:\Users\initd\Documents\Projects\BeamNG.Tech Mods\BeamNG-LiDAR-BEV\src\beamng_lidar_bev\worker.py", line 1268, in _watch_aeb_braking
    self._log_brake_measurement(event.finish())
  File "C:\Users\initd\Documents\Projects\BeamNG.Tech Mods\BeamNG-LiDAR-BEV\src\beamng_lidar_bev\worker.py", line 1341, in _log_brake_measurement
    measurement.cause,
    ^^^^^
NameError: name 'label' is not defined
2026-08-09 17:13:17,532 INFO beamng_lidar_bev.worker: AEB disabled: Emergency braking stopped: name 'label' is not defined
2026-08-09 17:13:17,534 INFO beamng_lidar_bev.main_window: Emergency braking stopped: name 'label' is not defined
2026-08-09 17:13:17,766 INFO beamng_lidar_bev.worker: REAR AEB: ARMED at 2.1 km/h | threat none (brake-now 3.0, standoff 2.8, horizon 8.8) | required 0.0 m/s^2 ttc inf | k +0.0891 brake 0.00 | Clear to 9 m
2026-08-09 17:13:19,266 INFO beamng_lidar_bev.worker: REAR AEB: STANDBY at 1.8 km/h | threat none (brake-now 2.9, standoff 2.8, horizon 8.8) | required 0.0 m/s^2 ttc inf | k +0.0000 brake 0.00 | Standing by below 2 km/h
2026-08-09 17:13:22,137 INFO beamng_lidar_bev.main_window: 3D scene build is over budget at 156.8 ms (tick is 40 ms), so WORLD is dropping frames. Control and AEB are unaffected -- they run on the BeamNG thread.
2026-08-09 17:13:31,512 WARNING beamng_lidar_bev.worker: LiDAR polling failed (1 attempts over 0.0s): name 'label' is not defined
2026-08-09 17:13:37,261 INFO beamng_lidar_bev.main_window: 3D scene build is over budget at 155.3 ms (tick is 40 ms), so WORLD is dropping frames. Control and AEB are unaffected -- they run on the BeamNG thread.
2026-08-09 17:13:37,618 WARNING beamng_lidar_bev.worker: LiDAR polling failed (1 attempts over 0.0s): name 'label' is not defined
2026-08-09 17:13:49,289 WARNING beamng_lidar_bev.worker: LiDAR polling failed (1 attempts over 0.0s): name 'label' is not defined
2026-08-09 17:13:52,317 INFO beamng_lidar_bev.main_window: 3D scene build is over budget at 132.7 ms (tick is 40 ms), so WORLD is dropping frames. Control and AEB are unaffected -- they run on the BeamNG thread.
2026-08-09 17:13:57,741 INFO beamng_lidar_bev.worker: REAR AEB: ARMED at 2.0 km/h | threat none (brake-now 3.0, standoff 2.8, horizon 8.8) | required 0.0 m/s^2 ttc inf | k -0.0011 brake 0.00 | Clear to 9 m
2026-08-09 17:13:59,973 INFO beamng_lidar_bev.worker: REAR AEB: STANDBY at 1.2 km/h | threat none (brake-now 2.9, standoff 2.8, horizon 8.8) | required 0.0 m/s^2 ttc inf | k +0.0000 brake 0.00 | Standing by below 2 km/h
2026-08-09 17:14:04,470 WARNING beamng_lidar_bev.worker: LiDAR polling failed (1 attempts over 0.0s): name 'label' is not defined
2026-08-09 17:14:07,401 INFO beamng_lidar_bev.main_window: 3D scene build is over budget at 170.3 ms (tick is 40 ms), so WORLD is dropping frames. Control and AEB are unaffected -- they run on the BeamNG thread.
2026-08-09 17:14:22,508 INFO beamng_lidar_bev.main_window: 3D scene build is over budget at 145.5 ms (tick is 40 ms), so WORLD is dropping frames. Control and AEB are unaffected -- they run on the BeamNG thread.
2026-08-09 17:14:37,565 INFO beamng_lidar_bev.main_window: 3D scene build is over budget at 123.8 ms (tick is 40 ms), so WORLD is dropping frames. Control and AEB are unaffected -- they run on the BeamNG thread.
2026-08-09 17:14:38,685 INFO beamng_lidar_bev.worker: AEB check: on 'vivace', armed above 7.2 km/h, stopping 0.60 m clear of the front bumper, fires at the last point a 10.0 m/s^2 stop still works and then brakes FULL, corridor 2.02 m wide, obstacle floor 0.30 m with 4 hits over 0.12 s required, path predicted from measured yaw (brake only). Brake-now distances: 30 km/h -> 7.6 m, 50 km/h -> 15.3 m, 70 km/h -> 26.4 m, 100 km/h -> 49.5 m
2026-08-09 17:14:38,687 INFO beamng_lidar_bev.main_window: Emergency braking armed
2026-08-09 17:14:38,719 INFO beamng_lidar_bev.worker: AEB: ARMED at 11.0 km/h | threat none (brake-now 3.5, standoff 2.4, horizon 8.4) | required 0.0 m/s^2 ttc inf | k +0.0000 brake 0.00 | Clear to 8 m
2026-08-09 17:14:38,989 INFO beamng_lidar_bev.worker: AEB: STANDBY at 6.3 km/h | threat none (brake-now 2.9, standoff 2.4, horizon 8.4) | required 0.0 m/s^2 ttc inf | k +0.0000 brake 0.00 | Standing by below 7 km/h
2026-08-09 17:14:39,366 WARNING beamng_lidar_bev.worker: LiDAR polling failed (1 attempts over 0.0s): name 'label' is not defined
2026-08-09 17:14:40,869 INFO beamng_lidar_bev.worker: AEB: ARMED at 7.3 km/h | threat none (brake-now 3.0, standoff 2.4, horizon 8.4) | required 0.0 m/s^2 ttc inf | k -0.0576 brake 0.00 | Clear to 8 m
2026-08-09 17:14:43,490 INFO beamng_lidar_bev.worker: AEB: BRAKING at 19.4 km/h | threat 4.9 m (brake-now 4.9, standoff 2.4, horizon 8.4) | required 5.9 m/s^2 ttc 0.45s | k +0.0003 brake 1.00 | Impact in 0.5 s; full brake
2026-08-09 17:14:43,495 INFO beamng_lidar_bev.worker: AEB evidence: AEB at 4.9 m | 35049 returns spanning 1.50 m of height over 1.25 m of range (min 0.04, median 0.60, max 1.53 above the ego plane, floor 0.30) | measured ground rise 0.14 m, clamped to 0.00 | corridor 1.16 m half-width
2026-08-09 17:14:46,305 ERROR beamng_lidar_bev.worker: Emergency braking failed
Traceback (most recent call last):
  File "C:\Users\initd\Documents\Projects\BeamNG.Tech Mods\BeamNG-LiDAR-BEV\src\beamng_lidar_bev\worker.py", line 981, in _poll_once
    aeb = self._compute_aeb(
          ^^^^^^^^^^^^^^^^^^
  File "C:\Users\initd\Documents\Projects\BeamNG.Tech Mods\BeamNG-LiDAR-BEV\src\beamng_lidar_bev\worker.py", line 1234, in _compute_aeb
    self._watch_aeb_braking(system, state, forward_speed, dt)
  File "C:\Users\initd\Documents\Projects\BeamNG.Tech Mods\BeamNG-LiDAR-BEV\src\beamng_lidar_bev\worker.py", line 1268, in _watch_aeb_braking
    self._log_brake_measurement(event.finish())
  File "C:\Users\initd\Documents\Projects\BeamNG.Tech Mods\BeamNG-LiDAR-BEV\src\beamng_lidar_bev\worker.py", line 1341, in _log_brake_measurement
    measurement.cause,
    ^^^^^
NameError: name 'label' is not defined
2026-08-09 17:14:46,305 INFO beamng_lidar_bev.worker: AEB disabled: Emergency braking stopped: name 'label' is not defined
2026-08-09 17:14:46,307 INFO beamng_lidar_bev.main_window: Emergency braking stopped: name 'label' is not defined
2026-08-09 17:14:46,947 INFO beamng_lidar_bev.worker: REAR AEB: ARMED at 3.1 km/h | threat none (brake-now 3.0, standoff 2.8, horizon 8.8) | required 0.0 m/s^2 ttc inf | k +0.0251 brake 0.00 | Clear to 9 m
2026-08-09 17:14:52,302 INFO beamng_lidar_bev.worker: REAR AEB: BRAKING at 14.7 km/h | threat 4.8 m (brake-now 4.9, standoff 2.8, horizon 8.8) | required 4.2 m/s^2 ttc 0.49s | k +0.0191 brake 1.00 | Impact in 0.5 s; full brake
2026-08-09 17:14:52,309 INFO beamng_lidar_bev.worker: AEB evidence: REAR AEB at 4.8 m | 4457 returns spanning 1.11 m of height over 1.21 m of range (min 0.03, median 0.33, max 1.15 above the ego plane, floor 0.30) | measured ground rise 0.04 m, clamped to 0.00 | corridor 1.16 m half-width
2026-08-09 17:14:52,590 INFO beamng_lidar_bev.main_window: 3D scene build is over budget at 111.6 ms (tick is 40 ms), so WORLD is dropping frames. Control and AEB are unaffected -- they run on the BeamNG thread.
2026-08-09 17:14:59,003 ERROR beamng_lidar_bev.worker: Reverse emergency braking failed
Traceback (most recent call last):
  File "C:\Users\initd\Documents\Projects\BeamNG.Tech Mods\BeamNG-LiDAR-BEV\src\beamng_lidar_bev\worker.py", line 1002, in _poll_once
    rear_aeb = self._compute_aeb(
               ^^^^^^^^^^^^^^^^^^
  File "C:\Users\initd\Documents\Projects\BeamNG.Tech Mods\BeamNG-LiDAR-BEV\src\beamng_lidar_bev\worker.py", line 1234, in _compute_aeb
    self._watch_aeb_braking(system, state, forward_speed, dt)
  File "C:\Users\initd\Documents\Projects\BeamNG.Tech Mods\BeamNG-LiDAR-BEV\src\beamng_lidar_bev\worker.py", line 1268, in _watch_aeb_braking
    self._log_brake_measurement(event.finish())
  File "C:\Users\initd\Documents\Projects\BeamNG.Tech Mods\BeamNG-LiDAR-BEV\src\beamng_lidar_bev\worker.py", line 1341, in _log_brake_measurement
    measurement.cause,
    ^^^^^
NameError: name 'label' is not defined
2026-08-09 17:14:59,004 INFO beamng_lidar_bev.worker: REAR AEB disabled: Reverse AEB stopped: name 'label' is not defined
2026-08-09 17:14:59,005 INFO beamng_lidar_bev.main_window: Reverse AEB stopped: name 'label' is not defined
2026-08-09 17:15:03,418 INFO beamng_lidar_bev.worker: REAR AEB check: on 'vivace', armed above 1.8 km/h, stopping 0.35 m clear of the rear bumper, fires at the last point a 6.8 m/s^2 stop still works and then brakes FULL, corridor 2.02 m wide, obstacle floor 0.30 m with 4 hits over 0.12 s required, path predicted from measured yaw (brake only). Brake-now distances: 10 km/h -> 3.9 m, 20 km/h -> 6.3 m, 30 km/h -> 9.8 m, 50 km/h -> 20.7 m
2026-08-09 17:15:03,426 INFO beamng_lidar_bev.main_window: Reverse AEB armed
2026-08-09 17:15:03,464 INFO beamng_lidar_bev.worker: REAR AEB: STANDBY at 0.0 km/h | threat none (brake-now 2.8, standoff 2.8, horizon 8.8) | required 0.0 m/s^2 ttc inf | k +0.0000 brake 0.00 | Standing by below 2 km/h
2026-08-09 17:15:03,702 INFO beamng_lidar_bev.worker: AEB check: on 'vivace', armed above 7.2 km/h, stopping 0.60 m clear of the front bumper, fires at the last point a 10.0 m/s^2 stop still works and then brakes FULL, corridor 2.02 m wide, obstacle floor 0.30 m with 4 hits over 0.12 s required, path predicted from measured yaw (brake only). Brake-now distances: 30 km/h -> 7.6 m, 50 km/h -> 15.3 m, 70 km/h -> 26.4 m, 100 km/h -> 49.5 m
2026-08-09 17:15:03,704 INFO beamng_lidar_bev.main_window: Emergency braking armed
2026-08-09 17:15:03,760 INFO beamng_lidar_bev.worker: AEB: STANDBY at -0.0 km/h | threat none (brake-now 2.4, standoff 2.4, horizon 8.4) | required 0.0 m/s^2 ttc inf | k +0.0000 brake 0.00 | Standing by below 7 km/h
2026-08-09 17:15:05,224 INFO beamng_lidar_bev.worker: AEB: ARMED at 7.6 km/h | threat none (brake-now 3.0, standoff 2.4, horizon 8.4) | required 0.0 m/s^2 ttc inf | k -0.0021 brake 0.00 | Clear to 8 m
2026-08-09 17:15:07,647 INFO beamng_lidar_bev.main_window: 3D scene build is over budget at 126.7 ms (tick is 40 ms), so WORLD is dropping frames. Control and AEB are unaffected -- they run on the BeamNG thread.
2026-08-09 17:15:09,200 INFO beamng_lidar_bev.worker: AEB: BRAKING at 43.1 km/h | threat 10.9 m (brake-now 12.3, standoff 2.4, horizon 22.1) | required 8.5 m/s^2 ttc 0.71s | k +0.0003 brake 1.00 | Impact in 0.7 s; full brake
2026-08-09 17:15:09,206 INFO beamng_lidar_bev.worker: AEB evidence: AEB at 10.9 m | 8751 returns spanning 2.73 m of height over 1.98 m of range (min 0.04, median 1.14, max 2.76 above the ego plane, floor 0.30) | measured ground rise 0.06 m, clamped to 0.01 | corridor 1.16 m half-width
2026-08-09 17:15:12,694 ERROR beamng_lidar_bev.worker: Emergency braking failed
Traceback (most recent call last):
  File "C:\Users\initd\Documents\Projects\BeamNG.Tech Mods\BeamNG-LiDAR-BEV\src\beamng_lidar_bev\worker.py", line 981, in _poll_once
    aeb = self._compute_aeb(
          ^^^^^^^^^^^^^^^^^^
  File "C:\Users\initd\Documents\Projects\BeamNG.Tech Mods\BeamNG-LiDAR-BEV\src\beamng_lidar_bev\worker.py", line 1234, in _compute_aeb
    self._watch_aeb_braking(system, state, forward_speed, dt)
  File "C:\Users\initd\Documents\Projects\BeamNG.Tech Mods\BeamNG-LiDAR-BEV\src\beamng_lidar_bev\worker.py", line 1268, in _watch_aeb_braking
    self._log_brake_measurement(event.finish())
  File "C:\Users\initd\Documents\Projects\BeamNG.Tech Mods\BeamNG-LiDAR-BEV\src\beamng_lidar_bev\worker.py", line 1341, in _log_brake_measurement
    measurement.cause,
    ^^^^^
NameError: name 'label' is not defined
2026-08-09 17:15:12,695 INFO beamng_lidar_bev.worker: AEB disabled: Emergency braking stopped: name 'label' is not defined
2026-08-09 17:15:12,696 INFO beamng_lidar_bev.main_window: Emergency braking stopped: name 'label' is not defined
2026-08-09 17:15:13,048 INFO beamng_lidar_bev.worker: REAR AEB: ARMED at 1.9 km/h | threat none (brake-now 2.9, standoff 2.8, horizon 8.8) | required 0.0 m/s^2 ttc inf | k +0.0693 brake 0.00 | Clear to 9 m
2026-08-09 17:15:14,975 INFO beamng_lidar_bev.worker: REAR AEB: STANDBY at 1.4 km/h | threat none (brake-now 2.9, standoff 2.8, horizon 8.8) | required 0.0 m/s^2 ttc inf | k +0.0000 brake 0.00 | Standing by below 2 km/h
2026-08-09 17:15:22,646 INFO beamng_lidar_bev.main_window: 3D scene build is over budget at 135.1 ms (tick is 40 ms), so WORLD is dropping frames. Control and AEB are unaffected -- they run on the BeamNG thread.
2026-08-09 17:15:28,770 WARNING beamng_lidar_bev.worker: LiDAR polling failed (1 attempts over 0.0s): name 'label' is not defined
2026-08-09 17:15:37,711 INFO beamng_lidar_bev.main_window: 3D scene build is over budget at 140.2 ms (tick is 40 ms), so WORLD is dropping frames. Control and AEB are unaffected -- they run on the BeamNG thread.
2026-08-09 17:15:42,332 INFO beamng_lidar_bev.worker: REAR AEB: ARMED at 2.3 km/h | threat none (brake-now 3.0, standoff 2.8, horizon 8.8) | required 0.0 m/s^2 ttc inf | k -0.0015 brake 0.00 | Clear to 9 m
2026-08-09 17:15:45,043 INFO beamng_lidar_bev.worker: REAR AEB: STANDBY at 1.5 km/h | threat none (brake-now 2.9, standoff 2.8, horizon 8.8) | required 0.0 m/s^2 ttc inf | k +0.0000 brake 0.00 | Standing by below 2 km/h
2026-08-09 17:15:52,728 INFO beamng_lidar_bev.main_window: 3D scene build is over budget at 144.8 ms (tick is 40 ms), so WORLD is dropping frames. Control and AEB are unaffected -- they run on the BeamNG thread.
2026-08-09 17:16:07,797 INFO beamng_lidar_bev.main_window: 3D scene build is over budget at 122.5 ms (tick is 40 ms), so WORLD is dropping frames. Control and AEB are unaffected -- they run on the BeamNG thread.
2026-08-09 17:16:22,873 INFO beamng_lidar_bev.main_window: 3D scene build is over budget at 144.5 ms (tick is 40 ms), so WORLD is dropping frames. Control and AEB are unaffected -- they run on the BeamNG thread.
2026-08-09 17:16:29,530 WARNING beamng_lidar_bev.worker: LiDAR polling failed (1 attempts over 0.0s): name 'label' is not defined
2026-08-09 17:16:34,670 WARNING beamng_lidar_bev.worker: LiDAR polling failed (1 attempts over 0.0s): name 'label' is not defined
2026-08-09 17:16:34,859 INFO beamng_lidar_bev.worker: REAR AEB: ARMED at 2.1 km/h | threat none (brake-now 3.0, standoff 2.8, horizon 8.8) | required 0.0 m/s^2 ttc inf | k +0.0074 brake 0.00 | Clear to 9 m
2026-08-09 17:16:37,991 INFO beamng_lidar_bev.main_window: 3D scene build is over budget at 132.2 ms (tick is 40 ms), so WORLD is dropping frames. Control and AEB are unaffected -- they run on the BeamNG thread.
2026-08-09 17:16:38,710 INFO beamng_lidar_bev.worker: REAR AEB: BRAKING at 54.0 km/h | threat 22.8 m (brake-now 23.5, standoff 2.8, horizon 44.1) | required 5.6 m/s^2 ttc 1.33s | k -0.0000 brake 1.00 | Impact in 1.3 s; full brake
2026-08-09 17:16:38,715 INFO beamng_lidar_bev.worker: AEB evidence: REAR AEB at 22.8 m | 87 returns spanning 1.19 m of height over 0.03 m of range (min 0.05, median 0.63, max 1.24 above the ego plane, floor 0.30) | measured ground rise 0.04 m, clamped to 0.04 | corridor 1.16 m half-width
2026-08-09 17:16:42,881 ERROR beamng_lidar_bev.worker: Reverse emergency braking failed
Traceback (most recent call last):
  File "C:\Users\initd\Documents\Projects\BeamNG.Tech Mods\BeamNG-LiDAR-BEV\src\beamng_lidar_bev\worker.py", line 1002, in _poll_once
    # aeb.mirrored.
               ^^^^
  File "C:\Users\initd\Documents\Projects\BeamNG.Tech Mods\BeamNG-LiDAR-BEV\src\beamng_lidar_bev\worker.py", line 1234, in _compute_aeb
    self._pending_evidence.append(state)
  File "C:\Users\initd\Documents\Projects\BeamNG.Tech Mods\BeamNG-LiDAR-BEV\src\beamng_lidar_bev\worker.py", line 1268, in _watch_aeb_braking
    event.sample(forward_speed, dt)
  File "C:\Users\initd\Documents\Projects\BeamNG.Tech Mods\BeamNG-LiDAR-BEV\src\beamng_lidar_bev\worker.py", line 1341, in _log_brake_measurement
    "at %.1f m/s^2 (%.2fx) | pitch %+.1f deg",
    ^^^^^
NameError: name 'label' is not defined
2026-08-09 17:16:42,884 INFO beamng_lidar_bev.worker: REAR AEB disabled: Reverse AEB stopped: name 'label' is not defined
2026-08-09 17:16:42,885 INFO beamng_lidar_bev.main_window: Reverse AEB stopped: name 'label' is not defined
2026-08-09 17:16:53,078 INFO beamng_lidar_bev.main_window: 3D scene build is over budget at 137.4 ms (tick is 40 ms), so WORLD is dropping frames. Control and AEB are unaffected -- they run on the BeamNG thread.
2026-08-09 17:17:08,214 INFO beamng_lidar_bev.main_window: 3D scene build is over budget at 137.6 ms (tick is 40 ms), so WORLD is dropping frames. Control and AEB are unaffected -- they run on the BeamNG thread.
2026-08-09 17:17:22,022 WARNING beamng_lidar_bev.worker: LiDAR polling failed (1 attempts over 0.0s): name 'label' is not defined
2026-08-09 17:17:22,620 INFO beamng_lidar_bev.worker: AEB check: on 'vivace', armed above 7.2 km/h, stopping 0.60 m clear of the front bumper, fires at the last point a 10.0 m/s^2 stop still works and then brakes FULL, corridor 2.02 m wide, obstacle floor 0.30 m with 4 hits over 0.12 s required, path predicted from measured yaw (brake only). Brake-now distances: 30 km/h -> 7.6 m, 50 km/h -> 15.3 m, 70 km/h -> 26.4 m, 100 km/h -> 49.5 m
2026-08-09 17:17:22,621 INFO beamng_lidar_bev.main_window: Emergency braking armed
2026-08-09 17:17:22,661 INFO beamng_lidar_bev.worker: AEB: STANDBY at 0.1 km/h | threat none (brake-now 2.4, standoff 2.4, horizon 8.4) | required 0.0 m/s^2 ttc inf | k +0.0000 brake 0.00 | Standing by below 7 km/h
2026-08-09 17:17:22,921 INFO beamng_lidar_bev.worker: REAR AEB check: on 'vivace', armed above 1.8 km/h, stopping 0.35 m clear of the rear bumper, fires at the last point a 6.8 m/s^2 stop still works and then brakes FULL, corridor 2.02 m wide, obstacle floor 0.30 m with 4 hits over 0.12 s required, path predicted from measured yaw (brake only). Brake-now distances: 10 km/h -> 3.9 m, 20 km/h -> 6.3 m, 30 km/h -> 9.8 m, 50 km/h -> 20.7 m
2026-08-09 17:17:22,922 INFO beamng_lidar_bev.main_window: Reverse AEB armed
2026-08-09 17:17:22,991 INFO beamng_lidar_bev.worker: REAR AEB: STANDBY at -0.2 km/h | threat none (brake-now 2.8, standoff 2.8, horizon 8.8) | required 0.0 m/s^2 ttc inf | k +0.0000 brake 0.00 | Standing by below 2 km/h
2026-08-09 17:17:23,244 INFO beamng_lidar_bev.main_window: 3D scene build is over budget at 117.1 ms (tick is 40 ms), so WORLD is dropping frames. Control and AEB are unaffected -- they run on the BeamNG thread.
2026-08-09 17:17:25,197 INFO beamng_lidar_bev.worker: AEB: ARMED at 7.5 km/h | threat 7.2 m (brake-now 3.0, standoff 2.4, horizon 8.4) | required 0.5 m/s^2 ttc 2.29s | k -0.0311 brake 0.00 | Watching an obstacle at 7.2 m (4 m before it acts)
2026-08-09 17:17:32,857 INFO beamng_lidar_bev.worker: AEB: BRAKING at 19.4 km/h | threat 4.8 m (brake-now 4.9, standoff 2.4, horizon 8.4) | required 6.1 m/s^2 ttc 0.44s | k -0.0522 brake 1.00 | Impact in 0.4 s; full brake
2026-08-09 17:17:32,865 INFO beamng_lidar_bev.worker: AEB evidence: AEB at 4.8 m | 3525 returns spanning 0.58 m of height over 2.00 m of range (min 0.03, median 0.04, max 0.61 above the ego plane, floor 0.30) | measured ground rise 0.04 m, clamped to 0.00 | corridor 1.16 m half-width
2026-08-09 17:17:33,264 INFO beamng_lidar_bev.worker: AEB: ARMED at 12.2 km/h | threat 4.9 m (brake-now 3.6, standoff 2.4, horizon 8.4) | required 2.3 m/s^2 ttc 0.72s | k -0.0213 brake 0.00 | Watching an obstacle at 4.9 m (1 m before it acts)
2026-08-09 17:17:33,817 INFO beamng_lidar_bev.worker: AEB: BRAKING at 10.2 km/h | threat 3.3 m (brake-now 3.4, standoff 2.4, horizon 8.4) | required 4.7 m/s^2 ttc 0.30s | k -0.0022 brake 1.00 | Impact in 0.3 s; full brake
2026-08-09 17:17:33,825 INFO beamng_lidar_bev.worker: AEB evidence: AEB at 3.3 m | 23943 returns spanning 0.59 m of height over 2.00 m of range (min 0.02, median 0.02, max 0.62 above the ego plane, floor 0.30) | measured ground rise 0.02 m, clamped to 0.00 | corridor 1.16 m half-width
2026-08-09 17:17:36,395 INFO beamng_lidar_bev.worker: AEB: ARMED at -0.1 km/h | threat 2.8 m (brake-now 2.4, standoff 2.4, horizon 8.4) | required 0.0 m/s^2 ttc inf | k +0.0001 brake 0.00 | Watching an obstacle at 2.8 m (0 m before it acts)
2026-08-09 17:17:36,469 INFO beamng_lidar_bev.worker: AEB: STANDBY at 0.1 km/h | threat none (brake-now 2.4, standoff 2.4, horizon 8.4) | required 0.0 m/s^2 ttc inf | k +0.0000 brake 0.00 | Standing by below 7 km/h
2026-08-09 17:17:37,369 INFO beamng_lidar_bev.worker: REAR AEB: ARMED at 2.2 km/h | threat none (brake-now 3.0, standoff 2.8, horizon 8.8) | required 0.0 m/s^2 ttc inf | k -0.0056 brake 0.00 | Clear to 9 m
2026-08-09 17:17:38,313 INFO beamng_lidar_bev.main_window: 3D scene build is over budget at 129.0 ms (tick is 40 ms), so WORLD is dropping frames. Control and AEB are unaffected -- they run on the BeamNG thread.
2026-08-09 17:17:40,206 INFO beamng_lidar_bev.worker: REAR AEB: STANDBY at 0.9 km/h | threat none (brake-now 2.9, standoff 2.8, horizon 8.8) | required 0.0 m/s^2 ttc inf | k +0.0000 brake 0.00 | Standing by below 2 km/h
2026-08-09 17:17:40,674 INFO beamng_lidar_bev.worker: AEB: ARMED at 8.1 km/h | threat none (brake-now 3.1, standoff 2.4, horizon 8.4) | required 0.0 m/s^2 ttc inf | k +0.1000 brake 0.00 | Clear to 8 m
2026-08-09 17:17:42,967 INFO beamng_lidar_bev.worker: AEB: STANDBY at 7.0 km/h | threat none (brake-now 3.0, standoff 2.4, horizon 8.4) | required 0.0 m/s^2 ttc inf | k +0.0000 brake 0.00 | Standing by below 7 km/h
2026-08-09 17:17:43,488 INFO beamng_lidar_bev.worker: AEB: ARMED at 8.0 km/h | threat 4.9 m (brake-now 3.1, standoff 2.4, horizon 8.4) | required 1.0 m/s^2 ttc 1.11s | k -0.1667 brake 0.00 | Watching an obstacle at 4.9 m (2 m before it acts)
2026-08-09 17:17:46,063 INFO beamng_lidar_bev.worker: AEB: STANDBY at 7.2 km/h | threat none (brake-now 3.0, standoff 2.4, horizon 8.4) | required 0.0 m/s^2 ttc inf | k +0.0000 brake 0.00 | Standing by below 7 km/h
2026-08-09 17:17:46,104 INFO beamng_lidar_bev.worker: AEB: ARMED at 7.7 km/h | threat 6.5 m (brake-now 3.0, standoff 2.4, horizon 8.4) | required 0.6 m/s^2 ttc 1.89s | k -0.0068 brake 0.00 | Watching an obstacle at 6.5 m (3 m before it acts)
2026-08-09 17:17:47,656 INFO beamng_lidar_bev.worker: AEB: STANDBY at 6.8 km/h | threat none (brake-now 2.9, standoff 2.4, horizon 8.4) | required 0.0 m/s^2 ttc inf | k +0.0000 brake 0.00 | Standing by below 7 km/h
2026-08-09 17:17:48,190 WARNING beamng_lidar_bev.worker: LiDAR polling failed (1 attempts over 0.0s): name 'label' is not defined
2026-08-09 17:17:48,690 INFO beamng_lidar_bev.worker: AEB: ARMED at 7.4 km/h | threat none (brake-now 3.0, standoff 2.4, horizon 8.4) | required 0.0 m/s^2 ttc inf | k +0.0590 brake 0.00 | Clear to 8 m
2026-08-09 17:17:50,189 INFO beamng_lidar_bev.worker: AEB: STANDBY at 5.7 km/h | threat none (brake-now 2.8, standoff 2.4, horizon 8.4) | required 0.0 m/s^2 ttc inf | k +0.0000 brake 0.00 | Standing by below 7 km/h
2026-08-09 17:17:51,243 INFO beamng_lidar_bev.worker: AEB: ARMED at 7.5 km/h | threat none (brake-now 3.0, standoff 2.4, horizon 8.4) | required 0.0 m/s^2 ttc inf | k +0.0665 brake 0.00 | Clear to 8 m
2026-08-09 17:17:53,321 INFO beamng_lidar_bev.main_window: 3D scene build is over budget at 100.1 ms (tick is 40 ms), so WORLD is dropping frames. Control and AEB are unaffected -- they run on the BeamNG thread.
2026-08-09 17:17:53,336 INFO beamng_lidar_bev.worker: AEB: BRAKING at 25.5 km/h | threat 6.1 m (brake-now 6.4, standoff 2.4, horizon 10.3) | required 6.9 m/s^2 ttc 0.52s | k +0.0263 brake 1.00 | Impact in 0.5 s; full brake
2026-08-09 17:17:53,343 INFO beamng_lidar_bev.worker: AEB evidence: AEB at 6.1 m | 6003 returns spanning 0.30 m of height over 2.00 m of range (min 0.16, median 0.27, max 0.45 above the ego plane, floor 0.30) | measured ground rise 0.15 m, clamped to 0.00 | corridor 1.16 m half-width
2026-08-09 17:17:56,547 ERROR beamng_lidar_bev.worker: Emergency braking failed
Traceback (most recent call last):
  File "C:\Users\initd\Documents\Projects\BeamNG.Tech Mods\BeamNG-LiDAR-BEV\src\beamng_lidar_bev\worker.py", line 981, in _poll_once
    try:
        
  File "C:\Users\initd\Documents\Projects\BeamNG.Tech Mods\BeamNG-LiDAR-BEV\src\beamng_lidar_bev\worker.py", line 1234, in _compute_aeb
    self._pending_evidence.append(state)
  File "C:\Users\initd\Documents\Projects\BeamNG.Tech Mods\BeamNG-LiDAR-BEV\src\beamng_lidar_bev\worker.py", line 1268, in _watch_aeb_braking
    event.sample(forward_speed, dt)
  File "C:\Users\initd\Documents\Projects\BeamNG.Tech Mods\BeamNG-LiDAR-BEV\src\beamng_lidar_bev\worker.py", line 1341, in _log_brake_measurement
    "at %.1f m/s^2 (%.2fx) | pitch %+.1f deg",
    ^^^^^
NameError: name 'label' is not defined
2026-08-09 17:17:56,548 INFO beamng_lidar_bev.worker: AEB disabled: Emergency braking stopped: name 'label' is not defined
2026-08-09 17:17:56,564 INFO beamng_lidar_bev.main_window: Emergency braking stopped: name 'label' is not defined
2026-08-09 17:18:02,311 INFO beamng_lidar_bev.worker: REAR AEB: ARMED at 1.9 km/h | threat none (brake-now 2.9, standoff 2.8, horizon 8.8) | required 0.0 m/s^2 ttc inf | k +0.0022 brake 0.00 | Clear to 9 m
2026-08-09 17:18:08,388 INFO beamng_lidar_bev.main_window: 3D scene build is over budget at 107.5 ms (tick is 40 ms), so WORLD is dropping frames. Control and AEB are unaffected -- they run on the BeamNG thread.
2026-08-09 17:18:09,455 INFO beamng_lidar_bev.worker: REAR AEB: BRAKING at 7.7 km/h | threat 3.5 m (brake-now 3.6, standoff 2.8, horizon 8.8) | required 3.5 m/s^2 ttc 0.30s | k +0.0007 brake 1.00 | Impact in 0.3 s; full brake
2026-08-09 17:18:09,462 INFO beamng_lidar_bev.worker: AEB evidence: REAR AEB at 3.5 m | 5440 returns spanning 0.53 m of height over 1.97 m of range (min 0.04, median 0.04, max 0.57 above the ego plane, floor 0.30) | measured ground rise 0.04 m, clamped to 0.00 | corridor 1.16 m half-width
2026-08-09 17:18:11,779 INFO beamng_lidar_bev.worker: REAR AEB: ARMED at 0.1 km/h | threat 3.7 m (brake-now 2.8, standoff 2.8, horizon 8.8) | required 0.0 m/s^2 ttc 51.74s | k +0.0003 brake 0.00 | Watching an obstacle at 3.7 m (1 m before it acts)
2026-08-09 17:18:11,862 INFO beamng_lidar_bev.worker: REAR AEB: STANDBY at 0.0 km/h | threat none (brake-now 2.8, standoff 2.8, horizon 8.8) | required 0.0 m/s^2 ttc inf | k +0.0000 brake 0.00 | Standing by below 2 km/h
2026-08-09 17:18:17,700 INFO beamng_lidar_bev.worker: AEB check: on 'vivace', armed above 7.2 km/h, stopping 0.60 m clear of the front bumper, fires at the last point a 10.0 m/s^2 stop still works and then brakes FULL, corridor 2.02 m wide, obstacle floor 0.30 m with 4 hits over 0.12 s required, path predicted from measured yaw (brake only). Brake-now distances: 30 km/h -> 7.6 m, 50 km/h -> 15.3 m, 70 km/h -> 26.4 m, 100 km/h -> 49.5 m
2026-08-09 17:18:17,702 INFO beamng_lidar_bev.main_window: Emergency braking armed
2026-08-09 17:18:17,745 INFO beamng_lidar_bev.worker: AEB: STANDBY at -0.1 km/h | threat none (brake-now 2.4, standoff 2.4, horizon 8.4) | required 0.0 m/s^2 ttc inf | k +0.0000 brake 0.00 | Standing by below 7 km/h
2026-08-09 17:18:20,120 INFO beamng_lidar_bev.worker: AEB: ARMED at 7.5 km/h | threat 8.0 m (brake-now 3.0, standoff 2.4, horizon 8.4) | required 0.4 m/s^2 ttc 2.67s | k -0.0043 brake 0.00 | Watching an obstacle at 8.0 m (5 m before it acts)
2026-08-09 17:18:22,500 INFO beamng_lidar_bev.worker: AEB: STANDBY at 6.3 km/h | threat none (brake-now 2.9, standoff 2.4, horizon 8.4) | required 0.0 m/s^2 ttc inf | k +0.0000 brake 0.00 | Standing by below 7 km/h
2026-08-09 17:18:23,474 INFO beamng_lidar_bev.main_window: 3D scene build is over budget at 105.9 ms (tick is 40 ms), so WORLD is dropping frames. Control and AEB are unaffected -- they run on the BeamNG thread.
2026-08-09 17:18:23,535 INFO beamng_lidar_bev.worker: AEB: ARMED at 7.3 km/h | threat none (brake-now 3.0, standoff 2.4, horizon 8.4) | required 0.0 m/s^2 ttc inf | k -0.0359 brake 0.00 | Clear to 8 m
2026-08-09 17:18:25,278 INFO beamng_lidar_bev.worker: AEB: STANDBY at 7.0 km/h | threat none (brake-now 3.0, standoff 2.4, horizon 8.4) | required 0.0 m/s^2 ttc inf | k +0.0000 brake 0.00 | Standing by below 7 km/h
2026-08-09 17:18:26,389 INFO beamng_lidar_bev.worker: AEB: ARMED at 7.5 km/h | threat none (brake-now 3.0, standoff 2.4, horizon 8.4) | required 0.0 m/s^2 ttc inf | k +0.0111 brake 0.00 | Clear to 8 m
2026-08-09 17:18:30,255 INFO beamng_lidar_bev.worker: AEB: STANDBY at 6.7 km/h | threat none (brake-now 2.9, standoff 2.4, horizon 8.4) | required 0.0 m/s^2 ttc inf | k +0.0000 brake 0.00 | Standing by below 7 km/h
2026-08-09 17:18:31,939 INFO beamng_lidar_bev.worker: AEB: ARMED at 7.2 km/h | threat none (brake-now 3.0, standoff 2.4, horizon 8.4) | required 0.0 m/s^2 ttc inf | k -0.1667 brake 0.00 | Clear to 8 m
2026-08-09 17:18:32,554 INFO beamng_lidar_bev.worker: AEB: STANDBY at 6.6 km/h | threat none (brake-now 2.9, standoff 2.4, horizon 8.4) | required 0.0 m/s^2 ttc inf | k +0.0000 brake 0.00 | Standing by below 7 km/h
2026-08-09 17:18:33,771 INFO beamng_lidar_bev.worker: AEB: ARMED at 7.5 km/h | threat 6.5 m (brake-now 3.0, standoff 2.4, horizon 8.4) | required 0.5 m/s^2 ttc 1.93s | k -0.0405 brake 0.00 | Watching an obstacle at 6.5 m (3 m before it acts)
2026-08-09 17:18:38,177 INFO beamng_lidar_bev.worker: AEB: BRAKING at 39.8 km/h | threat 11.0 m (brake-now 11.0, standoff 2.4, horizon 19.6) | required 7.2 m/s^2 ttc 0.77s | k +0.0057 brake 1.00 | Impact in 0.8 s; full brake
2026-08-09 17:18:38,199 INFO beamng_lidar_bev.worker: AEB evidence: AEB at 11.0 m | 1297 returns spanning 0.76 m of height over 1.99 m of range (min 0.02, median 0.14, max 0.79 above the ego plane, floor 0.30) | measured ground rise 0.03 m, clamped to 0.01 | corridor 1.16 m half-width
2026-08-09 17:18:38,501 INFO beamng_lidar_bev.main_window: 3D scene build is over budget at 103.1 ms (tick is 40 ms), so WORLD is dropping frames. Control and AEB are unaffected -- they run on the BeamNG thread.
2026-08-09 17:18:41,629 ERROR beamng_lidar_bev.worker: Emergency braking failed
Traceback (most recent call last):
  File "C:\Users\initd\Documents\Projects\BeamNG.Tech Mods\BeamNG-LiDAR-BEV\src\beamng_lidar_bev\worker.py", line 981, in _poll_once
    try:
        
  File "C:\Users\initd\Documents\Projects\BeamNG.Tech Mods\BeamNG-LiDAR-BEV\src\beamng_lidar_bev\worker.py", line 1234, in _compute_aeb
    self._pending_evidence.append(state)
  File "C:\Users\initd\Documents\Projects\BeamNG.Tech Mods\BeamNG-LiDAR-BEV\src\beamng_lidar_bev\worker.py", line 1268, in _watch_aeb_braking
    event.sample(forward_speed, dt)
  File "C:\Users\initd\Documents\Projects\BeamNG.Tech Mods\BeamNG-LiDAR-BEV\src\beamng_lidar_bev\worker.py", line 1341, in _log_brake_measurement
    "at %.1f m/s^2 (%.2fx) | pitch %+.1f deg",
    ^^^^^
NameError: name 'label' is not defined
2026-08-09 17:18:41,630 INFO beamng_lidar_bev.worker: AEB disabled: Emergency braking stopped: name 'label' is not defined
2026-08-09 17:18:41,631 INFO beamng_lidar_bev.main_window: Emergency braking stopped: name 'label' is not defined
2026-08-09 17:18:53,587 INFO beamng_lidar_bev.main_window: 3D scene build is over budget at 110.4 ms (tick is 40 ms), so WORLD is dropping frames. Control and AEB are unaffected -- they run on the BeamNG thread.
2026-08-09 17:19:10,184 INFO beamng_lidar_bev.main_window: 3D scene build is over budget at 41.8 ms (tick is 40 ms), so WORLD is dropping frames. Control and AEB are unaffected -- they run on the BeamNG thread.
2026-08-09 17:19:25,222 INFO beamng_lidar_bev.main_window: 3D scene build is over budget at 63.8 ms (tick is 40 ms), so WORLD is dropping frames. Control and AEB are unaffected -- they run on the BeamNG thread.
2026-08-09 17:19:34,593 WARNING beamng_lidar_bev.worker: LiDAR polling failed (1 attempts over 0.0s): name 'label' is not defined
2026-08-09 17:19:44,194 WARNING beamng_lidar_bev.worker: LiDAR polling failed (1 attempts over 0.0s): name 'label' is not defined
2026-08-09 17:19:45,677 WARNING beamng_lidar_bev.worker: LiDAR polling failed (1 attempts over 0.0s): name 'label' is not defined
2026-08-09 17:19:49,361 WARNING beamng_lidar_bev.worker: LiDAR polling failed (1 attempts over 0.0s): name 'label' is not defined
2026-08-09 17:19:49,464 INFO beamng_lidar_bev.worker: REAR AEB: ARMED at 2.5 km/h | threat none (brake-now 3.0, standoff 2.8, horizon 8.8) | required 0.0 m/s^2 ttc inf | k +0.1644 brake 0.00 | Clear to 9 m
2026-08-09 17:19:49,555 INFO beamng_lidar_bev.main_window: 3D scene build is over budget at 41.2 ms (tick is 40 ms), so WORLD is dropping frames. Control and AEB are unaffected -- they run on the BeamNG thread.
2026-08-09 17:19:51,470 INFO beamng_lidar_bev.worker: REAR AEB: STANDBY at 1.6 km/h | threat none (brake-now 2.9, standoff 2.8, horizon 8.8) | required 0.0 m/s^2 ttc inf | k +0.0000 brake 0.00 | Standing by below 2 km/h
2026-08-09 17:19:54,503 INFO beamng_lidar_bev.worker: REAR AEB: ARMED at 2.1 km/h | threat none (brake-now 3.0, standoff 2.8, horizon 8.8) | required 0.0 m/s^2 ttc inf | k +0.0076 brake 0.00 | Clear to 9 m
2026-08-09 17:19:56,903 INFO beamng_lidar_bev.worker: REAR AEB: BRAKING at 6.4 km/h | threat 3.3 m (brake-now 3.4, standoff 2.8, horizon 8.8) | required 3.4 m/s^2 ttc 0.26s | k -0.0005 brake 1.00 | Impact in 0.3 s; full brake
2026-08-09 17:19:56,907 INFO beamng_lidar_bev.worker: AEB evidence: REAR AEB at 3.3 m | 7044 returns spanning 0.48 m of height over 1.99 m of range (min -0.10, median 0.08, max 0.38 above the ego plane, floor 0.30) | measured ground rise 0.03 m, clamped to 0.00 | corridor 1.16 m half-width
2026-08-09 17:19:57,205 INFO beamng_lidar_bev.worker: REAR AEB: ARMED at 0.9 km/h | threat none (brake-now 2.9, standoff 2.8, horizon 8.8) | required 0.0 m/s^2 ttc inf | k +0.0001 brake 0.00 | Clear to 9 m
2026-08-09 17:19:57,258 INFO beamng_lidar_bev.worker: REAR AEB: STANDBY at -0.2 km/h | threat none (brake-now 2.8, standoff 2.8, horizon 8.8) | required 0.0 m/s^2 ttc inf | k +0.0000 brake 0.00 | Standing by below 2 km/h
2026-08-09 17:20:03,911 WARNING beamng_lidar_bev.worker: LiDAR polling failed (1 attempts over 0.0s): name 'label' is not defined
2026-08-09 17:20:08,221 INFO beamng_lidar_bev.main_window: 3D scene build is over budget at 47.3 ms (tick is 40 ms), so WORLD is dropping frames. Control and AEB are unaffected -- they run on the BeamNG thread.
2026-08-09 17:20:08,912 WARNING beamng_lidar_bev.worker: LiDAR polling failed (1 attempts over 0.0s): name 'label' is not defined
2026-08-09 17:20:09,417 INFO beamng_lidar_bev.worker: REAR AEB: ARMED at 2.2 km/h | threat none (brake-now 3.0, standoff 2.8, horizon 8.8) | required 0.0 m/s^2 ttc inf | k +0.1667 brake 0.00 | Clear to 9 m
2026-08-09 17:20:11,751 INFO beamng_lidar_bev.worker: REAR AEB: STANDBY at 0.1 km/h | threat none (brake-now 2.8, standoff 2.8, horizon 8.8) | required 0.0 m/s^2 ttc inf | k +0.0000 brake 0.00 | Standing by below 2 km/h
2026-08-09 17:20:23,235 INFO beamng_lidar_bev.main_window: 3D scene build is over budget at 43.4 ms (tick is 40 ms), so WORLD is dropping frames. Control and AEB are unaffected -- they run on the BeamNG thread.
2026-08-09 17:20:28,432 WARNING beamng_lidar_bev.worker: LiDAR polling failed (1 attempts over 0.0s): name 'label' is not defined
2026-08-09 17:20:37,266 WARNING beamng_lidar_bev.worker: LiDAR polling failed (1 attempts over 0.0s): name 'label' is not defined
2026-08-09 17:20:38,272 INFO beamng_lidar_bev.main_window: 3D scene build is over budget at 65.4 ms (tick is 40 ms), so WORLD is dropping frames. Control and AEB are unaffected -- they run on the BeamNG thread.
2026-08-09 17:20:39,732 WARNING beamng_lidar_bev.worker: LiDAR polling failed (1 attempts over 0.0s): name 'label' is not defined
2026-08-09 17:20:45,117 WARNING beamng_lidar_bev.worker: LiDAR polling failed (1 attempts over 0.0s): name 'label' is not defined
2026-08-09 17:20:52,087 WARNING beamng_lidar_bev.worker: LiDAR polling failed (1 attempts over 0.0s): name 'label' is not defined
2026-08-09 17:20:53,320 INFO beamng_lidar_bev.main_window: 3D scene build is over budget at 77.8 ms (tick is 40 ms), so WORLD is dropping frames. Control and AEB are unaffected -- they run on the BeamNG thread.
2026-08-09 17:20:56,119 WARNING beamng_lidar_bev.worker: LiDAR polling failed (1 attempts over 0.0s): name 'label' is not defined
2026-08-09 17:21:08,351 INFO beamng_lidar_bev.main_window: 3D scene build is over budget at 95.2 ms (tick is 40 ms), so WORLD is dropping frames. Control and AEB are unaffected -- they run on the BeamNG thread.
2026-08-09 17:21:11,368 WARNING beamng_lidar_bev.worker: LiDAR polling failed (1 attempts over 0.0s): name 'label' is not defined
2026-08-09 17:21:22,293 WARNING beamng_lidar_bev.worker: LiDAR polling failed (1 attempts over 0.0s): name 'label' is not defined
2026-08-09 17:21:23,439 INFO beamng_lidar_bev.main_window: 3D scene build is over budget at 117.4 ms (tick is 40 ms), so WORLD is dropping frames. Control and AEB are unaffected -- they run on the BeamNG thread.
2026-08-09 17:21:32,838 INFO beamng_lidar_bev.main_window: Looking for a running BeamNG.tech session
2026-08-09 17:21:32,838 INFO beamng_lidar_bev.main_window: Application ready
2026-08-09 17:21:33,263 INFO beamng_lidar_bev.main_window: Found a running BeamNG.tech session; ready to attach
2026-08-09 17:21:34,909 INFO beamng_lidar_bev.main_window: Looking for the current player vehicle
2026-08-09 17:21:34,912 INFO beamng_lidar_bev.main_window: Connecting to BeamNG.tech
2026-08-09 17:21:37,286 INFO beamng_lidar_bev.worker: Connected to the BeamNG.tech bridge on port 64256
2026-08-09 17:21:37,287 INFO beamng_lidar_bev.main_window: Finding the current player vehicle
2026-08-09 17:21:37,637 INFO beamng_lidar_bev.worker: Vehicle check: model 'vivace' (plant measured on 'vivace') | bbox 2.02 wide x 4.33 long x 1.46 tall | overhang front 1.84 rear 2.49 | ground plane -0.259 m from the reference node | mount z: front 0.20, left 0.20, right 0.20, rear 0.20, roof 1.58
2026-08-09 17:21:37,671 INFO beamng_lidar_bev.main_window: Attaching front LiDAR (1/5)
2026-08-09 17:21:37,702 INFO beamng_lidar_bev.worker: Mount check: front sits 0.229 m above the bbox bottom (want 0.20)
2026-08-09 17:21:37,703 INFO beamng_lidar_bev.main_window: Attaching left LiDAR (2/5)
2026-08-09 17:21:37,736 INFO beamng_lidar_bev.worker: Mount check: left sits 0.213 m above the bbox bottom (want 0.20)
2026-08-09 17:21:37,737 INFO beamng_lidar_bev.main_window: Attaching right LiDAR (3/5)
2026-08-09 17:21:37,769 INFO beamng_lidar_bev.worker: Mount check: right sits 0.232 m above the bbox bottom (want 0.20)
2026-08-09 17:21:37,770 INFO beamng_lidar_bev.main_window: Attaching rear LiDAR (4/5)
2026-08-09 17:21:37,802 INFO beamng_lidar_bev.worker: Mount check: rear sits 0.223 m above the bbox bottom (want 0.20)
2026-08-09 17:21:37,803 INFO beamng_lidar_bev.main_window: Attaching roof LiDAR (5/5)
2026-08-09 17:21:37,835 INFO beamng_lidar_bev.worker: Mount check: roof sits 1.609 m above the bbox bottom (want 1.58)
2026-08-09 17:21:37,836 INFO beamng_lidar_bev.worker: AEB check: on 'vivace', armed above 7.2 km/h, stopping 0.60 m clear of the front bumper, fires at the last point a 10.0 m/s^2 stop still works and then brakes FULL, corridor 2.02 m wide, obstacle floor 0.30 m with 4 hits over 0.12 s required, path predicted from measured yaw (brake only). Brake-now distances: 30 km/h -> 7.6 m, 50 km/h -> 15.3 m, 70 km/h -> 26.4 m, 100 km/h -> 49.5 m
2026-08-09 17:21:37,837 INFO beamng_lidar_bev.main_window: 5 LiDAR sensors active on thePlayer
2026-08-09 17:21:37,837 INFO beamng_lidar_bev.worker: REAR AEB check: on 'vivace', armed above 1.8 km/h, stopping 0.35 m clear of the rear bumper, fires at the last point a 6.8 m/s^2 stop still works and then brakes FULL, corridor 2.02 m wide, obstacle floor 0.30 m with 4 hits over 0.12 s required, path predicted from measured yaw (brake only). Brake-now distances: 10 km/h -> 3.9 m, 20 km/h -> 6.3 m, 30 km/h -> 9.8 m, 50 km/h -> 20.7 m
2026-08-09 17:21:37,837 INFO beamng_lidar_bev.main_window: 5 LiDAR sensors attached to thePlayer (front 0.20 m, left 0.20 m, right 0.20 m, rear 0.20 m, roof 1.58 m above ground)
2026-08-09 17:21:37,839 INFO beamng_lidar_bev.main_window: Emergency braking armed
2026-08-09 17:21:37,840 INFO beamng_lidar_bev.main_window: Reverse AEB armed
2026-08-09 17:21:37,894 INFO beamng_lidar_bev.worker: Sensor reach: front 65471 returns, furthest 49 m | left 14687 returns, furthest 115 m | right 15122 returns, furthest 116 m | rear 14616 returns, furthest 116 m | roof 65263 returns, furthest 96 m | AEB acts out to 150 m
2026-08-09 17:21:37,930 INFO beamng_lidar_bev.worker: AEB: STANDBY at -0.0 km/h | threat none (brake-now 2.4, standoff 2.4, horizon 8.4) | required 0.0 m/s^2 ttc inf | k +0.0000 brake 0.00 | Standing by below 7 km/h
2026-08-09 17:21:37,930 INFO beamng_lidar_bev.worker: REAR AEB: STANDBY at 0.0 km/h | threat none (brake-now 2.8, standoff 2.8, horizon 8.8) | required 0.0 m/s^2 ttc inf | k +0.0000 brake 0.00 | Standing by below 2 km/h
2026-08-09 17:21:38,429 INFO beamng_lidar_bev.main_window: 3D scene build is over budget at 42.1 ms (tick is 40 ms), so WORLD is dropping frames. Control and AEB are unaffected -- they run on the BeamNG thread.
2026-08-09 17:21:53,462 INFO beamng_lidar_bev.main_window: 3D scene build is over budget at 42.8 ms (tick is 40 ms), so WORLD is dropping frames. Control and AEB are unaffected -- they run on the BeamNG thread.
2026-08-09 17:22:09,623 INFO beamng_lidar_bev.main_window: 3D scene build is over budget at 40.7 ms (tick is 40 ms), so WORLD is dropping frames. Control and AEB are unaffected -- they run on the BeamNG thread.
2026-08-09 17:22:17,815 INFO beamng_lidar_bev.worker: AEB: ARMED at 7.3 km/h | threat none (brake-now 3.0, standoff 2.4, horizon 8.4) | required 0.0 m/s^2 ttc inf | k -0.0353 brake 0.00 | Clear to 8 m
2026-08-09 17:22:20,717 INFO beamng_lidar_bev.worker: AEB: STANDBY at 7.1 km/h | threat none (brake-now 3.0, standoff 2.4, horizon 8.4) | required 0.0 m/s^2 ttc inf | k +0.0000 brake 0.00 | Standing by below 7 km/h
2026-08-09 17:22:21,180 INFO beamng_lidar_bev.worker: AEB: ARMED at 8.0 km/h | threat none (brake-now 3.1, standoff 2.4, horizon 8.4) | required 0.0 m/s^2 ttc inf | k +0.1035 brake 0.00 | Clear to 8 m
2026-08-09 17:22:21,798 INFO beamng_lidar_bev.worker: AEB: BRAKING at 13.5 km/h | threat 0.4 m (brake-now 3.8, standoff 2.4, horizon 8.4) | required inf m/s^2 ttc 0.00s | k +0.1667 brake 1.00 | Impact in 0.0 s; full brake
2026-08-09 17:22:21,805 INFO beamng_lidar_bev.worker: AEB evidence: AEB at 0.4 m | 201 returns spanning 0.39 m of height over 0.32 m of range (min 0.04, median 0.04, max 0.43 above the ego plane, floor 0.30) | measured ground rise 0.04 m, clamped to 0.00 | corridor 1.16 m half-width
2026-08-09 17:22:22,185 INFO beamng_lidar_bev.worker: AEB: ARMED at 6.3 km/h | threat none (brake-now 2.9, standoff 2.4, horizon 8.4) | required 0.0 m/s^2 ttc inf | k +0.1667 brake 0.00 | Clear to 8 m
2026-08-09 17:22:22,275 INFO beamng_lidar_bev.worker: AEB: STANDBY at 4.3 km/h | threat none (brake-now 2.7, standoff 2.4, horizon 8.4) | required 0.0 m/s^2 ttc inf | k +0.0000 brake 0.00 | Standing by below 7 km/h
2026-08-09 17:22:22,796 INFO beamng_lidar_bev.worker: AEB: ARMED at 7.7 km/h | threat none (brake-now 3.0, standoff 2.4, horizon 8.4) | required 0.0 m/s^2 ttc inf | k +0.1031 brake 0.00 | Clear to 8 m
2026-08-09 17:22:24,653 INFO beamng_lidar_bev.main_window: 3D scene build is over budget at 93.4 ms (tick is 40 ms), so WORLD is dropping frames. Control and AEB are unaffected -- they run on the BeamNG thread.
2026-08-09 17:22:25,960 INFO beamng_lidar_bev.worker: AEB: STANDBY at 6.8 km/h | threat none (brake-now 2.9, standoff 2.4, horizon 8.4) | required 0.0 m/s^2 ttc inf | k +0.0000 brake 0.00 | Standing by below 7 km/h
2026-08-09 17:22:27,732 INFO beamng_lidar_bev.worker: AEB: ARMED at 7.5 km/h | threat 7.2 m (brake-now 3.0, standoff 2.4, horizon 8.4) | required 0.5 m/s^2 ttc 2.27s | k -0.1667 brake 0.00 | Watching an obstacle at 7.2 m (4 m before it acts)
2026-08-09 17:22:28,538 INFO beamng_lidar_bev.worker: AEB: BRAKING at 18.2 km/h | threat 4.5 m (brake-now 4.7, standoff 2.4, horizon 8.4) | required 6.1 m/s^2 ttc 0.41s | k -0.0113 brake 1.00 | Impact in 0.4 s; full brake
2026-08-09 17:22:28,546 INFO beamng_lidar_bev.worker: AEB evidence: AEB at 4.5 m | 29416 returns spanning 1.58 m of height over 2.00 m of range (min 0.03, median 0.57, max 1.62 above the ego plane, floor 0.30) | measured ground rise 0.15 m, clamped to 0.00 | corridor 1.16 m half-width
2026-08-09 17:22:36,213 INFO beamng_lidar_bev.worker: REAR AEB: ARMED at 2.0 km/h | threat 4.2 m (brake-now 3.0, standoff 2.8, horizon 8.8) | required 0.1 m/s^2 ttc 2.45s | k -0.0193 brake 0.00 | Watching an obstacle at 4.2 m (1 m before it acts)
2026-08-09 17:22:36,373 INFO beamng_lidar_bev.worker: REAR AEB: STANDBY at 0.7 km/h | threat none (brake-now 2.9, standoff 2.8, horizon 8.8) | required 0.0 m/s^2 ttc inf | k +0.0000 brake 0.00 | Standing by below 2 km/h
2026-08-09 17:22:37,028 INFO beamng_lidar_bev.worker: REAR AEB: ARMED at 2.0 km/h | threat 3.8 m (brake-now 3.0, standoff 2.8, horizon 8.8) | required 0.2 m/s^2 ttc 1.65s | k +0.0825 brake 0.00 | Watching an obstacle at 3.8 m (1 m before it acts)
2026-08-09 17:22:37,112 INFO beamng_lidar_bev.worker: REAR AEB: STANDBY at 1.0 km/h | threat none (brake-now 2.9, standoff 2.8, horizon 8.8) | required 0.0 m/s^2 ttc inf | k +0.0000 brake 0.00 | Standing by below 2 km/h
2026-08-09 17:22:37,361 INFO beamng_lidar_bev.worker: REAR AEB: ARMED at 2.2 km/h | threat 4.2 m (brake-now 3.0, standoff 2.8, horizon 8.8) | required 0.1 m/s^2 ttc 2.23s | k +0.1025 brake 0.00 | Watching an obstacle at 4.2 m (1 m before it acts)
2026-08-09 17:22:37,540 INFO beamng_lidar_bev.worker: REAR AEB: STANDBY at 0.2 km/h | threat none (brake-now 2.8, standoff 2.8, horizon 8.8) | required 0.0 m/s^2 ttc inf | k +0.0000 brake 0.00 | Standing by below 2 km/h
2026-08-09 17:22:39,693 INFO beamng_lidar_bev.main_window: 3D scene build is over budget at 87.2 ms (tick is 40 ms), so WORLD is dropping frames. Control and AEB are unaffected -- they run on the BeamNG thread.
2026-08-09 17:22:40,445 INFO beamng_lidar_bev.worker: Brake measure: AEB stop on 'vivace' | 18.2 -> 0.7 km/h in 11.91 s over 4.9 m | achieved 0.41 m/s^2 mean, 8.71 peak | model says 1.3 m at 10.0 m/s^2 (3.79x) | pitch +0.9 deg
2026-08-09 17:22:40,445 INFO beamng_lidar_bev.worker: AEB: ARMED at 0.7 km/h | threat none (brake-now 2.5, standoff 2.4, horizon 8.4) | required 0.0 m/s^2 ttc inf | k +0.0536 brake 0.00 | Clear to 8 m
2026-08-09 17:22:40,510 INFO beamng_lidar_bev.worker: AEB: STANDBY at 0.2 km/h | threat none (brake-now 2.4, standoff 2.4, horizon 8.4) | required 0.0 m/s^2 ttc inf | k +0.0000 brake 0.00 | Standing by below 7 km/h
2026-08-09 17:22:40,826 INFO beamng_lidar_bev.worker: AEB: ARMED at 7.4 km/h | threat none (brake-now 3.0, standoff 2.4, horizon 8.4) | required 0.0 m/s^2 ttc inf | k +0.1170 brake 0.00 | Clear to 8 m
2026-08-09 17:22:42,117 INFO beamng_lidar_bev.worker: AEB: STANDBY at 6.5 km/h | threat none (brake-now 2.9, standoff 2.4, horizon 8.4) | required 0.0 m/s^2 ttc inf | k +0.0000 brake 0.00 | Standing by below 7 km/h
2026-08-09 17:22:42,553 INFO beamng_lidar_bev.worker: AEB: ARMED at 7.7 km/h | threat none (brake-now 3.0, standoff 2.4, horizon 8.4) | required 0.0 m/s^2 ttc inf | k -0.1667 brake 0.00 | Clear to 8 m
2026-08-09 17:22:44,540 INFO beamng_lidar_bev.worker: AEB: STANDBY at 6.3 km/h | threat none (brake-now 2.9, standoff 2.4, horizon 8.4) | required 0.0 m/s^2 ttc inf | k +0.0000 brake 0.00 | Standing by below 7 km/h
2026-08-09 17:22:45,194 INFO beamng_lidar_bev.worker: AEB: ARMED at 7.4 km/h | threat none (brake-now 3.0, standoff 2.4, horizon 8.4) | required 0.0 m/s^2 ttc inf | k +0.0473 brake 0.00 | Clear to 8 m
2026-08-09 17:22:47,399 INFO beamng_lidar_bev.worker: AEB: STANDBY at 7.1 km/h | threat none (brake-now 3.0, standoff 2.4, horizon 8.4) | required 0.0 m/s^2 ttc inf | k +0.0000 brake 0.00 | Standing by below 7 km/h
2026-08-09 17:22:49,463 INFO beamng_lidar_bev.worker: AEB: ARMED at 7.8 km/h | threat none (brake-now 3.1, standoff 2.4, horizon 8.4) | required 0.0 m/s^2 ttc inf | k -0.1667 brake 0.00 | Clear to 8 m
2026-08-09 17:22:50,136 INFO beamng_lidar_bev.worker: AEB: BRAKING at 13.7 km/h | threat 2.9 m (brake-now 3.9, standoff 2.4, horizon 8.4) | required 15.1 m/s^2 ttc 0.13s | k -0.1659 brake 1.00 | Impact in 0.1 s; full brake
2026-08-09 17:22:50,144 INFO beamng_lidar_bev.worker: AEB evidence: AEB at 2.9 m | 16218 returns spanning 0.77 m of height over 1.99 m of range (min 0.03, median 0.03, max 0.80 above the ego plane, floor 0.30) | measured ground rise 0.03 m, clamped to 0.00 | corridor 1.16 m half-width
2026-08-09 17:22:50,437 INFO beamng_lidar_bev.worker: AEB: ARMED at 6.0 km/h | threat none (brake-now 2.9, standoff 2.4, horizon 8.4) | required 0.0 m/s^2 ttc inf | k -0.1342 brake 0.00 | Clear to 8 m
2026-08-09 17:22:50,517 INFO beamng_lidar_bev.worker: AEB: STANDBY at 3.6 km/h | threat none (brake-now 2.7, standoff 2.4, horizon 8.4) | required 0.0 m/s^2 ttc inf | k +0.0000 brake 0.00 | Standing by below 7 km/h
2026-08-09 17:22:51,578 INFO beamng_lidar_bev.worker: AEB: ARMED at 8.0 km/h | threat 1.3 m (brake-now 3.1, standoff 2.4, horizon 8.4) | required inf m/s^2 ttc 0.00s | k -0.0011 brake 0.00 | Watching an obstacle at 1.3 m (0 m before it acts)
2026-08-09 17:22:51,822 INFO beamng_lidar_bev.worker: AEB: BRAKING at 11.9 km/h | threat 0.5 m (brake-now 3.6, standoff 2.4, horizon 8.4) | required inf m/s^2 ttc 0.00s | k -0.0055 brake 1.00 | Impact in 0.0 s; full brake
2026-08-09 17:22:51,830 INFO beamng_lidar_bev.worker: AEB evidence: AEB at 0.5 m | 396 returns spanning 0.43 m of height over 0.39 m of range (min 0.03, median 0.11, max 0.46 above the ego plane, floor 0.30) | measured ground rise 0.03 m, clamped to 0.00 | corridor 1.16 m half-width
2026-08-09 17:22:52,166 INFO beamng_lidar_bev.worker: AEB: ARMED at 6.1 km/h | threat none (brake-now 2.9, standoff 2.4, horizon 8.4) | required 0.0 m/s^2 ttc inf | k -0.0609 brake 0.00 | Clear to 8 m
2026-08-09 17:22:52,241 INFO beamng_lidar_bev.worker: AEB: STANDBY at 4.3 km/h | threat none (brake-now 2.7, standoff 2.4, horizon 8.4) | required 0.0 m/s^2 ttc inf | k +0.0000 brake 0.00 | Standing by below 7 km/h
2026-08-09 17:22:52,654 INFO beamng_lidar_bev.worker: AEB: ARMED at 7.4 km/h | threat 0.1 m (brake-now 3.0, standoff 2.4, horizon 8.4) | required inf m/s^2 ttc 0.00s | k -0.1488 brake 0.00 | Watching an obstacle at 0.1 m (0 m before it acts)
2026-08-09 17:22:53,963 INFO beamng_lidar_bev.worker: AEB: STANDBY at 6.9 km/h | threat none (brake-now 3.0, standoff 2.4, horizon 8.4) | required 0.0 m/s^2 ttc inf | k +0.0000 brake 0.00 | Standing by below 7 km/h
2026-08-09 17:22:54,691 INFO beamng_lidar_bev.main_window: 3D scene build is over budget at 117.7 ms (tick is 40 ms), so WORLD is dropping frames. Control and AEB are unaffected -- they run on the BeamNG thread.
2026-08-09 17:22:54,974 INFO beamng_lidar_bev.worker: AEB: ARMED at 7.7 km/h | threat none (brake-now 3.0, standoff 2.4, horizon 8.4) | required 0.0 m/s^2 ttc inf | k +0.0000 brake 0.00 | Clear to 8 m
2026-08-09 17:23:01,434 INFO beamng_lidar_bev.worker: AEB: STANDBY at 6.5 km/h | threat none (brake-now 2.9, standoff 2.4, horizon 8.4) | required 0.0 m/s^2 ttc inf | k +0.0000 brake 0.00 | Standing by below 7 km/h
2026-08-09 17:23:02,297 INFO beamng_lidar_bev.worker: AEB: ARMED at 7.8 km/h | threat none (brake-now 3.1, standoff 2.4, horizon 8.4) | required 0.0 m/s^2 ttc inf | k +0.0004 brake 0.00 | Clear to 8 m
2026-08-09 17:23:04,153 INFO beamng_lidar_bev.worker: AEB: STANDBY at 7.2 km/h | threat none (brake-now 3.0, standoff 2.4, horizon 8.4) | required 0.0 m/s^2 ttc inf | k +0.0000 brake 0.00 | Standing by below 7 km/h
2026-08-09 17:23:04,380 INFO beamng_lidar_bev.worker: AEB: ARMED at 7.2 km/h | threat none (brake-now 3.0, standoff 2.4, horizon 8.4) | required 0.0 m/s^2 ttc inf | k -0.0847 brake 0.00 | Clear to 8 m
2026-08-09 17:23:06,315 INFO beamng_lidar_bev.worker: AEB: BRAKING at 20.9 km/h | threat 4.9 m (brake-now 5.3, standoff 2.4, horizon 8.4) | required 6.9 m/s^2 ttc 0.42s | k -0.1497 brake 1.00 | Impact in 0.4 s; full brake
2026-08-09 17:23:06,323 INFO beamng_lidar_bev.worker: AEB evidence: AEB at 4.9 m | 2402 returns spanning 1.77 m of height over 2.00 m of range (min 0.04, median 0.28, max 1.81 above the ego plane, floor 0.30) | measured ground rise 0.04 m, clamped to 0.00 | corridor 1.16 m half-width
2026-08-09 17:23:07,311 INFO beamng_lidar_bev.worker: Brake measure: AEB stop on 'vivace' | 20.9 -> 0.2 km/h in 1.00 s over 3.4 m | achieved 5.78 m/s^2 mean, 9.34 peak | model says 1.7 m at 10.0 m/s^2 (2.00x) | pitch +0.7 deg
2026-08-09 17:23:07,311 INFO beamng_lidar_bev.worker: AEB: ARMED at -0.2 km/h | threat 5.1 m (brake-now 2.4, standoff 2.4, horizon 8.4) | required 0.0 m/s^2 ttc inf | k -0.0359 brake 0.00 | Watching an obstacle at 5.1 m (3 m before it acts)
2026-08-09 17:23:07,401 INFO beamng_lidar_bev.worker: AEB: STANDBY at -1.1 km/h | threat none (brake-now 2.4, standoff 2.4, horizon 8.4) | required 0.0 m/s^2 ttc inf | k +0.0000 brake 0.00 | Standing by below 7 km/h
2026-08-09 17:23:08,148 INFO beamng_lidar_bev.worker: AEB: ARMED at 7.5 km/h | threat none (brake-now 3.0, standoff 2.4, horizon 8.4) | required 0.0 m/s^2 ttc inf | k +0.0550 brake 0.00 | Clear to 8 m
2026-08-09 17:23:09,726 INFO beamng_lidar_bev.main_window: 3D scene build is over budget at 96.8 ms (tick is 40 ms), so WORLD is dropping frames. Control and AEB are unaffected -- they run on the BeamNG thread.
2026-08-09 17:23:12,077 INFO beamng_lidar_bev.worker: AEB: BRAKING at 20.5 km/h | threat 0.1 m (brake-now 5.2, standoff 2.4, horizon 8.4) | required inf m/s^2 ttc 0.00s | k +0.1667 brake 1.00 | Impact in 0.0 s; full brake
2026-08-09 17:23:12,085 INFO beamng_lidar_bev.worker: AEB evidence: AEB at 0.1 m | 56 returns spanning 0.35 m of height over 0.01 m of range (min 0.06, median 0.34, max 0.41 above the ego plane, floor 0.30) | measured ground rise 0.06 m, clamped to 0.00 | corridor 1.16 m half-width
2026-08-09 17:23:12,398 INFO beamng_lidar_bev.worker: AEB: ARMED at 14.0 km/h | threat none (brake-now 3.9, standoff 2.4, horizon 8.4) | required 0.0 m/s^2 ttc inf | k +0.1667 brake 0.00 | Clear to 8 m
2026-08-09 17:23:17,142 INFO beamng_lidar_bev.worker: AEB: BRAKING at 38.3 km/h | threat 10.0 m (brake-now 10.4, standoff 2.4, horizon 18.4) | required 7.5 m/s^2 ttc 0.71s | k +0.0007 brake 1.00 | Impact in 0.7 s; full brake
2026-08-09 17:23:17,148 INFO beamng_lidar_bev.worker: AEB evidence: AEB at 10.0 m | 1034 returns spanning 0.58 m of height over 2.00 m of range (min 0.06, median 0.06, max 0.64 above the ego plane, floor 0.30) | measured ground rise 0.06 m, clamped to 0.00 | corridor 1.16 m half-width
2026-08-09 17:23:24,076 INFO beamng_lidar_bev.worker: Brake measure: AEB stop on 'vivace' | 38.3 -> 0.0 km/h in 6.93 s over 8.8 m | achieved 1.53 m/s^2 mean, 12.33 peak | model says 5.7 m at 10.0 m/s^2 (1.55x) | pitch +0.6 deg
2026-08-09 17:23:24,076 INFO beamng_lidar_bev.worker: AEB: ARMED at 0.0 km/h | threat 2.5 m (brake-now 2.4, standoff 2.4, horizon 18.4) | required 0.0 m/s^2 ttc 1.70s | k +0.0001 brake 0.00 | Watching an obstacle at 2.5 m (0 m before it acts)
2026-08-09 17:23:24,213 INFO beamng_lidar_bev.worker: AEB: STANDBY at 0.0 km/h | threat none (brake-now 2.4, standoff 2.4, horizon 8.4) | required 0.0 m/s^2 ttc inf | k +0.0000 brake 0.00 | Standing by below 7 km/h
2026-08-09 17:23:24,748 INFO beamng_lidar_bev.main_window: 3D scene build is over budget at 119.5 ms (tick is 40 ms), so WORLD is dropping frames. Control and AEB are unaffected -- they run on the BeamNG thread.
2026-08-09 17:23:26,542 INFO beamng_lidar_bev.worker: AEB: ARMED at 8.3 km/h | threat none (brake-now 3.1, standoff 2.4, horizon 8.4) | required 0.0 m/s^2 ttc inf | k +0.0001 brake 0.00 | Clear to 8 m
2026-08-09 17:23:27,155 INFO beamng_lidar_bev.worker: AEB: STANDBY at 7.1 km/h | threat none (brake-now 3.0, standoff 2.4, horizon 8.4) | required 0.0 m/s^2 ttc inf | k +0.0000 brake 0.00 | Standing by below 7 km/h
2026-08-09 17:23:39,769 INFO beamng_lidar_bev.main_window: 3D scene build is over budget at 104.3 ms (tick is 40 ms), so WORLD is dropping frames. Control and AEB are unaffected -- they run on the BeamNG thread.
2026-08-09 17:23:54,813 INFO beamng_lidar_bev.main_window: 3D scene build is over budget at 107.2 ms (tick is 40 ms), so WORLD is dropping frames. Control and AEB are unaffected -- they run on the BeamNG thread.
2026-08-09 17:24:03,021 INFO beamng_lidar_bev.worker: AEB: ARMED at 7.9 km/h | threat none (brake-now 3.1, standoff 2.4, horizon 8.4) | required 0.0 m/s^2 ttc inf | k +0.0553 brake 0.00 | Clear to 8 m
2026-08-09 17:24:09,155 INFO beamng_lidar_bev.worker: AEB: BRAKING at 35.8 km/h | threat 9.3 m (brake-now 9.5, standoff 2.4, horizon 16.6) | required 7.2 m/s^2 ttc 0.69s | k -0.0097 brake 1.00 | Impact in 0.7 s; full brake
2026-08-09 17:24:09,162 INFO beamng_lidar_bev.worker: AEB evidence: AEB at 9.3 m | 1173 returns spanning 0.40 m of height over 2.00 m of range (min 0.04, median 0.04, max 0.45 above the ego plane, floor 0.30) | measured ground rise 0.07 m, clamped to 0.00 | corridor 1.16 m half-width
2026-08-09 17:24:09,900 INFO beamng_lidar_bev.main_window: 3D scene build is over budget at 118.2 ms (tick is 40 ms), so WORLD is dropping frames. Control and AEB are unaffected -- they run on the BeamNG thread.
2026-08-09 17:24:12,562 INFO beamng_lidar_bev.worker: Brake measure: AEB stop on 'vivace' | 35.8 -> 0.1 km/h in 3.41 s over 7.3 m | achieved 2.91 m/s^2 mean, 12.67 peak | model says 5.0 m at 10.0 m/s^2 (1.47x) | pitch +0.8 deg
2026-08-09 17:24:12,562 INFO beamng_lidar_bev.worker: AEB: ARMED at -0.1 km/h | threat 3.5 m (brake-now 2.4, standoff 2.4, horizon 16.6) | required 0.0 m/s^2 ttc inf | k +0.0006 brake 0.00 | Watching an obstacle at 3.5 m (1 m before it acts)
2026-08-09 17:24:12,629 INFO beamng_lidar_bev.worker: AEB: STANDBY at -0.2 km/h | threat none (brake-now 2.4, standoff 2.4, horizon 8.4) | required 0.0 m/s^2 ttc inf | k +0.0000 brake 0.00 | Standing by below 7 km/h
2026-08-09 17:24:12,797 INFO beamng_lidar_bev.worker: REAR AEB: ARMED at 1.9 km/h | threat none (brake-now 2.9, standoff 2.8, horizon 8.8) | required 0.0 m/s^2 ttc inf | k -0.1041 brake 0.00 | Clear to 9 m
2026-08-09 17:24:14,520 INFO beamng_lidar_bev.worker: REAR AEB: STANDBY at 1.2 km/h | threat none (brake-now 2.9, standoff 2.8, horizon 8.8) | required 0.0 m/s^2 ttc inf | k +0.0000 brake 0.00 | Standing by below 2 km/h
2026-08-09 17:24:15,804 INFO beamng_lidar_bev.worker: AEB: ARMED at 7.6 km/h | threat none (brake-now 3.0, standoff 2.4, horizon 8.4) | required 0.0 m/s^2 ttc inf | k -0.0078 brake 0.00 | Clear to 8 m
2026-08-09 17:24:16,835 INFO beamng_lidar_bev.worker: AEB: STANDBY at 6.4 km/h | threat none (brake-now 2.9, standoff 2.4, horizon 8.4) | required 0.0 m/s^2 ttc inf | k +0.0000 brake 0.00 | Standing by below 7 km/h
2026-08-09 17:24:17,894 INFO beamng_lidar_bev.worker: AEB: ARMED at 7.3 km/h | threat 7.7 m (brake-now 3.0, standoff 2.4, horizon 8.4) | required 0.4 m/s^2 ttc 2.63s | k +0.0464 brake 0.00 | Watching an obstacle at 7.7 m (5 m before it acts)
2026-08-09 17:24:19,201 INFO beamng_lidar_bev.worker: AEB: STANDBY at 6.5 km/h | threat none (brake-now 2.9, standoff 2.4, horizon 8.4) | required 0.0 m/s^2 ttc inf | k +0.0000 brake 0.00 | Standing by below 7 km/h
2026-08-09 17:24:20,514 INFO beamng_lidar_bev.worker: AEB: ARMED at 7.3 km/h | threat none (brake-now 3.0, standoff 2.4, horizon 8.4) | required 0.0 m/s^2 ttc inf | k -0.0911 brake 0.00 | Clear to 8 m
2026-08-09 17:24:24,063 INFO beamng_lidar_bev.worker: AEB: STANDBY at 6.7 km/h | threat none (brake-now 2.9, standoff 2.4, horizon 8.4) | required 0.0 m/s^2 ttc inf | k +0.0000 brake 0.00 | Standing by below 7 km/h
2026-08-09 17:24:24,937 INFO beamng_lidar_bev.main_window: 3D scene build is over budget at 108.5 ms (tick is 40 ms), so WORLD is dropping frames. Control and AEB are unaffected -- they run on the BeamNG thread.
2026-08-09 17:24:25,352 INFO beamng_lidar_bev.worker: AEB: ARMED at 8.2 km/h | threat none (brake-now 3.1, standoff 2.4, horizon 8.4) | required 0.0 m/s^2 ttc inf | k +0.0008 brake 0.00 | Clear to 8 m
2026-08-09 17:24:27,742 INFO beamng_lidar_bev.worker: AEB: STANDBY at 7.2 km/h | threat none (brake-now 3.0, standoff 2.4, horizon 8.4) | required 0.0 m/s^2 ttc inf | k +0.0000 brake 0.00 | Standing by below 7 km/h
2026-08-09 17:24:28,189 INFO beamng_lidar_bev.worker: AEB: ARMED at 7.8 km/h | threat none (brake-now 3.1, standoff 2.4, horizon 8.4) | required 0.0 m/s^2 ttc inf | k +0.0003 brake 0.00 | Clear to 8 m
2026-08-09 17:24:37,936 INFO beamng_lidar_bev.worker: AEB: STANDBY at 6.9 km/h | threat none (brake-now 3.0, standoff 2.4, horizon 8.4) | required 0.0 m/s^2 ttc inf | k +0.0000 brake 0.00 | Standing by below 7 km/h
2026-08-09 17:24:39,485 INFO beamng_lidar_bev.worker: AEB: ARMED at 7.3 km/h | threat 5.1 m (brake-now 3.0, standoff 2.4, horizon 8.4) | required 0.8 m/s^2 ttc 1.32s | k -0.1667 brake 0.00 | Watching an obstacle at 5.1 m (2 m before it acts)
2026-08-09 17:24:39,671 INFO beamng_lidar_bev.worker: AEB: STANDBY at 7.1 km/h | threat none (brake-now 3.0, standoff 2.4, horizon 8.4) | required 0.0 m/s^2 ttc inf | k +0.0000 brake 0.00 | Standing by below 7 km/h
2026-08-09 17:24:39,967 INFO beamng_lidar_bev.main_window: 3D scene build is over budget at 71.4 ms (tick is 40 ms), so WORLD is dropping frames. Control and AEB are unaffected -- they run on the BeamNG thread.
2026-08-09 17:24:43,169 INFO beamng_lidar_bev.worker: AEB: ARMED at 7.2 km/h | threat 4.9 m (brake-now 3.0, standoff 2.4, horizon 8.4) | required 0.8 m/s^2 ttc 1.23s | k -0.1655 brake 0.00 | Watching an obstacle at 4.9 m (2 m before it acts)
2026-08-09 17:24:54,956 INFO beamng_lidar_bev.main_window: 3D scene build is over budget at 95.8 ms (tick is 40 ms), so WORLD is dropping frames. Control and AEB are unaffected -- they run on the BeamNG thread.
2026-08-09 17:24:55,384 INFO beamng_lidar_bev.worker: AEB: STANDBY at 6.7 km/h | threat none (brake-now 2.9, standoff 2.4, horizon 8.4) | required 0.0 m/s^2 ttc inf | k +0.0000 brake 0.00 | Standing by below 7 km/h
2026-08-09 17:24:55,606 INFO beamng_lidar_bev.worker: Brake measure: MANUAL stop on 'vivace' | 34.0 -> 1.5 km/h in 1.21 s over 5.7 m | achieved 7.44 m/s^2 mean, 11.93 peak | model says 4.5 m at 10.0 m/s^2 (1.28x) | pitch -0.4 deg
2026-08-09 17:24:58,011 INFO beamng_lidar_bev.worker: AEB: ARMED at 7.8 km/h | threat none (brake-now 3.1, standoff 2.4, horizon 8.4) | required 0.0 m/s^2 ttc inf | k -0.0114 brake 0.00 | Clear to 8 m
2026-08-09 17:25:00,216 INFO beamng_lidar_bev.worker: AEB: BRAKING at 56.6 km/h | threat 4.0 m (brake-now 18.6, standoff 2.4, horizon 34.8) | required 80.5 m/s^2 ttc 0.10s | k -0.0301 brake 1.00 | Impact in 0.1 s; full brake
2026-08-09 17:25:00,224 INFO beamng_lidar_bev.worker: AEB evidence: AEB at 4.0 m | 4366 returns spanning 0.37 m of height over 2.00 m of range (min 0.09, median 0.09, max 0.45 above the ego plane, floor 0.30) | measured ground rise 0.09 m, clamped to 0.00 | corridor 1.16 m half-width
2026-08-09 17:25:01,144 INFO beamng_lidar_bev.worker: Brake measure: AEB stop on 'vivace' | 56.6 -> 32.2 km/h in 0.93 s over 11.5 m | achieved 7.33 m/s^2 mean, 12.26 peak | model says 12.4 m at 10.0 m/s^2 (0.93x) | pitch -0.3 deg
2026-08-09 17:25:01,144 INFO beamng_lidar_bev.worker: AEB: ARMED at 32.2 km/h | threat 31.0 m (brake-now 8.3, standoff 2.4, horizon 34.8) | required 1.4 m/s^2 ttc 3.20s | k -0.0139 brake 0.00 | Watching an obstacle at 31.0 m (23 m before it acts)
2026-08-09 17:25:02,009 INFO beamng_lidar_bev.worker: AEB: BRAKING at 46.9 km/h | threat 12.1 m (brake-now 13.9, standoff 2.4, horizon 25.4) | required 8.8 m/s^2 ttc 0.74s | k +0.0011 brake 1.00 | Impact in 0.7 s; full brake
2026-08-09 17:25:02,017 INFO beamng_lidar_bev.worker: AEB evidence: AEB at 12.1 m | 599 returns spanning 0.70 m of height over 1.99 m of range (min 0.07, median 0.08, max 0.77 above the ego plane, floor 0.30) | measured ground rise 0.07 m, clamped to 0.03 | corridor 1.16 m half-width
2026-08-09 17:25:03,352 INFO beamng_lidar_bev.worker: Brake measure: AEB stop on 'vivace' | 46.9 -> 27.8 km/h in 1.34 s over 14.2 m | achieved 3.94 m/s^2 mean, 9.84 peak | model says 8.5 m at 10.0 m/s^2 (1.68x) | pitch +1.7 deg
2026-08-09 17:25:03,353 INFO beamng_lidar_bev.worker: AEB: ARMED at 27.8 km/h | threat 15.5 m (brake-now 7.0, standoff 2.4, horizon 25.4) | required 2.3 m/s^2 ttc 1.68s | k +0.0082 brake 0.00 | Watching an obstacle at 15.5 m (8 m before it acts)
2026-08-09 17:25:03,420 INFO beamng_lidar_bev.worker: AEB: BRAKING at 26.9 km/h | threat 0.2 m (brake-now 6.7, standoff 2.4, horizon 11.1) | required inf m/s^2 ttc 0.00s | k +0.0051 brake 1.00 | Impact in 0.0 s; full brake
2026-08-09 17:25:03,426 INFO beamng_lidar_bev.worker: AEB evidence: AEB at 0.2 m | 128 returns spanning 0.42 m of height over 0.17 m of range (min 0.08, median 0.08, max 0.50 above the ego plane, floor 0.30) | measured ground rise 0.07 m, clamped to 0.00 | corridor 1.16 m half-width
2026-08-09 17:25:03,762 INFO beamng_lidar_bev.worker: AEB: ARMED at 24.6 km/h | threat none (brake-now 6.1, standoff 2.4, horizon 11.1) | required 0.0 m/s^2 ttc inf | k -0.0015 brake 0.00 | Clear to 11 m
2026-08-09 17:25:04,335 INFO beamng_lidar_bev.worker: AEB: BRAKING at 34.4 km/h | threat 8.1 m (brake-now 9.0, standoff 2.4, horizon 15.6) | required 8.0 m/s^2 ttc 0.60s | k -0.0070 brake 1.00 | Impact in 0.6 s; full brake
2026-08-09 17:25:04,342 INFO beamng_lidar_bev.worker: AEB evidence: AEB at 8.1 m | 16920 returns spanning 2.07 m of height over 1.27 m of range (min 0.07, median 0.97, max 2.13 above the ego plane, floor 0.30) | measured ground rise 0.28 m, clamped to 0.00 | corridor 1.16 m half-width
2026-08-09 17:25:05,111 INFO beamng_lidar_bev.worker: REAR AEB: ARMED at 3.6 km/h | threat none (brake-now 3.1, standoff 2.8, horizon 8.8) | required 0.0 m/s^2 ttc inf | k +0.0077 brake 0.00 | Clear to 9 m
2026-08-09 17:25:05,427 INFO beamng_lidar_bev.worker: REAR AEB: STANDBY at 0.4 km/h | threat none (brake-now 2.9, standoff 2.8, horizon 8.8) | required 0.0 m/s^2 ttc inf | k +0.0000 brake 0.00 | Standing by below 2 km/h
2026-08-09 17:25:05,881 INFO beamng_lidar_bev.worker: Brake measure: AEB stop on 'vivace' | 34.4 -> 0.1 km/h in 1.55 s over 7.3 m | achieved 6.15 m/s^2 mean, 81.52 peak | model says 4.6 m at 10.0 m/s^2 (1.59x) | pitch +1.2 deg
2026-08-09 17:25:05,882 INFO beamng_lidar_bev.worker: AEB: ARMED at 0.1 km/h | threat 11.7 m (brake-now 2.4, standoff 2.4, horizon 15.6) | required 0.0 m/s^2 ttc 231.21s | k +0.1667 brake 0.00 | Watching an obstacle at 11.7 m (9 m before it acts)
2026-08-09 17:25:05,947 INFO beamng_lidar_bev.worker: AEB: STANDBY at 0.4 km/h | threat none (brake-now 2.5, standoff 2.4, horizon 8.4) | required 0.0 m/s^2 ttc inf | k +0.0000 brake 0.00 | Standing by below 7 km/h
2026-08-09 17:25:07,414 INFO beamng_lidar_bev.worker: AEB: ARMED at 7.8 km/h | threat none (brake-now 3.1, standoff 2.4, horizon 8.4) | required 0.0 m/s^2 ttc inf | k +0.1618 brake 0.00 | Clear to 8 m
2026-08-09 17:25:08,500 INFO beamng_lidar_bev.worker: AEB: BRAKING at 39.1 km/h | threat 10.2 m (brake-now 10.7, standoff 2.4, horizon 19.0) | required 7.6 m/s^2 ttc 0.71s | k +0.0339 brake 1.00 | Impact in 0.7 s; full brake
2026-08-09 17:25:08,503 INFO beamng_lidar_bev.worker: AEB evidence: AEB at 10.2 m | 910 returns spanning 0.37 m of height over 1.99 m of range (min 0.08, median 0.11, max 0.45 above the ego plane, floor 0.30) | measured ground rise 0.07 m, clamped to 0.00 | corridor 1.16 m half-width
2026-08-09 17:25:09,560 INFO beamng_lidar_bev.worker: Brake measure: AEB stop on 'vivace' | 39.1 -> 0.1 km/h in 1.06 s over 8.5 m | achieved 10.20 m/s^2 mean, 84.59 peak | model says 5.9 m at 10.0 m/s^2 (1.44x) | pitch +2.4 deg
2026-08-09 17:25:09,561 INFO beamng_lidar_bev.worker: AEB: ARMED at 0.1 km/h | threat none (brake-now 2.4, standoff 2.4, horizon 19.0) | required 0.0 m/s^2 ttc inf | k -0.1667 brake 0.00 | Clear to 19 m
2026-08-09 17:25:09,605 INFO beamng_lidar_bev.worker: AEB: STANDBY at 0.1 km/h | threat none (brake-now 2.4, standoff 2.4, horizon 8.4) | required 0.0 m/s^2 ttc inf | k +0.0000 brake 0.00 | Standing by below 7 km/h
2026-08-09 17:25:10,023 INFO beamng_lidar_bev.main_window: 3D scene build is over budget at 57.9 ms (tick is 40 ms), so WORLD is dropping frames. Control and AEB are unaffected -- they run on the BeamNG thread.
2026-08-09 17:25:10,484 INFO beamng_lidar_bev.worker: AEB: ARMED at 7.4 km/h | threat none (brake-now 3.0, standoff 2.4, horizon 8.4) | required 0.0 m/s^2 ttc inf | k +0.0922 brake 0.00 | Clear to 8 m
2026-08-09 17:25:11,020 INFO beamng_lidar_bev.worker: AEB: BRAKING at 21.0 km/h | threat 0.3 m (brake-now 5.3, standoff 2.4, horizon 8.4) | required inf m/s^2 ttc 0.00s | k +0.1667 brake 1.00 | Impact in 0.0 s; full brake
2026-08-09 17:25:11,023 INFO beamng_lidar_bev.worker: AEB evidence: AEB at 0.3 m | 132 returns spanning 0.36 m of height over 0.26 m of range (min 0.08, median 0.28, max 0.44 above the ego plane, floor 0.30) | measured ground rise 0.08 m, clamped to 0.00 | corridor 1.16 m half-width
2026-08-09 17:25:11,525 INFO beamng_lidar_bev.worker: Brake measure: AEB stop on 'vivace' | 21.0 -> 8.5 km/h in 0.51 s over 2.3 m | achieved 6.91 m/s^2 mean, 10.28 peak | model says 1.7 m at 10.0 m/s^2 (1.33x) | pitch +1.4 deg
2026-08-09 17:25:11,526 INFO beamng_lidar_bev.worker: AEB: ARMED at 8.5 km/h | threat 4.3 m (brake-now 3.1, standoff 2.4, horizon 8.4) | required 1.5 m/s^2 ttc 0.78s | k +0.1456 brake 0.00 | Watching an obstacle at 4.3 m (1 m before it acts)
2026-08-09 17:25:12,792 INFO beamng_lidar_bev.worker: AEB: BRAKING at 28.2 km/h | threat 2.2 m (brake-now 7.1, standoff 2.4, horizon 11.8) | required inf m/s^2 ttc 0.00s | k +0.0960 brake 1.00 | Impact in 0.0 s; full brake
2026-08-09 17:25:12,797 INFO beamng_lidar_bev.worker: AEB evidence: AEB at 2.2 m | 10796 returns spanning 1.52 m of height over 2.00 m of range (min 0.10, median 0.10, max 1.61 above the ego plane, floor 0.30) | measured ground rise 0.13 m, clamped to 0.00 | corridor 1.16 m half-width
2026-08-09 17:25:13,094 INFO beamng_lidar_bev.worker: Brake measure: AEB stop on 'vivace' | 28.2 -> 9.3 km/h in 0.30 s over 1.4 m | achieved 17.40 m/s^2 mean, 40.35 peak | model says 3.1 m at 10.0 m/s^2 (0.46x) | pitch +0.1 deg
2026-08-09 17:25:13,095 INFO beamng_lidar_bev.worker: AEB: ARMED at 9.3 km/h | threat 4.0 m (brake-now 3.2, standoff 2.4, horizon 11.8) | required 2.1 m/s^2 ttc 0.61s | k -0.1145 brake 0.00 | Watching an obstacle at 4.0 m (1 m before it acts)
2026-08-09 17:25:13,273 INFO beamng_lidar_bev.worker: AEB: STANDBY at 6.6 km/h | threat none (brake-now 2.9, standoff 2.4, horizon 8.4) | required 0.0 m/s^2 ttc inf | k +0.0000 brake 0.00 | Standing by below 7 km/h
2026-08-09 17:25:13,589 INFO beamng_lidar_bev.worker: AEB: ARMED at 7.4 km/h | threat none (brake-now 3.0, standoff 2.4, horizon 8.4) | required 0.0 m/s^2 ttc inf | k +0.1298 brake 0.00 | Clear to 8 m
2026-08-09 17:25:14,232 INFO beamng_lidar_bev.worker: AEB: STANDBY at -0.1 km/h | threat none (brake-now 2.4, standoff 2.4, horizon 8.4) | required 0.0 m/s^2 ttc inf | k +0.0000 brake 0.00 | Standing by below 7 km/h
2026-08-09 17:25:17,340 INFO beamng_lidar_bev.worker: AEB: ARMED at 8.0 km/h | threat 1.4 m (brake-now 3.1, standoff 2.4, horizon 8.4) | required inf m/s^2 ttc 0.00s | k +0.0007 brake 0.00 | Watching an obstacle at 1.4 m (0 m before it acts)
2026-08-09 17:25:17,463 INFO beamng_lidar_bev.worker: AEB: BRAKING at 11.5 km/h | threat 1.1 m (brake-now 3.5, standoff 2.4, horizon 8.4) | required inf m/s^2 ttc 0.00s | k +0.0009 brake 1.00 | Impact in 0.0 s; full brake
2026-08-09 17:25:17,466 INFO beamng_lidar_bev.worker: AEB evidence: AEB at 1.1 m | 303 returns spanning 0.36 m of height over 0.54 m of range (min 0.02, median 0.11, max 0.38 above the ego plane, floor 0.30) | measured ground rise 0.00 m, clamped to 0.00 | corridor 1.16 m half-width
2026-08-09 17:25:17,909 INFO beamng_lidar_bev.worker: AEB: ARMED at 3.0 km/h | threat none (brake-now 2.6, standoff 2.4, horizon 8.4) | required 0.0 m/s^2 ttc inf | k +0.0018 brake 0.00 | Clear to 8 m
2026-08-09 17:25:17,963 INFO beamng_lidar_bev.worker: AEB: STANDBY at 1.5 km/h | threat none (brake-now 2.5, standoff 2.4, horizon 8.4) | required 0.0 m/s^2 ttc inf | k +0.0000 brake 0.00 | Standing by below 7 km/h
2026-08-09 17:25:23,308 INFO beamng_lidar_bev.worker: AEB: ARMED at 7.2 km/h | threat none (brake-now 3.0, standoff 2.4, horizon 8.4) | required 0.0 m/s^2 ttc inf | k +0.0021 brake 0.00 | Clear to 8 m
2026-08-09 17:25:25,063 INFO beamng_lidar_bev.main_window: 3D scene build is over budget at 76.3 ms (tick is 40 ms), so WORLD is dropping frames. Control and AEB are unaffected -- they run on the BeamNG thread.
2026-08-09 17:25:29,040 INFO beamng_lidar_bev.worker: Brake measure: MANUAL stop on 'vivace' | 119.9 -> 108.6 km/h in 0.80 s over 25.3 m | achieved 3.90 m/s^2 mean, 6.09 peak | model says 55.4 m at 10.0 m/s^2 (0.46x) | pitch -0.3 deg
2026-08-09 17:25:30,344 INFO beamng_lidar_bev.worker: AEB: BRAKING at 102.6 km/h | threat 51.6 m (brake-now 51.8, standoff 2.4, horizon 101.2) | required 8.3 m/s^2 ttc 1.73s | k +0.0001 brake 1.00 | Impact in 1.7 s; full brake
2026-08-09 17:25:30,347 INFO beamng_lidar_bev.worker: AEB evidence: AEB at 51.6 m | 318 returns spanning 2.48 m of height over 1.93 m of range (min 0.08, median 1.27, max 2.56 above the ego plane, floor 0.30) | measured ground rise 0.37 m, clamped to 0.37 | corridor 1.16 m half-width
2026-08-09 17:25:38,310 INFO beamng_lidar_bev.worker: Brake measure: AEB stop on 'vivace' | 102.6 -> 0.0 km/h in 7.97 s over 46.5 m | achieved 3.58 m/s^2 mean, 11.49 peak | model says 40.6 m at 10.0 m/s^2 (1.15x) | pitch +0.3 deg
2026-08-09 17:25:38,310 INFO beamng_lidar_bev.worker: AEB: ARMED at 0.0 km/h | threat 5.6 m (brake-now 2.4, standoff 2.4, horizon 101.2) | required 0.0 m/s^2 ttc 283.36s | k +0.0020 brake 0.00 | Watching an obstacle at 5.6 m (3 m before it acts)
2026-08-09 17:25:38,375 INFO beamng_lidar_bev.worker: AEB: STANDBY at 0.0 km/h | threat none (brake-now 2.4, standoff 2.4, horizon 8.4) | required 0.0 m/s^2 ttc inf | k +0.0000 brake 0.00 | Standing by below 7 km/h
2026-08-09 17:25:40,054 INFO beamng_lidar_bev.main_window: 3D scene build is over budget at 50.9 ms (tick is 40 ms), so WORLD is dropping frames. Control and AEB are unaffected -- they run on the BeamNG thread.
2026-08-09 17:25:40,122 INFO beamng_lidar_bev.worker: AEB: ARMED at 7.2 km/h | threat none (brake-now 3.0, standoff 2.4, horizon 8.4) | required 0.0 m/s^2 ttc inf | k -0.1667 brake 0.00 | Clear to 8 m
2026-08-09 17:25:40,232 INFO beamng_lidar_bev.worker: AEB: STANDBY at 7.1 km/h | threat none (brake-now 3.0, standoff 2.4, horizon 8.4) | required 0.0 m/s^2 ttc inf | k +0.0000 brake 0.00 | Standing by below 7 km/h
2026-08-09 17:25:40,960 INFO beamng_lidar_bev.worker: AEB: ARMED at 7.8 km/h | threat none (brake-now 3.1, standoff 2.4, horizon 8.4) | required 0.0 m/s^2 ttc inf | k -0.0935 brake 0.00 | Clear to 8 m
2026-08-09 17:25:49,013 INFO beamng_lidar_bev.worker: AEB: BRAKING at 101.9 km/h | threat 33.4 m (brake-now 51.2, standoff 2.4, horizon 99.9) | required 12.9 m/s^2 ttc 1.09s | k +0.0051 brake 1.00 | Impact in 1.1 s; full brake
2026-08-09 17:25:49,017 INFO beamng_lidar_bev.worker: AEB evidence: AEB at 33.4 m | 120 returns spanning 1.96 m of height over 1.94 m of range (min 0.07, median 1.03, max 2.03 above the ego plane, floor 0.30) | measured ground rise 0.07 m, clamped to 0.07 | corridor 1.16 m half-width
2026-08-09 17:25:49,320 INFO beamng_lidar_bev.worker: AEB: ARMED at 95.8 km/h | threat none (brake-now 45.8, standoff 2.4, horizon 99.9) | required 0.0 m/s^2 ttc inf | k +0.0003 brake 0.00 | Clear to 100 m
2026-08-09 17:25:50,885 INFO beamng_lidar_bev.worker: AEB: BRAKING at 95.3 km/h | threat 32.5 m (brake-now 45.3, standoff 2.4, horizon 88.2) | required 11.6 m/s^2 ttc 1.14s | k +0.0042 brake 1.00 | Impact in 1.1 s; full brake
2026-08-09 17:25:50,888 INFO beamng_lidar_bev.worker: AEB evidence: AEB at 32.5 m | 131 returns spanning 1.98 m of height over 1.94 m of range (min 0.04, median 0.83, max 2.02 above the ego plane, floor 0.30) | measured ground rise 0.04 m, clamped to 0.04 | corridor 1.16 m half-width
2026-08-09 17:25:51,186 INFO beamng_lidar_bev.worker: AEB: ARMED at 89.5 km/h | threat none (brake-now 40.5, standoff 2.4, horizon 88.2) | required 0.0 m/s^2 ttc inf | k -0.0006 brake 0.00 | Clear to 88 m
2026-08-09 17:25:53,035 INFO beamng_lidar_bev.worker: AEB: BRAKING at 98.7 km/h | threat 46.2 m (brake-now 48.3, standoff 2.4, horizon 94.2) | required 8.6 m/s^2 ttc 1.60s | k -0.0007 brake 1.00 | Impact in 1.6 s; full brake
2026-08-09 17:25:53,039 INFO beamng_lidar_bev.worker: AEB evidence: AEB at 46.2 m | 103 returns spanning 1.41 m of height over 1.98 m of range (min 0.08, median 1.08, max 1.49 above the ego plane, floor 0.30) | measured ground rise 0.77 m, clamped to 0.54 | corridor 1.16 m half-width
2026-08-09 17:25:57,224 INFO beamng_lidar_bev.worker: REAR AEB: ARMED at 2.9 km/h | threat none (brake-now 3.0, standoff 2.8, horizon 8.8) | required 0.0 m/s^2 ttc inf | k +0.0042 brake 0.00 | Clear to 9 m
2026-08-09 17:25:57,797 INFO beamng_lidar_bev.worker: REAR AEB: STANDBY at 1.5 km/h | threat none (brake-now 2.9, standoff 2.8, horizon 8.8) | required 0.0 m/s^2 ttc inf | k +0.0000 brake 0.00 | Standing by below 2 km/h
2026-08-09 17:26:01,574 INFO beamng_lidar_bev.worker: REAR AEB: ARMED at 2.5 km/h | threat none (brake-now 3.0, standoff 2.8, horizon 8.8) | required 0.0 m/s^2 ttc inf | k -0.0003 brake 0.00 | Clear to 9 m
2026-08-09 17:26:01,688 INFO beamng_lidar_bev.worker: REAR AEB: STANDBY at 1.3 km/h | threat none (brake-now 2.9, standoff 2.8, horizon 8.8) | required 0.0 m/s^2 ttc inf | k +0.0000 brake 0.00 | Standing by below 2 km/h
2026-08-09 17:26:04,062 INFO beamng_lidar_bev.worker: REAR AEB: ARMED at 2.4 km/h | threat none (brake-now 3.0, standoff 2.8, horizon 8.8) | required 0.0 m/s^2 ttc inf | k -0.0018 brake 0.00 | Clear to 9 m
2026-08-09 17:26:04,293 INFO beamng_lidar_bev.worker: REAR AEB: STANDBY at 0.5 km/h | threat none (brake-now 2.9, standoff 2.8, horizon 8.8) | required 0.0 m/s^2 ttc inf | k +0.0000 brake 0.00 | Standing by below 2 km/h
2026-08-09 17:26:05,157 INFO beamng_lidar_bev.worker: REAR AEB: ARMED at 1.9 km/h | threat none (brake-now 2.9, standoff 2.8, horizon 8.8) | required 0.0 m/s^2 ttc inf | k -0.0090 brake 0.00 | Clear to 9 m
2026-08-09 17:26:05,440 INFO beamng_lidar_bev.worker: REAR AEB: STANDBY at 1.6 km/h | threat none (brake-now 2.9, standoff 2.8, horizon 8.8) | required 0.0 m/s^2 ttc inf | k +0.0000 brake 0.00 | Standing by below 2 km/h
2026-08-09 17:26:07,480 INFO beamng_lidar_bev.worker: Brake measure: AEB stop on 'vivace' | 98.7 -> 0.1 km/h in 14.45 s over 43.2 m | achieved 1.90 m/s^2 mean, 11.34 peak | model says 37.6 m at 10.0 m/s^2 (1.15x) | pitch +0.7 deg
2026-08-09 17:26:07,480 INFO beamng_lidar_bev.worker: AEB: ARMED at -0.1 km/h | threat 4.3 m (brake-now 2.4, standoff 2.4, horizon 94.2) | required 0.0 m/s^2 ttc inf | k +0.0001 brake 0.00 | Watching an obstacle at 4.3 m (2 m before it acts)
2026-08-09 17:26:07,543 INFO beamng_lidar_bev.worker: AEB: STANDBY at 0.1 km/h | threat none (brake-now 2.4, standoff 2.4, horizon 8.4) | required 0.0 m/s^2 ttc inf | k +0.0000 brake 0.00 | Standing by below 7 km/h
2026-08-09 17:26:09,242 INFO beamng_lidar_bev.worker: REAR AEB: ARMED at 2.6 km/h | threat none (brake-now 3.0, standoff 2.8, horizon 8.8) | required 0.0 m/s^2 ttc inf | k +0.0006 brake 0.00 | Clear to 9 m
2026-08-09 17:26:24,196 INFO beamng_lidar_bev.main_window: 3D scene build is over budget at 41.9 ms (tick is 40 ms), so WORLD is dropping frames. Control and AEB are unaffected -- they run on the BeamNG thread.
2026-08-09 17:26:24,802 INFO beamng_lidar_bev.worker: REAR AEB: BRAKING at 55.8 km/h | threat 24.2 m (brake-now 24.9, standoff 2.8, horizon 46.9) | required 5.6 m/s^2 ttc 1.37s | k -0.0000 brake 1.00 | Impact in 1.4 s; full brake
2026-08-09 17:26:24,808 INFO beamng_lidar_bev.worker: AEB evidence: REAR AEB at 24.2 m | 112 returns spanning 2.52 m of height over 0.06 m of range (min 0.11, median 1.37, max 2.64 above the ego plane, floor 0.30) | measured ground rise 0.07 m, clamped to 0.07 | corridor 1.16 m half-width
2026-08-09 17:26:30,519 INFO beamng_lidar_bev.worker: Brake measure: REAR AEB stop on 'vivace' | 55.8 -> 0.0 km/h in 5.72 s over 18.7 m | achieved 2.71 m/s^2 mean, 8.02 peak | model says 17.7 m at 6.8 m/s^2 (1.06x) | pitch +0.8 deg
2026-08-09 17:26:30,520 INFO beamng_lidar_bev.worker: REAR AEB: ARMED at 0.0 km/h | threat 6.3 m (brake-now 2.8, standoff 2.8, horizon 46.9) | required 0.0 m/s^2 ttc 586.45s | k -0.0082 brake 0.00 | Watching an obstacle at 6.3 m (3 m before it acts)
2026-08-09 17:26:30,588 INFO beamng_lidar_bev.worker: REAR AEB: STANDBY at -0.2 km/h | threat none (brake-now 2.8, standoff 2.8, horizon 8.8) | required 0.0 m/s^2 ttc inf | k +0.0000 brake 0.00 | Standing by below 2 km/h
2026-08-09 17:26:31,949 INFO beamng_lidar_bev.worker: AEB: ARMED at 8.0 km/h | threat none (brake-now 3.1, standoff 2.4, horizon 8.4) | required 0.0 m/s^2 ttc inf | k -0.1667 brake 0.00 | Clear to 8 m
2026-08-09 17:26:36,673 INFO beamng_lidar_bev.worker: AEB: BRAKING at 83.0 km/h | threat 34.2 m (brake-now 35.5, standoff 2.4, horizon 68.5) | required 8.4 m/s^2 ttc 1.38s | k +0.0051 brake 1.00 | Impact in 1.4 s; full brake
2026-08-09 17:26:36,689 INFO beamng_lidar_bev.worker: AEB evidence: AEB at 34.2 m | 577 returns spanning 5.17 m of height over 1.96 m of range (min 0.08, median 1.70, max 5.24 above the ego plane, floor 0.30) | measured ground rise 0.62 m, clamped to 0.36 | corridor 1.16 m half-width
2026-08-09 17:26:39,219 INFO beamng_lidar_bev.main_window: 3D scene build is over budget at 74.8 ms (tick is 40 ms), so WORLD is dropping frames. Control and AEB are unaffected -- they run on the BeamNG thread.
2026-08-09 17:26:41,674 INFO beamng_lidar_bev.worker: Brake measure: AEB stop on 'vivace' | 83.0 -> 0.8 km/h in 5.00 s over 36.3 m | achieved 4.56 m/s^2 mean, 12.81 peak | model says 26.6 m at 10.0 m/s^2 (1.37x) | pitch +2.0 deg
2026-08-09 17:26:41,675 INFO beamng_lidar_bev.worker: AEB: ARMED at -0.8 km/h | threat 39.8 m (brake-now 2.4, standoff 2.4, horizon 68.5) | required 0.0 m/s^2 ttc inf | k +0.0086 brake 0.00 | Watching an obstacle at 39.8 m (37 m before it acts)
2026-08-09 17:26:41,739 INFO beamng_lidar_bev.worker: AEB: STANDBY at -0.7 km/h | threat none (brake-now 2.4, standoff 2.4, horizon 8.4) | required 0.0 m/s^2 ttc inf | k +0.0000 brake 0.00 | Standing by below 7 km/h
2026-08-09 17:26:42,851 INFO beamng_lidar_bev.worker: AEB: ARMED at 8.3 km/h | threat none (brake-now 3.1, standoff 2.4, horizon 8.4) | required 0.0 m/s^2 ttc inf | k +0.0181 brake 0.00 | Clear to 8 m
2026-08-09 17:26:48,524 INFO beamng_lidar_bev.worker: Brake measure: MANUAL stop on 'vivace' | 51.9 -> 32.0 km/h in 1.23 s over 13.8 m | achieved 4.49 m/s^2 mean, 7.29 peak | model says 10.4 m at 10.0 m/s^2 (1.33x) | pitch +0.0 deg
2026-08-09 17:26:51,665 INFO beamng_lidar_bev.worker: AEB: BRAKING at 46.3 km/h | threat 13.6 m (brake-now 13.7, standoff 2.4, horizon 24.9) | required 7.4 m/s^2 ttc 0.87s | k -0.0154 brake 1.00 | Impact in 0.9 s; full brake
2026-08-09 17:26:51,670 INFO beamng_lidar_bev.worker: AEB evidence: AEB at 13.6 m | 2124 returns spanning 2.58 m of height over 1.99 m of range (min 0.08, median 0.97, max 2.67 above the ego plane, floor 0.30) | measured ground rise 0.10 m, clamped to 0.06 | corridor 1.16 m half-width
2026-08-09 17:26:54,257 INFO beamng_lidar_bev.main_window: 3D scene build is over budget at 66.7 ms (tick is 40 ms), so WORLD is dropping frames. Control and AEB are unaffected -- they run on the BeamNG thread.
2026-08-09 17:26:59,613 INFO beamng_lidar_bev.worker: Brake measure: AEB stop on 'vivace' | 46.3 -> 0.3 km/h in 7.95 s over 12.6 m | achieved 1.61 m/s^2 mean, 10.73 peak | model says 8.3 m at 10.0 m/s^2 (1.52x) | pitch -0.2 deg
2026-08-09 17:26:59,613 INFO beamng_lidar_bev.worker: AEB: ARMED at 0.3 km/h | threat 3.5 m (brake-now 2.5, standoff 2.4, horizon 24.9) | required 0.0 m/s^2 ttc 14.09s | k -0.0040 brake 0.00 | Watching an obstacle at 3.5 m (1 m before it acts)
2026-08-09 17:26:59,689 INFO beamng_lidar_bev.worker: AEB: STANDBY at 0.3 km/h | threat none (brake-now 2.5, standoff 2.4, horizon 8.4) | required 0.0 m/s^2 ttc inf | k +0.0000 brake 0.00 | Standing by below 7 km/h
2026-08-09 17:27:00,228 INFO beamng_lidar_bev.worker: AEB: ARMED at 7.7 km/h | threat none (brake-now 3.0, standoff 2.4, horizon 8.4) | required 0.0 m/s^2 ttc inf | k -0.1667 brake 0.00 | Clear to 8 m
2026-08-09 17:27:03,567 INFO beamng_lidar_bev.worker: AEB: BRAKING at 82.3 km/h | threat 32.5 m (brake-now 35.0, standoff 2.4, horizon 67.5) | required 8.7 m/s^2 ttc 1.31s | k +0.0048 brake 1.00 | Impact in 1.3 s; full brake
2026-08-09 17:27:03,572 INFO beamng_lidar_bev.worker: AEB evidence: AEB at 32.5 m | 218 returns spanning 4.05 m of height over 1.93 m of range (min 0.06, median 1.42, max 4.11 above the ego plane, floor 0.30) | measured ground rise 0.15 m, clamped to 0.15 | corridor 1.16 m half-width
2026-08-09 17:27:03,887 INFO beamng_lidar_bev.worker: AEB: ARMED at 76.7 km/h | threat none (brake-now 30.9, standoff 2.4, horizon 67.5) | required 0.0 m/s^2 ttc inf | k +0.0000 brake 0.00 | Clear to 68 m
2026-08-09 17:27:04,690 INFO beamng_lidar_bev.worker: AEB: BRAKING at 78.1 km/h | threat 27.7 m (brake-now 31.9, standoff 2.4, horizon 61.4) | required 9.3 m/s^2 ttc 1.16s | k +0.0043 brake 1.00 | Impact in 1.2 s; full brake
2026-08-09 17:27:04,696 INFO beamng_lidar_bev.worker: AEB evidence: AEB at 27.7 m | 257 returns spanning 4.04 m of height over 1.97 m of range (min 0.08, median 1.29, max 4.12 above the ego plane, floor 0.30) | measured ground rise 0.18 m, clamped to 0.18 | corridor 1.16 m half-width
2026-08-09 17:27:05,099 INFO beamng_lidar_bev.worker: AEB: ARMED at 71.6 km/h | threat none (brake-now 27.5, standoff 2.4, horizon 61.4) | required 0.0 m/s^2 ttc inf | k +0.0005 brake 0.00 | Clear to 61 m
2026-08-09 17:27:07,231 INFO beamng_lidar_bev.worker: AEB: BRAKING at 87.2 km/h | threat 37.9 m (brake-now 38.7, standoff 2.4, horizon 75.0) | required 8.3 m/s^2 ttc 1.46s | k -0.0004 brake 1.00 | Impact in 1.5 s; full brake
2026-08-09 17:27:07,235 INFO beamng_lidar_bev.worker: AEB evidence: AEB at 37.9 m | 94 returns spanning 0.18 m of height over 1.85 m of range (min 0.31, median 0.39, max 0.49 above the ego plane, floor 0.30) | measured ground rise -4.47 m, clamped to 0.00 | corridor 1.16 m half-width
2026-08-09 17:27:09,302 INFO beamng_lidar_bev.main_window: 3D scene build is over budget at 74.7 ms (tick is 40 ms), so WORLD is dropping frames. Control and AEB are unaffected -- they run on the BeamNG thread.
2026-08-09 17:27:15,087 INFO beamng_lidar_bev.worker: Brake measure: AEB stop on 'vivace' | 87.2 -> 0.0 km/h in 7.86 s over 45.8 m | achieved 3.08 m/s^2 mean, 12.50 peak | model says 29.4 m at 10.0 m/s^2 (1.56x) | pitch +0.2 deg
2026-08-09 17:27:15,089 INFO beamng_lidar_bev.worker: AEB: ARMED at -0.0 km/h | threat 2.1 m (brake-now 2.4, standoff 2.4, horizon 75.0) | required inf m/s^2 ttc 0.00s | k -0.0001 brake 0.00 | Watching an obstacle at 2.1 m (0 m before it acts)
2026-08-09 17:27:15,150 INFO beamng_lidar_bev.worker: AEB: STANDBY at -0.1 km/h | threat none (brake-now 2.4, standoff 2.4, horizon 8.4) | required 0.0 m/s^2 ttc inf | k +0.0000 brake 0.00 | Standing by below 7 km/h
2026-08-09 17:27:16,338 INFO beamng_lidar_bev.worker: AEB: ARMED at 7.6 km/h | threat 2.2 m (brake-now 3.0, standoff 2.4, horizon 8.4) | required inf m/s^2 ttc 0.00s | k +0.0001 brake 0.00 | Watching an obstacle at 2.2 m (0 m before it acts)
2026-08-09 17:27:16,376 INFO beamng_lidar_bev.worker: AEB: BRAKING at 8.1 km/h | threat 2.2 m (brake-now 3.1, standoff 2.4, horizon 8.4) | required inf m/s^2 ttc 0.00s | k +0.0010 brake 1.00 | Impact in 0.0 s; full brake
2026-08-09 17:27:16,382 INFO beamng_lidar_bev.worker: AEB evidence: AEB at 2.2 m | 17111 returns spanning 0.29 m of height over 1.99 m of range (min 0.11, median 0.33, max 0.40 above the ego plane, floor 0.30) | measured ground rise -0.12 m, clamped to 0.00 | corridor 1.16 m half-width
2026-08-09 17:27:18,750 INFO beamng_lidar_bev.worker: AEB: ARMED at -0.3 km/h | threat 2.1 m (brake-now 2.4, standoff 2.4, horizon 8.4) | required inf m/s^2 ttc 0.00s | k -0.0000 brake 0.00 | Watching an obstacle at 2.1 m (0 m before it acts)
2026-08-09 17:27:18,820 INFO beamng_lidar_bev.worker: AEB: STANDBY at -0.2 km/h | threat none (brake-now 2.4, standoff 2.4, horizon 8.4) | required 0.0 m/s^2 ttc inf | k +0.0000 brake 0.00 | Standing by below 7 km/h
2026-08-09 17:27:19,478 INFO beamng_lidar_bev.worker: AEB disabled: Emergency braking disabled
2026-08-09 17:27:19,480 INFO beamng_lidar_bev.main_window: Emergency braking disabled
2026-08-09 17:27:24,092 INFO beamng_lidar_bev.worker: Brake measure: MANUAL stop on 'vivace' | 50.9 -> 30.3 km/h in 0.79 s over 8.5 m | achieved 7.25 m/s^2 mean, 14.77 peak | model says 10.0 m at 10.0 m/s^2 (0.85x) | pitch +5.6 deg
2026-08-09 17:27:24,304 INFO beamng_lidar_bev.main_window: 3D scene build is over budget at 103.0 ms (tick is 40 ms), so WORLD is dropping frames. Control and AEB are unaffected -- they run on the BeamNG thread.
2026-08-09 17:27:27,596 INFO beamng_lidar_bev.worker: Brake measure: MANUAL stop on 'vivace' | 71.9 -> 35.3 km/h in 1.37 s over 19.0 m | achieved 7.44 m/s^2 mean, 11.40 peak | model says 20.0 m at 10.0 m/s^2 (0.95x) | pitch +0.4 deg
2026-08-09 17:27:33,267 INFO beamng_lidar_bev.worker: Brake measure: MANUAL stop on 'vivace' | 48.7 -> 36.3 km/h in 0.80 s over 9.2 m | achieved 4.30 m/s^2 mean, 6.02 peak | model says 9.2 m at 10.0 m/s^2 (1.01x) | pitch -0.6 deg
2026-08-09 17:27:34,022 INFO beamng_lidar_bev.worker: Brake measure: MANUAL stop on 'vivace' | 36.2 -> 22.7 km/h in 0.45 s over 3.6 m | achieved 8.38 m/s^2 mean, 13.51 peak | model says 5.1 m at 10.0 m/s^2 (0.71x) | pitch -0.5 deg
2026-08-09 17:27:36,924 INFO beamng_lidar_bev.worker: Brake measure: MANUAL stop on 'vivace' | 43.3 -> 26.1 km/h in 0.66 s over 6.0 m | achieved 7.28 m/s^2 mean, 13.29 peak | model says 7.2 m at 10.0 m/s^2 (0.83x) | pitch +0.0 deg
2026-08-09 17:27:39,384 INFO beamng_lidar_bev.main_window: 3D scene build is over budget at 97.6 ms (tick is 40 ms), so WORLD is dropping frames. Control and AEB are unaffected -- they run on the BeamNG thread.
2026-08-09 17:27:41,335 INFO beamng_lidar_bev.worker: Brake measure: MANUAL stop on 'vivace' | 41.6 -> 21.3 km/h in 0.71 s over 5.8 m | achieved 7.96 m/s^2 mean, 13.85 peak | model says 6.7 m at 10.0 m/s^2 (0.88x) | pitch -0.3 deg
2026-08-09 17:27:47,356 INFO beamng_lidar_bev.worker: Brake measure: MANUAL stop on 'vivace' | 57.5 -> 16.6 km/h in 1.60 s over 14.6 m | achieved 7.10 m/s^2 mean, 14.59 peak | model says 12.8 m at 10.0 m/s^2 (1.15x) | pitch -5.9 deg
2026-08-09 17:27:54,387 INFO beamng_lidar_bev.main_window: 3D scene build is over budget at 140.7 ms (tick is 40 ms), so WORLD is dropping frames. Control and AEB are unaffected -- they run on the BeamNG thread.
2026-08-09 17:28:07,345 INFO beamng_lidar_bev.worker: Brake measure: MANUAL stop on 'vivace' | 120.3 -> 19.9 km/h in 5.47 s over 109.8 m | achieved 5.10 m/s^2 mean, 13.73 peak | model says 55.8 m at 10.0 m/s^2 (1.97x) | pitch -1.6 deg
2026-08-09 17:28:09,477 INFO beamng_lidar_bev.main_window: 3D scene build is over budget at 154.2 ms (tick is 40 ms), so WORLD is dropping frames. Control and AEB are unaffected -- they run on the BeamNG thread.
2026-08-09 17:28:15,389 INFO beamng_lidar_bev.worker: Brake measure: MANUAL stop on 'vivace' | 78.6 -> 42.0 km/h in 2.21 s over 34.9 m | achieved 4.60 m/s^2 mean, 7.42 peak | model says 23.9 m at 10.0 m/s^2 (1.47x) | pitch +8.4 deg
2026-08-09 17:28:22,111 INFO beamng_lidar_bev.worker: Brake measure: MANUAL stop on 'vivace' | 105.3 -> 0.6 km/h in 4.17 s over 52.8 m | achieved 6.97 m/s^2 mean, 17.50 peak | model says 42.8 m at 10.0 m/s^2 (1.23x) | pitch +2.6 deg
2026-08-09 17:28:22,291 INFO beamng_lidar_bev.worker: REAR AEB: ARMED at 2.4 km/h | threat 0.9 m (brake-now 3.0, standoff 2.8, horizon 8.8) | required inf m/s^2 ttc 0.00s | k +0.0320 brake 0.00 | Watching an obstacle at 0.9 m (0 m before it acts)
2026-08-09 17:28:22,379 INFO beamng_lidar_bev.worker: REAR AEB: BRAKING at 3.0 km/h | threat 0.9 m (brake-now 3.0, standoff 2.8, horizon 8.8) | required inf m/s^2 ttc 0.00s | k +0.0191 brake 1.00 | Impact in 0.0 s; full brake
2026-08-09 17:28:22,384 INFO beamng_lidar_bev.worker: AEB evidence: REAR AEB at 0.9 m | 2602 returns spanning 0.36 m of height over 0.63 m of range (min 0.12, median 0.21, max 0.48 above the ego plane, floor 0.30) | measured ground rise 0.26 m, clamped to 0.00 | corridor 1.16 m half-width
2026-08-09 17:28:22,804 INFO beamng_lidar_bev.worker: REAR AEB: ARMED at 0.1 km/h | threat 3.0 m (brake-now 2.8, standoff 2.8, horizon 8.8) | required 0.0 m/s^2 ttc 12.18s | k -0.0088 brake 0.00 | Watching an obstacle at 3.0 m (0 m before it acts)
2026-08-09 17:28:22,883 INFO beamng_lidar_bev.worker: REAR AEB: STANDBY at -0.0 km/h | threat none (brake-now 2.8, standoff 2.8, horizon 8.8) | required 0.0 m/s^2 ttc inf | k +0.0000 brake 0.00 | Standing by below 2 km/h
2026-08-09 17:28:24,597 INFO beamng_lidar_bev.main_window: 3D scene build is over budget at 156.5 ms (tick is 40 ms), so WORLD is dropping frames. Control and AEB are unaffected -- they run on the BeamNG thread.
2026-08-09 17:28:24,917 INFO beamng_lidar_bev.worker: REAR AEB disabled: Reverse AEB disabled
2026-08-09 17:28:24,919 INFO beamng_lidar_bev.main_window: Reverse AEB disabled
2026-08-09 17:28:29,504 INFO beamng_lidar_bev.worker: Brake measure: MANUAL REVERSE stop on 'vivace' | 22.4 -> 1.0 km/h in 0.76 s over 2.8 m | achieved 7.79 m/s^2 mean, 13.25 peak | model says 2.9 m at 6.8 m/s^2 (0.98x) | pitch +8.3 deg
2026-08-09 17:28:32,606 INFO beamng_lidar_bev.worker: Brake measure: MANUAL stop on 'vivace' | 41.0 -> 22.7 km/h in 1.22 s over 10.6 m | achieved 4.15 m/s^2 mean, 6.98 peak | model says 6.5 m at 10.0 m/s^2 (1.63x) | pitch +1.3 deg
2026-08-09 17:28:39,672 INFO beamng_lidar_bev.main_window: 3D scene build is over budget at 106.4 ms (tick is 40 ms), so WORLD is dropping frames. Control and AEB are unaffected -- they run on the BeamNG thread.
2026-08-09 17:28:54,720 INFO beamng_lidar_bev.main_window: 3D scene build is over budget at 121.3 ms (tick is 40 ms), so WORLD is dropping frames. Control and AEB are unaffected -- they run on the BeamNG thread.
2026-08-09 17:28:58,131 INFO beamng_lidar_bev.worker: Brake measure: MANUAL stop on 'vivace' | 25.2 -> 0.4 km/h in 0.78 s over 2.4 m | achieved 8.80 m/s^2 mean, 19.55 peak | model says 2.4 m at 10.0 m/s^2 (0.99x) | pitch -10.4 deg
2026-08-09 17:29:09,770 INFO beamng_lidar_bev.main_window: 3D scene build is over budget at 105.4 ms (tick is 40 ms), so WORLD is dropping frames. Control and AEB are unaffected -- they run on the BeamNG thread.
2026-08-09 17:29:24,895 INFO beamng_lidar_bev.main_window: 3D scene build is over budget at 128.6 ms (tick is 40 ms), so WORLD is dropping frames. Control and AEB are unaffected -- they run on the BeamNG thread.
2026-08-09 17:29:35,545 INFO beamng_lidar_bev.worker: Brake measure: MANUAL stop on 'vivace' | 139.2 -> 121.7 km/h in 0.71 s over 25.6 m | achieved 6.87 m/s^2 mean, 10.99 peak | model says 74.7 m at 10.0 m/s^2 (0.34x) | pitch -0.0 deg
2026-08-09 17:29:39,914 INFO beamng_lidar_bev.main_window: 3D scene build is over budget at 126.8 ms (tick is 40 ms), so WORLD is dropping frames. Control and AEB are unaffected -- they run on the BeamNG thread.
2026-08-09 17:29:40,784 INFO beamng_lidar_bev.worker: Brake measure: MANUAL stop on 'vivace' | 132.9 -> 1.4 km/h in 4.16 s over 77.4 m | achieved 8.78 m/s^2 mean, 12.59 peak | model says 68.2 m at 10.0 m/s^2 (1.14x) | pitch -0.4 deg
2026-08-09 17:29:47,389 INFO beamng_lidar_bev.worker: Brake measure: MANUAL stop on 'vivace' | 84.0 -> 69.9 km/h in 0.85 s over 18.1 m | achieved 4.59 m/s^2 mean, 10.29 peak | model says 27.2 m at 10.0 m/s^2 (0.67x) | pitch +0.3 deg
2026-08-09 17:29:49,446 INFO beamng_lidar_bev.worker: Brake measure: MANUAL stop on 'vivace' | 54.2 -> 36.1 km/h in 1.05 s over 13.0 m | achieved 4.78 m/s^2 mean, 13.29 peak | model says 11.4 m at 10.0 m/s^2 (1.15x) | pitch +0.7 deg
2026-08-09 17:29:52,661 INFO beamng_lidar_bev.worker: Brake measure: MANUAL stop on 'vivace' | 49.0 -> 0.8 km/h in 1.64 s over 11.7 m | achieved 8.16 m/s^2 mean, 13.06 peak | model says 9.2 m at 10.0 m/s^2 (1.26x) | pitch -4.9 deg
2026-08-09 17:29:54,953 INFO beamng_lidar_bev.main_window: 3D scene build is over budget at 105.8 ms (tick is 40 ms), so WORLD is dropping frames. Control and AEB are unaffected -- they run on the BeamNG thread.
2026-08-09 17:29:58,885 INFO beamng_lidar_bev.worker: Brake measure: MANUAL stop on 'vivace' | 16.1 -> 4.1 km/h in 0.68 s over 1.7 m | achieved 4.90 m/s^2 mean, 6.56 peak | model says 1.0 m at 10.0 m/s^2 (1.73x) | pitch -0.5 deg
2026-08-09 17:30:07,816 INFO beamng_lidar_bev.worker: Brake measure: MANUAL stop on 'vivace' | 29.6 -> 0.4 km/h in 1.29 s over 5.2 m | achieved 6.30 m/s^2 mean, 11.39 peak | model says 3.4 m at 10.0 m/s^2 (1.54x) | pitch -0.1 deg
2026-08-09 17:30:10,039 INFO beamng_lidar_bev.main_window: 3D scene build is over budget at 116.1 ms (tick is 40 ms), so WORLD is dropping frames. Control and AEB are unaffected -- they run on the BeamNG thread.
2026-08-09 17:30:25,059 INFO beamng_lidar_bev.main_window: 3D scene build is over budget at 117.7 ms (tick is 40 ms), so WORLD is dropping frames. Control and AEB are unaffected -- they run on the BeamNG thread.
2026-08-09 17:30:34,591 INFO beamng_lidar_bev.worker: Brake measure: MANUAL stop on 'vivace' | 35.4 -> 14.3 km/h in 1.01 s over 6.8 m | achieved 5.82 m/s^2 mean, 9.78 peak | model says 4.8 m at 10.0 m/s^2 (1.40x) | pitch -0.3 deg
2026-08-09 17:30:40,098 INFO beamng_lidar_bev.main_window: 3D scene build is over budget at 101.8 ms (tick is 40 ms), so WORLD is dropping frames. Control and AEB are unaffected -- they run on the BeamNG thread.
2026-08-09 17:30:42,745 INFO beamng_lidar_bev.worker: Brake measure: MANUAL stop on 'vivace' | 27.2 -> 5.2 km/h in 1.23 s over 5.4 m | achieved 5.00 m/s^2 mean, 7.61 peak | model says 2.9 m at 10.0 m/s^2 (1.88x) | pitch -0.0 deg
2026-08-09 17:30:51,331 INFO beamng_lidar_bev.worker: Brake measure: MANUAL stop on 'vivace' | 49.4 -> 33.1 km/h in 0.66 s over 7.3 m | achieved 6.82 m/s^2 mean, 14.19 peak | model says 9.4 m at 10.0 m/s^2 (0.78x) | pitch +0.1 deg
2026-08-09 17:30:55,185 INFO beamng_lidar_bev.main_window: 3D scene build is over budget at 148.3 ms (tick is 40 ms), so WORLD is dropping frames. Control and AEB are unaffected -- they run on the BeamNG thread.
2026-08-09 17:31:01,313 INFO beamng_lidar_bev.worker: Brake measure: MANUAL stop on 'vivace' | 82.5 -> 0.7 km/h in 2.52 s over 28.2 m | achieved 9.04 m/s^2 mean, 16.40 peak | model says 26.3 m at 10.0 m/s^2 (1.07x) | pitch -0.6 deg
2026-08-09 17:31:09,801 INFO beamng_lidar_bev.worker: Brake measure: MANUAL stop on 'vivace' | 55.4 -> 5.5 km/h in 2.71 s over 22.9 m | achieved 5.10 m/s^2 mean, 10.02 peak | model says 11.8 m at 10.0 m/s^2 (1.94x) | pitch +1.1 deg
2026-08-09 17:31:10,208 INFO beamng_lidar_bev.main_window: 3D scene build is over budget at 155.2 ms (tick is 40 ms), so WORLD is dropping frames. Control and AEB are unaffected -- they run on the BeamNG thread.
2026-08-09 17:31:20,725 INFO beamng_lidar_bev.worker: Brake measure: MANUAL stop on 'vivace' | 67.7 -> 17.4 km/h in 2.10 s over 21.5 m | achieved 6.66 m/s^2 mean, 12.83 peak | model says 17.7 m at 10.0 m/s^2 (1.22x) | pitch -0.4 deg
2026-08-09 17:31:25,207 INFO beamng_lidar_bev.main_window: 3D scene build is over budget at 118.1 ms (tick is 40 ms), so WORLD is dropping frames. Control and AEB are unaffected -- they run on the BeamNG thread.
2026-08-09 17:31:26,525 INFO beamng_lidar_bev.worker: Brake measure: MANUAL stop on 'vivace' | 45.1 -> 0.7 km/h in 1.12 s over 7.8 m | achieved 11.01 m/s^2 mean, 17.19 peak | model says 7.9 m at 10.0 m/s^2 (0.99x) | pitch +1.0 deg
2026-08-09 17:31:40,219 INFO beamng_lidar_bev.main_window: 3D scene build is over budget at 109.4 ms (tick is 40 ms), so WORLD is dropping frames. Control and AEB are unaffected -- they run on the BeamNG thread.
2026-08-09 18:09:01,474 INFO beamng_lidar_bev.main_window: Looking for a running BeamNG.tech session
2026-08-09 18:09:01,475 INFO beamng_lidar_bev.main_window: Application ready
2026-08-09 18:09:01,908 INFO beamng_lidar_bev.main_window: Found a running BeamNG.tech session; ready to attach
2026-08-09 18:09:04,331 INFO beamng_lidar_bev.main_window: Looking for the current player vehicle
2026-08-09 18:09:04,334 INFO beamng_lidar_bev.main_window: Connecting to BeamNG.tech
2026-08-09 18:09:07,767 INFO beamng_lidar_bev.worker: Connected to the BeamNG.tech bridge on port 64256
2026-08-09 18:09:07,768 INFO beamng_lidar_bev.main_window: Finding the current player vehicle
2026-08-09 18:09:08,268 INFO beamng_lidar_bev.worker: Vehicle check: model 'vivace' (plant measured on 'vivace') | bbox 2.02 wide x 4.33 long x 1.46 tall | overhang front 1.84 rear 2.49 | ground plane -0.255 m from the reference node | mount z: front 0.20, left 0.20, right 0.20, rear 0.20, roof 1.58
2026-08-09 18:09:08,302 INFO beamng_lidar_bev.main_window: Attaching front LiDAR (1/5)
2026-08-09 18:09:08,334 INFO beamng_lidar_bev.worker: Mount check: front sits 0.231 m above the bbox bottom (want 0.20)
2026-08-09 18:09:08,336 INFO beamng_lidar_bev.main_window: Attaching left LiDAR (2/5)
2026-08-09 18:09:08,367 INFO beamng_lidar_bev.worker: Mount check: left sits 0.220 m above the bbox bottom (want 0.20)
2026-08-09 18:09:08,369 INFO beamng_lidar_bev.main_window: Attaching right LiDAR (3/5)
2026-08-09 18:09:08,401 INFO beamng_lidar_bev.worker: Mount check: right sits 0.221 m above the bbox bottom (want 0.20)
2026-08-09 18:09:08,403 INFO beamng_lidar_bev.main_window: Attaching rear LiDAR (4/5)
2026-08-09 18:09:08,434 INFO beamng_lidar_bev.worker: Mount check: rear sits 0.213 m above the bbox bottom (want 0.20)
2026-08-09 18:09:08,435 INFO beamng_lidar_bev.main_window: Attaching roof LiDAR (5/5)
2026-08-09 18:09:08,467 INFO beamng_lidar_bev.worker: Mount check: roof sits 1.606 m above the bbox bottom (want 1.58)
2026-08-09 18:09:08,468 INFO beamng_lidar_bev.worker: AEB check: on 'vivace', armed above 7.2 km/h, stopping 0.60 m clear of the front bumper, fires at the last point a 10.0 m/s^2 stop still works and then brakes FULL, corridor 2.02 m wide, obstacle floor 0.30 m with 4 hits over 0.12 s required, path predicted from measured yaw (brake only). Brake-now distances: 30 km/h -> 7.6 m, 50 km/h -> 15.3 m, 70 km/h -> 26.4 m, 100 km/h -> 49.5 m
2026-08-09 18:09:08,469 INFO beamng_lidar_bev.main_window: 5 LiDAR sensors active on thePlayer
2026-08-09 18:09:08,469 INFO beamng_lidar_bev.worker: REAR AEB check: on 'vivace', armed above 1.8 km/h, stopping 0.35 m clear of the rear bumper, fires at the last point a 6.8 m/s^2 stop still works and then brakes FULL, corridor 2.02 m wide, obstacle floor 0.30 m with 4 hits over 0.12 s required, path predicted from measured yaw (brake only). Brake-now distances: 10 km/h -> 3.9 m, 20 km/h -> 6.3 m, 30 km/h -> 9.8 m, 50 km/h -> 20.7 m
2026-08-09 18:09:08,469 INFO beamng_lidar_bev.main_window: 5 LiDAR sensors attached to thePlayer (front 0.20 m, left 0.20 m, right 0.20 m, rear 0.20 m, roof 1.58 m above ground)
2026-08-09 18:09:08,471 INFO beamng_lidar_bev.main_window: Emergency braking armed
2026-08-09 18:09:08,472 INFO beamng_lidar_bev.main_window: Reverse AEB armed
2026-08-09 18:09:08,524 INFO beamng_lidar_bev.worker: Sensor reach: front 53593 returns, furthest 75 m | left 14763 returns, furthest 106 m | right 15193 returns, furthest 107 m | rear 15923 returns, furthest 32 m | roof 60468 returns, furthest 99 m | AEB acts out to 150 m
2026-08-09 18:09:08,575 INFO beamng_lidar_bev.worker: AEB: STANDBY at 0.0 km/h | threat none (brake-now 2.4, standoff 2.4, horizon 8.4) | required 0.0 m/s^2 ttc inf | k +0.0000 brake 0.00 | Standing by below 7 km/h
2026-08-09 18:09:08,575 INFO beamng_lidar_bev.worker: REAR AEB: STANDBY at -0.0 km/h | threat none (brake-now 2.8, standoff 2.8, horizon 8.8) | required 0.0 m/s^2 ttc inf | k +0.0000 brake 0.00 | Standing by below 2 km/h
2026-08-09 18:09:09,763 INFO beamng_lidar_bev.main_window: 3D scene build is over budget at 40.1 ms (tick is 40 ms), so WORLD is dropping frames. Control and AEB are unaffected -- they run on the BeamNG thread.
2026-08-09 18:09:10,399 INFO beamng_lidar_bev.worker: AEB: ARMED at 7.6 km/h | threat none (brake-now 3.0, standoff 2.4, horizon 8.4) | required 0.0 m/s^2 ttc inf | k -0.0000 brake 0.00 | Clear to 8 m
2026-08-09 18:09:17,653 INFO beamng_lidar_bev.worker: AEB: BRAKING at 44.2 km/h | threat 11.8 m (brake-now 12.8, standoff 2.4, horizon 23.1) | required 8.0 m/s^2 ttc 0.76s | k +0.0000 brake 1.00 | Impact in 0.8 s; full brake
2026-08-09 18:09:17,659 INFO beamng_lidar_bev.worker: AEB evidence: AEB at 11.8 m | 9044 returns spanning 3.26 m of height over 2.00 m of range (min -0.07, median 1.29, max 3.19 above the ego plane, floor 0.30) | measured ground rise 0.19 m, clamped to 0.03 | corridor 1.16 m half-width
2026-08-09 18:09:18,264 INFO beamng_lidar_bev.worker: Brake measure: AEB stop on 'vivace' | 44.2 -> 33.2 km/h in 0.61 s over 6.8 m | achieved 4.99 m/s^2 mean, 6.96 peak | model says 7.5 m at 10.0 m/s^2 (0.90x) | pitch +0.6 deg
2026-08-09 18:09:18,264 INFO beamng_lidar_bev.worker: AEB: ARMED at 33.2 km/h | threat none (brake-now 8.6, standoff 2.4, horizon 23.1) | required 0.0 m/s^2 ttc inf | k +0.0006 brake 0.00 | Clear to 23 m
2026-08-09 18:09:18,628 INFO beamng_lidar_bev.worker: AEB: BRAKING at 29.5 km/h | threat 2.1 m (brake-now 7.5, standoff 2.4, horizon 12.5) | required inf m/s^2 ttc 0.00s | k +0.0003 brake 1.00 | Impact in 0.0 s; full brake
2026-08-09 18:09:18,635 INFO beamng_lidar_bev.worker: AEB evidence: AEB at 2.1 m | 74198 returns spanning 1.64 m of height over 2.00 m of range (min -0.07, median 0.28, max 1.58 above the ego plane, floor 0.30) | measured ground rise 0.06 m, clamped to 0.00 | corridor 1.16 m half-width
2026-08-09 18:09:18,793 INFO beamng_lidar_bev.worker: REAR AEB: ARMED at 6.1 km/h | threat none (brake-now 3.4, standoff 2.8, horizon 8.8) | required 0.0 m/s^2 ttc inf | k -0.0425 brake 0.00 | Clear to 9 m
2026-08-09 18:09:18,993 INFO beamng_lidar_bev.worker: REAR AEB: STANDBY at 0.1 km/h | threat none (brake-now 2.8, standoff 2.8, horizon 8.8) | required 0.0 m/s^2 ttc inf | k +0.0000 brake 0.00 | Standing by below 2 km/h
2026-08-09 18:09:19,628 INFO beamng_lidar_bev.worker: Brake measure: AEB stop on 'vivace' | 29.5 -> 0.1 km/h in 1.00 s over 0.8 m | achieved 8.16 m/s^2 mean, 70.86 peak | model says 3.3 m at 10.0 m/s^2 (0.25x) | pitch +0.1 deg
2026-08-09 18:09:19,629 INFO beamng_lidar_bev.worker: AEB: ARMED at 0.1 km/h | threat none (brake-now 2.4, standoff 2.4, horizon 12.5) | required 0.0 m/s^2 ttc inf | k -0.1667 brake 0.00 | Clear to 13 m
2026-08-09 18:09:19,728 INFO beamng_lidar_bev.worker: AEB: STANDBY at 0.1 km/h | threat none (brake-now 2.4, standoff 2.4, horizon 8.4) | required 0.0 m/s^2 ttc inf | k +0.0000 brake 0.00 | Standing by below 7 km/h
2026-08-09 18:09:24,635 INFO beamng_lidar_bev.worker: AEB: ARMED at 7.8 km/h | threat none (brake-now 3.1, standoff 2.4, horizon 8.4) | required 0.0 m/s^2 ttc inf | k +0.0770 brake 0.00 | Clear to 8 m
2026-08-09 18:09:24,792 INFO beamng_lidar_bev.main_window: 3D scene build is over budget at 71.3 ms (tick is 40 ms), so WORLD is dropping frames. Control and AEB are unaffected -- they run on the BeamNG thread.
2026-08-09 18:09:31,434 INFO beamng_lidar_bev.worker: AEB: BRAKING at 29.8 km/h | threat 2.3 m (brake-now 7.6, standoff 2.4, horizon 12.7) | required inf m/s^2 ttc 0.00s | k +0.0000 brake 1.00 | Impact in 0.0 s; full brake
2026-08-09 18:09:31,441 INFO beamng_lidar_bev.worker: AEB evidence: AEB at 2.3 m | 14389 returns spanning 0.84 m of height over 1.99 m of range (min 0.04, median 0.04, max 0.88 above the ego plane, floor 0.30) | measured ground rise 0.04 m, clamped to 0.00 | corridor 1.16 m half-width
2026-08-09 18:09:31,826 INFO beamng_lidar_bev.worker: AEB: ARMED at 22.4 km/h | threat none (brake-now 5.6, standoff 2.4, horizon 12.7) | required 0.0 m/s^2 ttc inf | k +0.0026 brake 0.00 | Clear to 13 m
2026-08-09 18:09:33,583 INFO beamng_lidar_bev.worker: AEB: BRAKING at 29.1 km/h | threat 6.7 m (brake-now 7.4, standoff 2.4, horizon 12.3) | required 7.6 m/s^2 ttc 0.53s | k -0.0095 brake 1.00 | Impact in 0.5 s; full brake
2026-08-09 18:09:33,591 INFO beamng_lidar_bev.worker: AEB evidence: AEB at 6.7 m | 22527 returns spanning 1.93 m of height over 1.91 m of range (min 0.03, median 0.80, max 1.97 above the ego plane, floor 0.30) | measured ground rise 0.12 m, clamped to 0.00 | corridor 1.16 m half-width
2026-08-09 18:09:34,097 INFO beamng_lidar_bev.worker: AEB: ARMED at 23.1 km/h | threat none (brake-now 5.8, standoff 2.4, horizon 12.3) | required 0.0 m/s^2 ttc inf | k -0.0230 brake 0.00 | Clear to 12 m
2026-08-09 18:09:34,285 INFO beamng_lidar_bev.worker: AEB: BRAKING at 20.4 km/h | threat 2.1 m (brake-now 5.1, standoff 2.4, horizon 8.4) | required inf m/s^2 ttc 0.00s | k -0.0231 brake 1.00 | Impact in 0.0 s; full brake
2026-08-09 18:09:34,294 INFO beamng_lidar_bev.worker: AEB evidence: AEB at 2.1 m | 72323 returns spanning 1.54 m of height over 1.37 m of range (min 0.04, median 0.28, max 1.58 above the ego plane, floor 0.30) | measured ground rise 0.06 m, clamped to 0.00 | corridor 1.16 m half-width
2026-08-09 18:09:34,428 INFO beamng_lidar_bev.worker: REAR AEB: ARMED at 4.5 km/h | threat none (brake-now 3.2, standoff 2.8, horizon 8.8) | required 0.0 m/s^2 ttc inf | k -0.0733 brake 0.00 | Clear to 9 m
2026-08-09 18:09:34,700 INFO beamng_lidar_bev.worker: REAR AEB: STANDBY at 0.4 km/h | threat none (brake-now 2.9, standoff 2.8, horizon 8.8) | required 0.0 m/s^2 ttc inf | k +0.0000 brake 0.00 | Standing by below 2 km/h
2026-08-09 18:09:35,118 INFO beamng_lidar_bev.worker: Brake measure: AEB stop on 'vivace' | 20.4 -> 0.2 km/h in 0.83 s over 0.8 m | achieved 6.75 m/s^2 mean, 37.79 peak | model says 1.6 m at 10.0 m/s^2 (0.47x) | pitch +0.1 deg
2026-08-09 18:09:35,118 INFO beamng_lidar_bev.worker: AEB: ARMED at 0.2 km/h | threat none (brake-now 2.4, standoff 2.4, horizon 8.4) | required 0.0 m/s^2 ttc inf | k -0.0052 brake 0.00 | Clear to 8 m
2026-08-09 18:09:35,224 INFO beamng_lidar_bev.worker: AEB: STANDBY at -0.0 km/h | threat none (brake-now 2.4, standoff 2.4, horizon 8.4) | required 0.0 m/s^2 ttc inf | k +0.0000 brake 0.00 | Standing by below 7 km/h
2026-08-09 18:09:36,627 INFO beamng_lidar_bev.worker: AEB: ARMED at 7.5 km/h | threat none (brake-now 3.0, standoff 2.4, horizon 8.4) | required 0.0 m/s^2 ttc inf | k +0.1438 brake 0.00 | Clear to 8 m
2026-08-09 18:09:37,121 INFO beamng_lidar_bev.worker: AEB: STANDBY at 7.0 km/h | threat none (brake-now 3.0, standoff 2.4, horizon 8.4) | required 0.0 m/s^2 ttc inf | k +0.0000 brake 0.00 | Standing by below 7 km/h
2026-08-09 18:09:38,320 INFO beamng_lidar_bev.worker: REAR AEB: ARMED at 2.3 km/h | threat 2.5 m (brake-now 3.0, standoff 2.8, horizon 8.8) | required inf m/s^2 ttc 0.00s | k +0.0003 brake 0.00 | Watching an obstacle at 2.5 m (0 m before it acts)
2026-08-09 18:09:38,393 INFO beamng_lidar_bev.worker: REAR AEB: BRAKING at 2.8 km/h | threat 2.5 m (brake-now 3.0, standoff 2.8, horizon 8.8) | required inf m/s^2 ttc 0.00s | k +0.0007 brake 1.00 | Impact in 0.0 s; full brake
2026-08-09 18:09:38,402 INFO beamng_lidar_bev.worker: AEB evidence: REAR AEB at 2.5 m | 1223 returns spanning 0.42 m of height over 2.00 m of range (min -0.38, median 0.04, max 0.04 above the ego plane, floor 0.30) | measured ground rise 0.04 m, clamped to 0.00 | corridor 1.16 m half-width
2026-08-09 18:09:39,807 INFO beamng_lidar_bev.main_window: 3D scene build is over budget at 63.2 ms (tick is 40 ms), so WORLD is dropping frames. Control and AEB are unaffected -- they run on the BeamNG thread.
2026-08-09 18:09:40,643 INFO beamng_lidar_bev.worker: REAR AEB: ARMED at 0.0 km/h | threat 2.5 m (brake-now 2.8, standoff 2.8, horizon 8.8) | required inf m/s^2 ttc 0.00s | k +0.0032 brake 0.00 | Watching an obstacle at 2.5 m (0 m before it acts)
2026-08-09 18:09:40,782 INFO beamng_lidar_bev.worker: REAR AEB: STANDBY at 0.9 km/h | threat none (brake-now 2.9, standoff 2.8, horizon 8.8) | required 0.0 m/s^2 ttc inf | k +0.0000 brake 0.00 | Standing by below 2 km/h
2026-08-09 18:09:40,864 INFO beamng_lidar_bev.worker: REAR AEB: ARMED at 1.9 km/h | threat 2.6 m (brake-now 3.0, standoff 2.8, horizon 8.8) | required inf m/s^2 ttc 0.00s | k -0.0069 brake 0.00 | Watching an obstacle at 2.6 m (0 m before it acts)
2026-08-09 18:09:40,945 INFO beamng_lidar_bev.worker: REAR AEB: BRAKING at 3.0 km/h | threat 2.5 m (brake-now 3.0, standoff 2.8, horizon 8.8) | required inf m/s^2 ttc 0.00s | k -0.0087 brake 1.00 | Impact in 0.0 s; full brake
2026-08-09 18:09:40,951 INFO beamng_lidar_bev.worker: AEB evidence: REAR AEB at 2.5 m | 1046 returns spanning 0.37 m of height over 1.99 m of range (min -0.33, median 0.04, max 0.04 above the ego plane, floor 0.30) | measured ground rise 0.04 m, clamped to 0.00 | corridor 1.16 m half-width
2026-08-09 18:09:41,314 INFO beamng_lidar_bev.worker: REAR AEB: ARMED at 1.8 km/h | threat none (brake-now 2.9, standoff 2.8, horizon 8.8) | required 0.0 m/s^2 ttc inf | k -0.0566 brake 0.00 | Clear to 9 m
2026-08-09 18:09:41,402 INFO beamng_lidar_bev.worker: REAR AEB: STANDBY at 1.5 km/h | threat none (brake-now 2.9, standoff 2.8, horizon 8.8) | required 0.0 m/s^2 ttc inf | k +0.0000 brake 0.00 | Standing by below 2 km/h
2026-08-09 18:09:41,473 INFO beamng_lidar_bev.worker: REAR AEB: ARMED at 2.1 km/h | threat none (brake-now 3.0, standoff 2.8, horizon 8.8) | required 0.0 m/s^2 ttc inf | k -0.0440 brake 0.00 | Clear to 9 m
2026-08-09 18:09:43,053 INFO beamng_lidar_bev.worker: REAR AEB: STANDBY at 0.2 km/h | threat none (brake-now 2.8, standoff 2.8, horizon 8.8) | required 0.0 m/s^2 ttc inf | k +0.0000 brake 0.00 | Standing by below 2 km/h
2026-08-09 18:09:44,087 INFO beamng_lidar_bev.worker: REAR AEB: ARMED at 1.9 km/h | threat none (brake-now 2.9, standoff 2.8, horizon 8.8) | required 0.0 m/s^2 ttc inf | k -0.0120 brake 0.00 | Clear to 9 m
2026-08-09 18:09:48,069 INFO beamng_lidar_bev.worker: REAR AEB: BRAKING at 9.1 km/h | threat 3.4 m (brake-now 3.8, standoff 2.8, horizon 8.8) | required 5.7 m/s^2 ttc 0.22s | k -0.0001 brake 1.00 | Impact in 0.2 s; full brake
2026-08-09 18:09:48,073 INFO beamng_lidar_bev.worker: AEB evidence: REAR AEB at 3.4 m | 8501 returns spanning 0.90 m of height over 2.00 m of range (min -0.20, median 0.04, max 0.69 above the ego plane, floor 0.30) | measured ground rise 0.04 m, clamped to 0.00 | corridor 1.16 m half-width
2026-08-09 18:09:48,450 INFO beamng_lidar_bev.worker: REAR AEB: ARMED at 3.2 km/h | threat 3.5 m (brake-now 3.0, standoff 2.8, horizon 8.8) | required 0.6 m/s^2 ttc 0.78s | k -0.0010 brake 0.00 | Watching an obstacle at 3.5 m (0 m before it acts)
2026-08-09 18:09:48,538 INFO beamng_lidar_bev.worker: REAR AEB: STANDBY at 1.2 km/h | threat none (brake-now 2.9, standoff 2.8, horizon 8.8) | required 0.0 m/s^2 ttc inf | k +0.0000 brake 0.00 | Standing by below 2 km/h
2026-08-09 18:09:51,387 INFO beamng_lidar_bev.worker: AEB: ARMED at 7.4 km/h | threat none (brake-now 3.0, standoff 2.4, horizon 8.4) | required 0.0 m/s^2 ttc inf | k -0.0000 brake 0.00 | Clear to 8 m
2026-08-09 18:09:54,805 INFO beamng_lidar_bev.main_window: 3D scene build is over budget at 67.0 ms (tick is 40 ms), so WORLD is dropping frames. Control and AEB are unaffected -- they run on the BeamNG thread.
2026-08-09 18:09:55,370 INFO beamng_lidar_bev.worker: AEB: BRAKING at 25.7 km/h | threat 2.1 m (brake-now 6.4, standoff 2.4, horizon 10.4) | required inf m/s^2 ttc 0.00s | k +0.0017 brake 1.00 | Impact in 0.0 s; full brake
2026-08-09 18:09:55,376 INFO beamng_lidar_bev.worker: AEB evidence: AEB at 2.1 m | 7990 returns spanning 0.45 m of height over 1.99 m of range (min 0.05, median 0.05, max 0.49 above the ego plane, floor 0.30) | measured ground rise 0.05 m, clamped to 0.00 | corridor 1.16 m half-width
2026-08-09 18:09:55,722 INFO beamng_lidar_bev.worker: AEB: ARMED at 15.7 km/h | threat none (brake-now 4.2, standoff 2.4, horizon 10.4) | required 0.0 m/s^2 ttc inf | k +0.0016 brake 0.00 | Clear to 10 m
2026-08-09 18:09:56,451 INFO beamng_lidar_bev.worker: AEB: STANDBY at -0.1 km/h | threat none (brake-now 2.4, standoff 2.4, horizon 8.4) | required 0.0 m/s^2 ttc inf | k +0.0000 brake 0.00 | Standing by below 7 km/h
2026-08-09 18:09:57,532 INFO beamng_lidar_bev.worker: AEB: ARMED at 7.4 km/h | threat none (brake-now 3.0, standoff 2.4, horizon 8.4) | required 0.0 m/s^2 ttc inf | k +0.0002 brake 0.00 | Clear to 8 m
2026-08-09 18:10:02,228 INFO beamng_lidar_bev.worker: AEB: BRAKING at 38.0 km/h | threat 9.8 m (brake-now 10.3, standoff 2.4, horizon 18.2) | required 7.5 m/s^2 ttc 0.70s | k +0.0000 brake 1.00 | Impact in 0.7 s; full brake
2026-08-09 18:10:02,234 INFO beamng_lidar_bev.worker: AEB evidence: AEB at 9.8 m | 10968 returns spanning 2.58 m of height over 1.98 m of range (min -0.06, median 1.06, max 2.52 above the ego plane, floor 0.30) | measured ground rise 0.13 m, clamped to 0.00 | corridor 1.16 m half-width
2026-08-09 18:10:02,667 INFO beamng_lidar_bev.worker: Brake measure: AEB stop on 'vivace' | 38.0 -> 26.3 km/h in 0.44 s over 4.1 m | achieved 7.36 m/s^2 mean, 10.84 peak | model says 5.6 m at 10.0 m/s^2 (0.74x) | pitch +0.0 deg
2026-08-09 18:10:02,667 INFO beamng_lidar_bev.worker: AEB: ARMED at 26.3 km/h | threat none (brake-now 6.6, standoff 2.4, horizon 18.2) | required 0.0 m/s^2 ttc inf | k +0.0030 brake 0.00 | Clear to 18 m
2026-08-09 18:10:03,110 INFO beamng_lidar_bev.worker: AEB: BRAKING at 21.1 km/h | threat 3.1 m (brake-now 5.3, standoff 2.4, horizon 8.4) | required 26.0 m/s^2 ttc 0.11s | k +0.0007 brake 1.00 | Impact in 0.1 s; full brake
2026-08-09 18:10:03,118 INFO beamng_lidar_bev.worker: AEB evidence: AEB at 3.1 m | 58967 returns spanning 1.62 m of height over 2.00 m of range (min -0.06, median 0.40, max 1.55 above the ego plane, floor 0.30) | measured ground rise 0.05 m, clamped to 0.00 | corridor 1.16 m half-width
2026-08-09 18:10:03,467 INFO beamng_lidar_bev.worker: REAR AEB: ARMED at 3.9 km/h | threat none (brake-now 3.1, standoff 2.8, horizon 8.8) | required 0.0 m/s^2 ttc inf | k -0.0436 brake 0.00 | Clear to 9 m
2026-08-09 18:10:03,668 INFO beamng_lidar_bev.worker: REAR AEB: STANDBY at 0.4 km/h | threat none (brake-now 2.9, standoff 2.8, horizon 8.8) | required 0.0 m/s^2 ttc inf | k +0.0000 brake 0.00 | Standing by below 2 km/h
2026-08-09 18:10:05,597 INFO beamng_lidar_bev.worker: Brake measure: AEB stop on 'vivace' | 21.1 -> 0.2 km/h in 2.49 s over 1.9 m | achieved 2.34 m/s^2 mean, 30.52 peak | model says 1.7 m at 10.0 m/s^2 (1.11x) | pitch -0.0 deg
2026-08-09 18:10:05,597 INFO beamng_lidar_bev.worker: AEB: ARMED at 0.2 km/h | threat 1.6 m (brake-now 2.4, standoff 2.4, horizon 8.4) | required inf m/s^2 ttc 0.00s | k +0.0001 brake 0.00 | Watching an obstacle at 1.6 m (0 m before it acts)
2026-08-09 18:10:05,711 INFO beamng_lidar_bev.worker: AEB: STANDBY at -0.2 km/h | threat none (brake-now 2.4, standoff 2.4, horizon 8.4) | required 0.0 m/s^2 ttc inf | k +0.0000 brake 0.00 | Standing by below 7 km/h
2026-08-09 18:10:09,830 INFO beamng_lidar_bev.main_window: 3D scene build is over budget at 77.8 ms (tick is 40 ms), so WORLD is dropping frames. Control and AEB are unaffected -- they run on the BeamNG thread.
2026-08-09 18:10:24,823 INFO beamng_lidar_bev.main_window: 3D scene build is over budget at 78.5 ms (tick is 40 ms), so WORLD is dropping frames. Control and AEB are unaffected -- they run on the BeamNG thread.
2026-08-09 18:10:39,833 INFO beamng_lidar_bev.main_window: 3D scene build is over budget at 82.2 ms (tick is 40 ms), so WORLD is dropping frames. Control and AEB are unaffected -- they run on the BeamNG thread.
2026-08-09 18:10:54,859 INFO beamng_lidar_bev.main_window: 3D scene build is over budget at 83.0 ms (tick is 40 ms), so WORLD is dropping frames. Control and AEB are unaffected -- they run on the BeamNG thread.
2026-08-09 18:11:09,847 INFO beamng_lidar_bev.main_window: 3D scene build is over budget at 80.1 ms (tick is 40 ms), so WORLD is dropping frames. Control and AEB are unaffected -- they run on the BeamNG thread.
2026-08-09 18:11:24,903 INFO beamng_lidar_bev.main_window: 3D scene build is over budget at 75.9 ms (tick is 40 ms), so WORLD is dropping frames. Control and AEB are unaffected -- they run on the BeamNG thread.
2026-08-09 18:11:39,914 INFO beamng_lidar_bev.main_window: 3D scene build is over budget at 75.0 ms (tick is 40 ms), so WORLD is dropping frames. Control and AEB are unaffected -- they run on the BeamNG thread.
2026-08-09 18:11:54,914 INFO beamng_lidar_bev.main_window: 3D scene build is over budget at 75.1 ms (tick is 40 ms), so WORLD is dropping frames. Control and AEB are unaffected -- they run on the BeamNG thread.
2026-08-09 18:12:09,929 INFO beamng_lidar_bev.main_window: 3D scene build is over budget at 80.0 ms (tick is 40 ms), so WORLD is dropping frames. Control and AEB are unaffected -- they run on the BeamNG thread.
2026-08-09 18:12:24,939 INFO beamng_lidar_bev.main_window: 3D scene build is over budget at 71.5 ms (tick is 40 ms), so WORLD is dropping frames. Control and AEB are unaffected -- they run on the BeamNG thread.
2026-08-09 18:12:39,966 INFO beamng_lidar_bev.main_window: 3D scene build is over budget at 71.8 ms (tick is 40 ms), so WORLD is dropping frames. Control and AEB are unaffected -- they run on the BeamNG thread.
2026-08-09 18:12:54,980 INFO beamng_lidar_bev.main_window: 3D scene build is over budget at 75.7 ms (tick is 40 ms), so WORLD is dropping frames. Control and AEB are unaffected -- they run on the BeamNG thread.
2026-08-09 18:13:09,992 INFO beamng_lidar_bev.main_window: 3D scene build is over budget at 81.0 ms (tick is 40 ms), so WORLD is dropping frames. Control and AEB are unaffected -- they run on the BeamNG thread.
2026-08-09 18:13:24,987 INFO beamng_lidar_bev.main_window: 3D scene build is over budget at 78.1 ms (tick is 40 ms), so WORLD is dropping frames. Control and AEB are unaffected -- they run on the BeamNG thread.
2026-08-09 18:13:40,060 INFO beamng_lidar_bev.main_window: 3D scene build is over budget at 75.7 ms (tick is 40 ms), so WORLD is dropping frames. Control and AEB are unaffected -- they run on the BeamNG thread.
2026-08-09 18:13:55,091 INFO beamng_lidar_bev.main_window: 3D scene build is over budget at 75.7 ms (tick is 40 ms), so WORLD is dropping frames. Control and AEB are unaffected -- they run on the BeamNG thread.
2026-08-09 18:14:10,081 INFO beamng_lidar_bev.main_window: 3D scene build is over budget at 73.7 ms (tick is 40 ms), so WORLD is dropping frames. Control and AEB are unaffected -- they run on the BeamNG thread.
2026-08-09 18:14:25,092 INFO beamng_lidar_bev.main_window: 3D scene build is over budget at 76.2 ms (tick is 40 ms), so WORLD is dropping frames. Control and AEB are unaffected -- they run on the BeamNG thread.
2026-08-09 18:14:40,102 INFO beamng_lidar_bev.main_window: 3D scene build is over budget at 74.2 ms (tick is 40 ms), so WORLD is dropping frames. Control and AEB are unaffected -- they run on the BeamNG thread.
2026-08-09 18:14:55,097 INFO beamng_lidar_bev.main_window: 3D scene build is over budget at 80.0 ms (tick is 40 ms), so WORLD is dropping frames. Control and AEB are unaffected -- they run on the BeamNG thread.
2026-08-09 18:15:10,163 INFO beamng_lidar_bev.main_window: 3D scene build is over budget at 79.5 ms (tick is 40 ms), so WORLD is dropping frames. Control and AEB are unaffected -- they run on the BeamNG thread.
2026-08-09 18:15:25,195 INFO beamng_lidar_bev.main_window: 3D scene build is over budget at 74.1 ms (tick is 40 ms), so WORLD is dropping frames. Control and AEB are unaffected -- they run on the BeamNG thread.
2026-08-09 18:15:40,197 INFO beamng_lidar_bev.main_window: 3D scene build is over budget at 72.1 ms (tick is 40 ms), so WORLD is dropping frames. Control and AEB are unaffected -- they run on the BeamNG thread.
2026-08-09 18:15:55,198 INFO beamng_lidar_bev.main_window: 3D scene build is over budget at 76.6 ms (tick is 40 ms), so WORLD is dropping frames. Control and AEB are unaffected -- they run on the BeamNG thread.
2026-08-09 18:16:10,191 INFO beamng_lidar_bev.main_window: 3D scene build is over budget at 78.1 ms (tick is 40 ms), so WORLD is dropping frames. Control and AEB are unaffected -- they run on the BeamNG thread.
2026-08-09 18:16:25,233 INFO beamng_lidar_bev.main_window: 3D scene build is over budget at 78.4 ms (tick is 40 ms), so WORLD is dropping frames. Control and AEB are unaffected -- they run on the BeamNG thread.
2026-08-09 18:16:40,241 INFO beamng_lidar_bev.main_window: 3D scene build is over budget at 77.8 ms (tick is 40 ms), so WORLD is dropping frames. Control and AEB are unaffected -- they run on the BeamNG thread.
2026-08-09 18:16:55,306 INFO beamng_lidar_bev.main_window: 3D scene build is over budget at 78.8 ms (tick is 40 ms), so WORLD is dropping frames. Control and AEB are unaffected -- they run on the BeamNG thread.
2026-08-09 18:17:10,309 INFO beamng_lidar_bev.main_window: 3D scene build is over budget at 80.3 ms (tick is 40 ms), so WORLD is dropping frames. Control and AEB are unaffected -- they run on the BeamNG thread.
2026-08-09 18:17:25,364 INFO beamng_lidar_bev.main_window: 3D scene build is over budget at 71.3 ms (tick is 40 ms), so WORLD is dropping frames. Control and AEB are unaffected -- they run on the BeamNG thread.
2026-08-09 18:17:40,376 INFO beamng_lidar_bev.main_window: 3D scene build is over budget at 83.0 ms (tick is 40 ms), so WORLD is dropping frames. Control and AEB are unaffected -- they run on the BeamNG thread.
2026-08-09 18:17:55,426 INFO beamng_lidar_bev.main_window: 3D scene build is over budget at 71.9 ms (tick is 40 ms), so WORLD is dropping frames. Control and AEB are unaffected -- they run on the BeamNG thread.
2026-08-09 18:18:10,471 INFO beamng_lidar_bev.main_window: 3D scene build is over budget at 78.7 ms (tick is 40 ms), so WORLD is dropping frames. Control and AEB are unaffected -- they run on the BeamNG thread.
2026-08-09 18:18:25,498 INFO beamng_lidar_bev.main_window: 3D scene build is over budget at 78.7 ms (tick is 40 ms), so WORLD is dropping frames. Control and AEB are unaffected -- they run on the BeamNG thread.
2026-08-09 18:18:40,544 INFO beamng_lidar_bev.main_window: 3D scene build is over budget at 66.9 ms (tick is 40 ms), so WORLD is dropping frames. Control and AEB are unaffected -- they run on the BeamNG thread.
2026-08-09 18:18:55,598 INFO beamng_lidar_bev.main_window: 3D scene build is over budget at 79.8 ms (tick is 40 ms), so WORLD is dropping frames. Control and AEB are unaffected -- they run on the BeamNG thread.
2026-08-09 18:19:10,641 INFO beamng_lidar_bev.main_window: 3D scene build is over budget at 59.7 ms (tick is 40 ms), so WORLD is dropping frames. Control and AEB are unaffected -- they run on the BeamNG thread.
2026-08-09 18:19:25,655 INFO beamng_lidar_bev.main_window: 3D scene build is over budget at 72.0 ms (tick is 40 ms), so WORLD is dropping frames. Control and AEB are unaffected -- they run on the BeamNG thread.
2026-08-09 18:19:40,694 INFO beamng_lidar_bev.main_window: 3D scene build is over budget at 75.7 ms (tick is 40 ms), so WORLD is dropping frames. Control and AEB are unaffected -- they run on the BeamNG thread.
2026-08-09 18:19:55,710 INFO beamng_lidar_bev.main_window: 3D scene build is over budget at 77.7 ms (tick is 40 ms), so WORLD is dropping frames. Control and AEB are unaffected -- they run on the BeamNG thread.
2026-08-09 18:20:10,728 INFO beamng_lidar_bev.main_window: 3D scene build is over budget at 77.6 ms (tick is 40 ms), so WORLD is dropping frames. Control and AEB are unaffected -- they run on the BeamNG thread.
2026-08-09 18:20:25,779 INFO beamng_lidar_bev.main_window: 3D scene build is over budget at 80.4 ms (tick is 40 ms), so WORLD is dropping frames. Control and AEB are unaffected -- they run on the BeamNG thread.
2026-08-09 18:20:40,846 INFO beamng_lidar_bev.main_window: 3D scene build is over budget at 80.3 ms (tick is 40 ms), so WORLD is dropping frames. Control and AEB are unaffected -- they run on the BeamNG thread.
2026-08-09 18:20:55,849 INFO beamng_lidar_bev.main_window: 3D scene build is over budget at 69.7 ms (tick is 40 ms), so WORLD is dropping frames. Control and AEB are unaffected -- they run on the BeamNG thread.
2026-08-09 18:21:10,898 INFO beamng_lidar_bev.main_window: 3D scene build is over budget at 76.4 ms (tick is 40 ms), so WORLD is dropping frames. Control and AEB are unaffected -- they run on the BeamNG thread.
2026-08-09 18:21:25,913 INFO beamng_lidar_bev.main_window: 3D scene build is over budget at 63.4 ms (tick is 40 ms), so WORLD is dropping frames. Control and AEB are unaffected -- they run on the BeamNG thread.
2026-08-09 18:21:40,914 INFO beamng_lidar_bev.main_window: 3D scene build is over budget at 71.8 ms (tick is 40 ms), so WORLD is dropping frames. Control and AEB are unaffected -- they run on the BeamNG thread.
2026-08-09 18:21:55,956 INFO beamng_lidar_bev.main_window: 3D scene build is over budget at 83.7 ms (tick is 40 ms), so WORLD is dropping frames. Control and AEB are unaffected -- they run on the BeamNG thread.
2026-08-09 18:22:10,999 INFO beamng_lidar_bev.main_window: 3D scene build is over budget at 76.3 ms (tick is 40 ms), so WORLD is dropping frames. Control and AEB are unaffected -- they run on the BeamNG thread.
2026-08-09 18:22:26,044 INFO beamng_lidar_bev.main_window: 3D scene build is over budget at 81.9 ms (tick is 40 ms), so WORLD is dropping frames. Control and AEB are unaffected -- they run on the BeamNG thread.
2026-08-09 18:22:41,048 INFO beamng_lidar_bev.main_window: 3D scene build is over budget at 79.0 ms (tick is 40 ms), so WORLD is dropping frames. Control and AEB are unaffected -- they run on the BeamNG thread.
2026-08-09 18:22:56,071 INFO beamng_lidar_bev.main_window: 3D scene build is over budget at 74.0 ms (tick is 40 ms), so WORLD is dropping frames. Control and AEB are unaffected -- they run on the BeamNG thread.
2026-08-09 18:23:11,117 INFO beamng_lidar_bev.main_window: 3D scene build is over budget at 77.0 ms (tick is 40 ms), so WORLD is dropping frames. Control and AEB are unaffected -- they run on the BeamNG thread.
2026-08-09 18:23:26,176 INFO beamng_lidar_bev.main_window: 3D scene build is over budget at 76.4 ms (tick is 40 ms), so WORLD is dropping frames. Control and AEB are unaffected -- they run on the BeamNG thread.
2026-08-09 18:23:41,204 INFO beamng_lidar_bev.main_window: 3D scene build is over budget at 75.7 ms (tick is 40 ms), so WORLD is dropping frames. Control and AEB are unaffected -- they run on the BeamNG thread.
2026-08-09 18:23:56,225 INFO beamng_lidar_bev.main_window: 3D scene build is over budget at 76.4 ms (tick is 40 ms), so WORLD is dropping frames. Control and AEB are unaffected -- they run on the BeamNG thread.
2026-08-09 18:24:11,268 INFO beamng_lidar_bev.main_window: 3D scene build is over budget at 79.6 ms (tick is 40 ms), so WORLD is dropping frames. Control and AEB are unaffected -- they run on the BeamNG thread.
2026-08-09 18:24:26,339 INFO beamng_lidar_bev.main_window: 3D scene build is over budget at 79.4 ms (tick is 40 ms), so WORLD is dropping frames. Control and AEB are unaffected -- they run on the BeamNG thread.
2026-08-09 18:24:41,337 INFO beamng_lidar_bev.main_window: 3D scene build is over budget at 76.8 ms (tick is 40 ms), so WORLD is dropping frames. Control and AEB are unaffected -- they run on the BeamNG thread.
2026-08-09 18:24:56,344 INFO beamng_lidar_bev.main_window: 3D scene build is over budget at 72.2 ms (tick is 40 ms), so WORLD is dropping frames. Control and AEB are unaffected -- they run on the BeamNG thread.
2026-08-09 18:25:11,408 INFO beamng_lidar_bev.main_window: 3D scene build is over budget at 77.5 ms (tick is 40 ms), so WORLD is dropping frames. Control and AEB are unaffected -- they run on the BeamNG thread.
2026-08-09 18:25:26,452 INFO beamng_lidar_bev.main_window: 3D scene build is over budget at 75.4 ms (tick is 40 ms), so WORLD is dropping frames. Control and AEB are unaffected -- they run on the BeamNG thread.
2026-08-09 18:25:41,491 INFO beamng_lidar_bev.main_window: 3D scene build is over budget at 76.2 ms (tick is 40 ms), so WORLD is dropping frames. Control and AEB are unaffected -- they run on the BeamNG thread.
2026-08-09 18:25:56,499 INFO beamng_lidar_bev.main_window: 3D scene build is over budget at 71.4 ms (tick is 40 ms), so WORLD is dropping frames. Control and AEB are unaffected -- they run on the BeamNG thread.
2026-08-09 18:26:11,514 INFO beamng_lidar_bev.main_window: 3D scene build is over budget at 81.0 ms (tick is 40 ms), so WORLD is dropping frames. Control and AEB are unaffected -- they run on the BeamNG thread.
2026-08-09 18:26:26,514 INFO beamng_lidar_bev.main_window: 3D scene build is over budget at 81.2 ms (tick is 40 ms), so WORLD is dropping frames. Control and AEB are unaffected -- they run on the BeamNG thread.
2026-08-09 18:26:41,540 INFO beamng_lidar_bev.main_window: 3D scene build is over budget at 74.2 ms (tick is 40 ms), so WORLD is dropping frames. Control and AEB are unaffected -- they run on the BeamNG thread.
2026-08-09 18:26:56,599 INFO beamng_lidar_bev.main_window: 3D scene build is over budget at 77.9 ms (tick is 40 ms), so WORLD is dropping frames. Control and AEB are unaffected -- they run on the BeamNG thread.
2026-08-09 18:27:11,644 INFO beamng_lidar_bev.main_window: 3D scene build is over budget at 75.2 ms (tick is 40 ms), so WORLD is dropping frames. Control and AEB are unaffected -- they run on the BeamNG thread.
2026-08-09 18:27:26,680 INFO beamng_lidar_bev.main_window: 3D scene build is over budget at 83.0 ms (tick is 40 ms), so WORLD is dropping frames. Control and AEB are unaffected -- they run on the BeamNG thread.
2026-08-09 18:27:41,727 INFO beamng_lidar_bev.main_window: 3D scene build is over budget at 82.8 ms (tick is 40 ms), so WORLD is dropping frames. Control and AEB are unaffected -- they run on the BeamNG thread.
2026-08-09 18:27:56,750 INFO beamng_lidar_bev.main_window: 3D scene build is over budget at 86.6 ms (tick is 40 ms), so WORLD is dropping frames. Control and AEB are unaffected -- they run on the BeamNG thread.
2026-08-09 18:28:11,789 INFO beamng_lidar_bev.main_window: 3D scene build is over budget at 74.5 ms (tick is 40 ms), so WORLD is dropping frames. Control and AEB are unaffected -- they run on the BeamNG thread.
2026-08-09 18:28:26,786 INFO beamng_lidar_bev.main_window: 3D scene build is over budget at 77.4 ms (tick is 40 ms), so WORLD is dropping frames. Control and AEB are unaffected -- they run on the BeamNG thread.
2026-08-09 18:28:41,851 INFO beamng_lidar_bev.main_window: 3D scene build is over budget at 74.8 ms (tick is 40 ms), so WORLD is dropping frames. Control and AEB are unaffected -- they run on the BeamNG thread.
2026-08-09 18:28:56,918 INFO beamng_lidar_bev.main_window: 3D scene build is over budget at 78.0 ms (tick is 40 ms), so WORLD is dropping frames. Control and AEB are unaffected -- they run on the BeamNG thread.
2026-08-09 18:29:11,974 INFO beamng_lidar_bev.main_window: 3D scene build is over budget at 77.7 ms (tick is 40 ms), so WORLD is dropping frames. Control and AEB are unaffected -- they run on the BeamNG thread.
2026-08-09 18:29:26,986 INFO beamng_lidar_bev.main_window: 3D scene build is over budget at 64.3 ms (tick is 40 ms), so WORLD is dropping frames. Control and AEB are unaffected -- they run on the BeamNG thread.
2026-08-09 18:29:42,023 INFO beamng_lidar_bev.main_window: 3D scene build is over budget at 71.8 ms (tick is 40 ms), so WORLD is dropping frames. Control and AEB are unaffected -- they run on the BeamNG thread.
2026-08-09 18:29:57,031 INFO beamng_lidar_bev.main_window: 3D scene build is over budget at 74.5 ms (tick is 40 ms), so WORLD is dropping frames. Control and AEB are unaffected -- they run on the BeamNG thread.
2026-08-09 18:30:12,034 INFO beamng_lidar_bev.main_window: 3D scene build is over budget at 69.0 ms (tick is 40 ms), so WORLD is dropping frames. Control and AEB are unaffected -- they run on the BeamNG thread.
2026-08-09 18:30:27,062 INFO beamng_lidar_bev.main_window: 3D scene build is over budget at 74.6 ms (tick is 40 ms), so WORLD is dropping frames. Control and AEB are unaffected -- they run on the BeamNG thread.
2026-08-09 18:30:42,110 INFO beamng_lidar_bev.main_window: 3D scene build is over budget at 69.2 ms (tick is 40 ms), so WORLD is dropping frames. Control and AEB are unaffected -- they run on the BeamNG thread.
2026-08-09 18:30:57,112 INFO beamng_lidar_bev.main_window: 3D scene build is over budget at 57.6 ms (tick is 40 ms), so WORLD is dropping frames. Control and AEB are unaffected -- they run on the BeamNG thread.
2026-08-09 18:31:12,113 INFO beamng_lidar_bev.main_window: 3D scene build is over budget at 78.3 ms (tick is 40 ms), so WORLD is dropping frames. Control and AEB are unaffected -- they run on the BeamNG thread.
2026-08-09 18:31:27,176 INFO beamng_lidar_bev.main_window: 3D scene build is over budget at 69.8 ms (tick is 40 ms), so WORLD is dropping frames. Control and AEB are unaffected -- they run on the BeamNG thread.
2026-08-09 18:31:42,241 INFO beamng_lidar_bev.main_window: 3D scene build is over budget at 75.4 ms (tick is 40 ms), so WORLD is dropping frames. Control and AEB are unaffected -- they run on the BeamNG thread.
2026-08-09 18:31:57,259 INFO beamng_lidar_bev.main_window: 3D scene build is over budget at 70.6 ms (tick is 40 ms), so WORLD is dropping frames. Control and AEB are unaffected -- they run on the BeamNG thread.
2026-08-09 18:32:12,322 INFO beamng_lidar_bev.main_window: 3D scene build is over budget at 74.7 ms (tick is 40 ms), so WORLD is dropping frames. Control and AEB are unaffected -- they run on the BeamNG thread.
2026-08-09 18:32:27,351 INFO beamng_lidar_bev.main_window: 3D scene build is over budget at 72.2 ms (tick is 40 ms), so WORLD is dropping frames. Control and AEB are unaffected -- they run on the BeamNG thread.
2026-08-09 18:32:42,389 INFO beamng_lidar_bev.main_window: 3D scene build is over budget at 68.3 ms (tick is 40 ms), so WORLD is dropping frames. Control and AEB are unaffected -- they run on the BeamNG thread.
2026-08-09 18:32:57,453 INFO beamng_lidar_bev.main_window: 3D scene build is over budget at 83.8 ms (tick is 40 ms), so WORLD is dropping frames. Control and AEB are unaffected -- they run on the BeamNG thread.
2026-08-09 18:33:12,457 INFO beamng_lidar_bev.main_window: 3D scene build is over budget at 81.5 ms (tick is 40 ms), so WORLD is dropping frames. Control and AEB are unaffected -- they run on the BeamNG thread.
2026-08-09 18:33:27,485 INFO beamng_lidar_bev.main_window: 3D scene build is over budget at 74.2 ms (tick is 40 ms), so WORLD is dropping frames. Control and AEB are unaffected -- they run on the BeamNG thread.
2026-08-09 18:33:42,530 INFO beamng_lidar_bev.main_window: 3D scene build is over budget at 73.4 ms (tick is 40 ms), so WORLD is dropping frames. Control and AEB are unaffected -- they run on the BeamNG thread.
2026-08-09 18:33:57,549 INFO beamng_lidar_bev.main_window: 3D scene build is over budget at 76.0 ms (tick is 40 ms), so WORLD is dropping frames. Control and AEB are unaffected -- they run on the BeamNG thread.
2026-08-09 18:34:12,609 INFO beamng_lidar_bev.main_window: 3D scene build is over budget at 70.4 ms (tick is 40 ms), so WORLD is dropping frames. Control and AEB are unaffected -- they run on the BeamNG thread.
2026-08-09 18:34:27,654 INFO beamng_lidar_bev.main_window: 3D scene build is over budget at 66.8 ms (tick is 40 ms), so WORLD is dropping frames. Control and AEB are unaffected -- they run on the BeamNG thread.
2026-08-09 18:34:42,714 INFO beamng_lidar_bev.main_window: 3D scene build is over budget at 80.4 ms (tick is 40 ms), so WORLD is dropping frames. Control and AEB are unaffected -- they run on the BeamNG thread.
2026-08-09 18:34:57,757 INFO beamng_lidar_bev.main_window: 3D scene build is over budget at 69.3 ms (tick is 40 ms), so WORLD is dropping frames. Control and AEB are unaffected -- they run on the BeamNG thread.
2026-08-09 18:35:12,817 INFO beamng_lidar_bev.main_window: 3D scene build is over budget at 73.0 ms (tick is 40 ms), so WORLD is dropping frames. Control and AEB are unaffected -- they run on the BeamNG thread.
2026-08-09 18:35:27,866 INFO beamng_lidar_bev.main_window: 3D scene build is over budget at 71.2 ms (tick is 40 ms), so WORLD is dropping frames. Control and AEB are unaffected -- they run on the BeamNG thread.
2026-08-09 18:35:42,926 INFO beamng_lidar_bev.main_window: 3D scene build is over budget at 67.0 ms (tick is 40 ms), so WORLD is dropping frames. Control and AEB are unaffected -- they run on the BeamNG thread.
2026-08-09 18:35:57,934 INFO beamng_lidar_bev.main_window: 3D scene build is over budget at 71.4 ms (tick is 40 ms), so WORLD is dropping frames. Control and AEB are unaffected -- they run on the BeamNG thread.
2026-08-09 18:36:12,949 INFO beamng_lidar_bev.main_window: 3D scene build is over budget at 70.2 ms (tick is 40 ms), so WORLD is dropping frames. Control and AEB are unaffected -- they run on the BeamNG thread.
2026-08-09 18:36:28,001 INFO beamng_lidar_bev.main_window: 3D scene build is over budget at 71.2 ms (tick is 40 ms), so WORLD is dropping frames. Control and AEB are unaffected -- they run on the BeamNG thread.
2026-08-09 18:36:43,042 INFO beamng_lidar_bev.main_window: 3D scene build is over budget at 74.8 ms (tick is 40 ms), so WORLD is dropping frames. Control and AEB are unaffected -- they run on the BeamNG thread.
2026-08-09 18:36:58,041 INFO beamng_lidar_bev.main_window: 3D scene build is over budget at 71.8 ms (tick is 40 ms), so WORLD is dropping frames. Control and AEB are unaffected -- they run on the BeamNG thread.
2026-08-09 18:37:13,101 INFO beamng_lidar_bev.main_window: 3D scene build is over budget at 70.4 ms (tick is 40 ms), so WORLD is dropping frames. Control and AEB are unaffected -- they run on the BeamNG thread.
2026-08-09 18:37:28,132 INFO beamng_lidar_bev.main_window: 3D scene build is over budget at 73.7 ms (tick is 40 ms), so WORLD is dropping frames. Control and AEB are unaffected -- they run on the BeamNG thread.
2026-08-09 18:37:43,194 INFO beamng_lidar_bev.main_window: 3D scene build is over budget at 69.8 ms (tick is 40 ms), so WORLD is dropping frames. Control and AEB are unaffected -- they run on the BeamNG thread.
2026-08-09 18:37:58,221 INFO beamng_lidar_bev.main_window: 3D scene build is over budget at 76.0 ms (tick is 40 ms), so WORLD is dropping frames. Control and AEB are unaffected -- they run on the BeamNG thread.
2026-08-09 18:38:13,246 INFO beamng_lidar_bev.main_window: 3D scene build is over budget at 75.2 ms (tick is 40 ms), so WORLD is dropping frames. Control and AEB are unaffected -- they run on the BeamNG thread.
2026-08-09 18:38:28,249 INFO beamng_lidar_bev.main_window: 3D scene build is over budget at 74.2 ms (tick is 40 ms), so WORLD is dropping frames. Control and AEB are unaffected -- they run on the BeamNG thread.
2026-08-09 18:38:43,300 INFO beamng_lidar_bev.main_window: 3D scene build is over budget at 73.8 ms (tick is 40 ms), so WORLD is dropping frames. Control and AEB are unaffected -- they run on the BeamNG thread.
2026-08-09 18:38:58,296 INFO beamng_lidar_bev.main_window: 3D scene build is over budget at 59.7 ms (tick is 40 ms), so WORLD is dropping frames. Control and AEB are unaffected -- they run on the BeamNG thread.
2026-08-09 18:39:13,331 INFO beamng_lidar_bev.main_window: 3D scene build is over budget at 76.8 ms (tick is 40 ms), so WORLD is dropping frames. Control and AEB are unaffected -- they run on the BeamNG thread.
2026-08-09 18:39:28,378 INFO beamng_lidar_bev.main_window: 3D scene build is over budget at 77.3 ms (tick is 40 ms), so WORLD is dropping frames. Control and AEB are unaffected -- they run on the BeamNG thread.
2026-08-09 18:39:43,400 INFO beamng_lidar_bev.main_window: 3D scene build is over budget at 76.0 ms (tick is 40 ms), so WORLD is dropping frames. Control and AEB are unaffected -- they run on the BeamNG thread.
2026-08-09 18:39:58,412 INFO beamng_lidar_bev.main_window: 3D scene build is over budget at 73.8 ms (tick is 40 ms), so WORLD is dropping frames. Control and AEB are unaffected -- they run on the BeamNG thread.
2026-08-09 18:40:13,445 INFO beamng_lidar_bev.main_window: 3D scene build is over budget at 60.0 ms (tick is 40 ms), so WORLD is dropping frames. Control and AEB are unaffected -- they run on the BeamNG thread.
2026-08-09 18:40:28,473 INFO beamng_lidar_bev.main_window: 3D scene build is over budget at 75.7 ms (tick is 40 ms), so WORLD is dropping frames. Control and AEB are unaffected -- they run on the BeamNG thread.
2026-08-09 18:40:43,526 INFO beamng_lidar_bev.main_window: 3D scene build is over budget at 67.7 ms (tick is 40 ms), so WORLD is dropping frames. Control and AEB are unaffected -- they run on the BeamNG thread.
2026-08-09 18:40:58,582 INFO beamng_lidar_bev.main_window: 3D scene build is over budget at 71.3 ms (tick is 40 ms), so WORLD is dropping frames. Control and AEB are unaffected -- they run on the BeamNG thread.
2026-08-09 18:41:13,646 INFO beamng_lidar_bev.main_window: 3D scene build is over budget at 76.3 ms (tick is 40 ms), so WORLD is dropping frames. Control and AEB are unaffected -- they run on the BeamNG thread.
2026-08-09 18:41:28,716 INFO beamng_lidar_bev.main_window: 3D scene build is over budget at 74.1 ms (tick is 40 ms), so WORLD is dropping frames. Control and AEB are unaffected -- they run on the BeamNG thread.
2026-08-09 18:41:43,755 INFO beamng_lidar_bev.main_window: 3D scene build is over budget at 79.1 ms (tick is 40 ms), so WORLD is dropping frames. Control and AEB are unaffected -- they run on the BeamNG thread.
2026-08-09 18:41:58,795 INFO beamng_lidar_bev.main_window: 3D scene build is over budget at 74.3 ms (tick is 40 ms), so WORLD is dropping frames. Control and AEB are unaffected -- they run on the BeamNG thread.
2026-08-09 18:42:13,825 INFO beamng_lidar_bev.main_window: 3D scene build is over budget at 74.0 ms (tick is 40 ms), so WORLD is dropping frames. Control and AEB are unaffected -- they run on the BeamNG thread.
2026-08-09 18:42:28,841 INFO beamng_lidar_bev.main_window: 3D scene build is over budget at 77.5 ms (tick is 40 ms), so WORLD is dropping frames. Control and AEB are unaffected -- they run on the BeamNG thread.
2026-08-09 18:42:43,872 INFO beamng_lidar_bev.main_window: 3D scene build is over budget at 75.1 ms (tick is 40 ms), so WORLD is dropping frames. Control and AEB are unaffected -- they run on the BeamNG thread.
2026-08-09 18:42:58,921 INFO beamng_lidar_bev.main_window: 3D scene build is over budget at 73.1 ms (tick is 40 ms), so WORLD is dropping frames. Control and AEB are unaffected -- they run on the BeamNG thread.
2026-08-09 18:43:13,924 INFO beamng_lidar_bev.main_window: 3D scene build is over budget at 78.5 ms (tick is 40 ms), so WORLD is dropping frames. Control and AEB are unaffected -- they run on the BeamNG thread.
2026-08-09 18:43:28,960 INFO beamng_lidar_bev.main_window: 3D scene build is over budget at 71.0 ms (tick is 40 ms), so WORLD is dropping frames. Control and AEB are unaffected -- they run on the BeamNG thread.
2026-08-09 18:43:44,003 INFO beamng_lidar_bev.main_window: 3D scene build is over budget at 66.0 ms (tick is 40 ms), so WORLD is dropping frames. Control and AEB are unaffected -- they run on the BeamNG thread.
2026-08-09 18:43:59,059 INFO beamng_lidar_bev.main_window: 3D scene build is over budget at 70.1 ms (tick is 40 ms), so WORLD is dropping frames. Control and AEB are unaffected -- they run on the BeamNG thread.
2026-08-09 18:44:14,108 INFO beamng_lidar_bev.main_window: 3D scene build is over budget at 59.4 ms (tick is 40 ms), so WORLD is dropping frames. Control and AEB are unaffected -- they run on the BeamNG thread.
2026-08-09 18:44:29,111 INFO beamng_lidar_bev.main_window: 3D scene build is over budget at 69.5 ms (tick is 40 ms), so WORLD is dropping frames. Control and AEB are unaffected -- they run on the BeamNG thread.
2026-08-09 18:44:44,159 INFO beamng_lidar_bev.main_window: 3D scene build is over budget at 72.0 ms (tick is 40 ms), so WORLD is dropping frames. Control and AEB are unaffected -- they run on the BeamNG thread.
2026-08-09 18:44:59,174 INFO beamng_lidar_bev.main_window: 3D scene build is over budget at 73.4 ms (tick is 40 ms), so WORLD is dropping frames. Control and AEB are unaffected -- they run on the BeamNG thread.
2026-08-09 18:45:14,178 INFO beamng_lidar_bev.main_window: 3D scene build is over budget at 72.2 ms (tick is 40 ms), so WORLD is dropping frames. Control and AEB are unaffected -- they run on the BeamNG thread.
2026-08-09 18:45:29,205 INFO beamng_lidar_bev.main_window: 3D scene build is over budget at 70.0 ms (tick is 40 ms), so WORLD is dropping frames. Control and AEB are unaffected -- they run on the BeamNG thread.
2026-08-09 18:45:44,230 INFO beamng_lidar_bev.main_window: 3D scene build is over budget at 77.6 ms (tick is 40 ms), so WORLD is dropping frames. Control and AEB are unaffected -- they run on the BeamNG thread.
2026-08-09 18:45:59,253 INFO beamng_lidar_bev.main_window: 3D scene build is over budget at 74.8 ms (tick is 40 ms), so WORLD is dropping frames. Control and AEB are unaffected -- they run on the BeamNG thread.
2026-08-09 18:46:14,303 INFO beamng_lidar_bev.main_window: 3D scene build is over budget at 72.7 ms (tick is 40 ms), so WORLD is dropping frames. Control and AEB are unaffected -- they run on the BeamNG thread.
2026-08-09 18:46:29,313 INFO beamng_lidar_bev.main_window: 3D scene build is over budget at 73.1 ms (tick is 40 ms), so WORLD is dropping frames. Control and AEB are unaffected -- they run on the BeamNG thread.
2026-08-09 18:46:44,321 INFO beamng_lidar_bev.main_window: 3D scene build is over budget at 61.5 ms (tick is 40 ms), so WORLD is dropping frames. Control and AEB are unaffected -- they run on the BeamNG thread.
2026-08-09 18:46:59,346 INFO beamng_lidar_bev.main_window: 3D scene build is over budget at 71.4 ms (tick is 40 ms), so WORLD is dropping frames. Control and AEB are unaffected -- they run on the BeamNG thread.
2026-08-09 18:47:14,361 INFO beamng_lidar_bev.main_window: 3D scene build is over budget at 76.2 ms (tick is 40 ms), so WORLD is dropping frames. Control and AEB are unaffected -- they run on the BeamNG thread.
2026-08-09 18:47:29,408 INFO beamng_lidar_bev.main_window: 3D scene build is over budget at 72.6 ms (tick is 40 ms), so WORLD is dropping frames. Control and AEB are unaffected -- they run on the BeamNG thread.
2026-08-09 18:47:44,419 INFO beamng_lidar_bev.main_window: 3D scene build is over budget at 73.6 ms (tick is 40 ms), so WORLD is dropping frames. Control and AEB are unaffected -- they run on the BeamNG thread.
2026-08-09 18:47:59,424 INFO beamng_lidar_bev.main_window: 3D scene build is over budget at 72.1 ms (tick is 40 ms), so WORLD is dropping frames. Control and AEB are unaffected -- they run on the BeamNG thread.
2026-08-09 18:48:14,480 INFO beamng_lidar_bev.main_window: 3D scene build is over budget at 72.8 ms (tick is 40 ms), so WORLD is dropping frames. Control and AEB are unaffected -- they run on the BeamNG thread.
2026-08-09 18:48:29,483 INFO beamng_lidar_bev.main_window: 3D scene build is over budget at 72.4 ms (tick is 40 ms), so WORLD is dropping frames. Control and AEB are unaffected -- they run on the BeamNG thread.
2026-08-09 18:48:44,532 INFO beamng_lidar_bev.main_window: 3D scene build is over budget at 69.4 ms (tick is 40 ms), so WORLD is dropping frames. Control and AEB are unaffected -- they run on the BeamNG thread.
2026-08-09 18:48:59,587 INFO beamng_lidar_bev.main_window: 3D scene build is over budget at 76.3 ms (tick is 40 ms), so WORLD is dropping frames. Control and AEB are unaffected -- they run on the BeamNG thread.
2026-08-09 18:49:14,638 INFO beamng_lidar_bev.main_window: 3D scene build is over budget at 68.1 ms (tick is 40 ms), so WORLD is dropping frames. Control and AEB are unaffected -- they run on the BeamNG thread.
2026-08-09 18:49:29,640 INFO beamng_lidar_bev.main_window: 3D scene build is over budget at 73.6 ms (tick is 40 ms), so WORLD is dropping frames. Control and AEB are unaffected -- they run on the BeamNG thread.
2026-08-09 18:49:44,663 INFO beamng_lidar_bev.main_window: 3D scene build is over budget at 72.4 ms (tick is 40 ms), so WORLD is dropping frames. Control and AEB are unaffected -- they run on the BeamNG thread.
2026-08-09 18:49:59,673 INFO beamng_lidar_bev.main_window: 3D scene build is over budget at 76.0 ms (tick is 40 ms), so WORLD is dropping frames. Control and AEB are unaffected -- they run on the BeamNG thread.
2026-08-09 18:50:14,726 INFO beamng_lidar_bev.main_window: 3D scene build is over budget at 80.6 ms (tick is 40 ms), so WORLD is dropping frames. Control and AEB are unaffected -- they run on the BeamNG thread.
2026-08-09 18:50:29,766 INFO beamng_lidar_bev.main_window: 3D scene build is over budget at 70.4 ms (tick is 40 ms), so WORLD is dropping frames. Control and AEB are unaffected -- they run on the BeamNG thread.
2026-08-09 18:50:44,783 INFO beamng_lidar_bev.main_window: 3D scene build is over budget at 67.2 ms (tick is 40 ms), so WORLD is dropping frames. Control and AEB are unaffected -- they run on the BeamNG thread.
2026-08-09 18:50:59,842 INFO beamng_lidar_bev.main_window: 3D scene build is over budget at 73.5 ms (tick is 40 ms), so WORLD is dropping frames. Control and AEB are unaffected -- they run on the BeamNG thread.
2026-08-09 18:51:14,845 INFO beamng_lidar_bev.main_window: 3D scene build is over budget at 63.4 ms (tick is 40 ms), so WORLD is dropping frames. Control and AEB are unaffected -- they run on the BeamNG thread.
2026-08-09 18:51:29,882 INFO beamng_lidar_bev.main_window: 3D scene build is over budget at 70.1 ms (tick is 40 ms), so WORLD is dropping frames. Control and AEB are unaffected -- they run on the BeamNG thread.
2026-08-09 18:51:44,883 INFO beamng_lidar_bev.main_window: 3D scene build is over budget at 70.4 ms (tick is 40 ms), so WORLD is dropping frames. Control and AEB are unaffected -- they run on the BeamNG thread.
2026-08-09 18:51:59,953 INFO beamng_lidar_bev.main_window: 3D scene build is over budget at 77.9 ms (tick is 40 ms), so WORLD is dropping frames. Control and AEB are unaffected -- they run on the BeamNG thread.
2026-08-09 18:52:14,998 INFO beamng_lidar_bev.main_window: 3D scene build is over budget at 73.2 ms (tick is 40 ms), so WORLD is dropping frames. Control and AEB are unaffected -- they run on the BeamNG thread.
2026-08-09 18:52:29,995 INFO beamng_lidar_bev.main_window: 3D scene build is over budget at 64.7 ms (tick is 40 ms), so WORLD is dropping frames. Control and AEB are unaffected -- they run on the BeamNG thread.
2026-08-09 18:52:45,001 INFO beamng_lidar_bev.main_window: 3D scene build is over budget at 76.2 ms (tick is 40 ms), so WORLD is dropping frames. Control and AEB are unaffected -- they run on the BeamNG thread.
2026-08-09 18:53:00,023 INFO beamng_lidar_bev.main_window: 3D scene build is over budget at 75.4 ms (tick is 40 ms), so WORLD is dropping frames. Control and AEB are unaffected -- they run on the BeamNG thread.
2026-08-09 18:53:15,043 INFO beamng_lidar_bev.main_window: 3D scene build is over budget at 77.0 ms (tick is 40 ms), so WORLD is dropping frames. Control and AEB are unaffected -- they run on the BeamNG thread.
2026-08-09 18:53:30,107 INFO beamng_lidar_bev.main_window: 3D scene build is over budget at 73.9 ms (tick is 40 ms), so WORLD is dropping frames. Control and AEB are unaffected -- they run on the BeamNG thread.
2026-08-09 18:53:45,125 INFO beamng_lidar_bev.main_window: 3D scene build is over budget at 73.8 ms (tick is 40 ms), so WORLD is dropping frames. Control and AEB are unaffected -- they run on the BeamNG thread.
2026-08-09 18:54:00,138 INFO beamng_lidar_bev.main_window: 3D scene build is over budget at 75.2 ms (tick is 40 ms), so WORLD is dropping frames. Control and AEB are unaffected -- they run on the BeamNG thread.
2026-08-09 18:54:15,182 INFO beamng_lidar_bev.main_window: 3D scene build is over budget at 70.7 ms (tick is 40 ms), so WORLD is dropping frames. Control and AEB are unaffected -- they run on the BeamNG thread.
2026-08-09 18:54:30,222 INFO beamng_lidar_bev.main_window: 3D scene build is over budget at 76.0 ms (tick is 40 ms), so WORLD is dropping frames. Control and AEB are unaffected -- they run on the BeamNG thread.
2026-08-09 18:54:45,227 INFO beamng_lidar_bev.main_window: 3D scene build is over budget at 70.4 ms (tick is 40 ms), so WORLD is dropping frames. Control and AEB are unaffected -- they run on the BeamNG thread.
2026-08-09 18:55:00,241 INFO beamng_lidar_bev.main_window: 3D scene build is over budget at 72.5 ms (tick is 40 ms), so WORLD is dropping frames. Control and AEB are unaffected -- they run on the BeamNG thread.
2026-08-09 18:55:15,304 INFO beamng_lidar_bev.main_window: 3D scene build is over budget at 69.8 ms (tick is 40 ms), so WORLD is dropping frames. Control and AEB are unaffected -- they run on the BeamNG thread.
2026-08-09 18:55:30,360 INFO beamng_lidar_bev.main_window: 3D scene build is over budget at 71.5 ms (tick is 40 ms), so WORLD is dropping frames. Control and AEB are unaffected -- they run on the BeamNG thread.
2026-08-09 18:55:45,403 INFO beamng_lidar_bev.main_window: 3D scene build is over budget at 68.7 ms (tick is 40 ms), so WORLD is dropping frames. Control and AEB are unaffected -- they run on the BeamNG thread.
2026-08-09 18:56:00,399 INFO beamng_lidar_bev.main_window: 3D scene build is over budget at 75.2 ms (tick is 40 ms), so WORLD is dropping frames. Control and AEB are unaffected -- they run on the BeamNG thread.
2026-08-09 18:56:15,441 INFO beamng_lidar_bev.main_window: 3D scene build is over budget at 91.3 ms (tick is 40 ms), so WORLD is dropping frames. Control and AEB are unaffected -- they run on the BeamNG thread.
2026-08-09 18:56:30,465 INFO beamng_lidar_bev.main_window: 3D scene build is over budget at 74.4 ms (tick is 40 ms), so WORLD is dropping frames. Control and AEB are unaffected -- they run on the BeamNG thread.
2026-08-09 18:56:45,518 INFO beamng_lidar_bev.main_window: 3D scene build is over budget at 79.1 ms (tick is 40 ms), so WORLD is dropping frames. Control and AEB are unaffected -- they run on the BeamNG thread.
2026-08-09 18:57:00,546 INFO beamng_lidar_bev.main_window: 3D scene build is over budget at 70.1 ms (tick is 40 ms), so WORLD is dropping frames. Control and AEB are unaffected -- they run on the BeamNG thread.
2026-08-09 18:57:15,574 INFO beamng_lidar_bev.main_window: 3D scene build is over budget at 68.9 ms (tick is 40 ms), so WORLD is dropping frames. Control and AEB are unaffected -- they run on the BeamNG thread.
2026-08-09 18:57:30,594 INFO beamng_lidar_bev.main_window: 3D scene build is over budget at 70.6 ms (tick is 40 ms), so WORLD is dropping frames. Control and AEB are unaffected -- they run on the BeamNG thread.
2026-08-09 18:57:45,629 INFO beamng_lidar_bev.main_window: 3D scene build is over budget at 70.9 ms (tick is 40 ms), so WORLD is dropping frames. Control and AEB are unaffected -- they run on the BeamNG thread.
2026-08-09 18:58:00,685 INFO beamng_lidar_bev.main_window: 3D scene build is over budget at 80.5 ms (tick is 40 ms), so WORLD is dropping frames. Control and AEB are unaffected -- they run on the BeamNG thread.
2026-08-09 18:58:15,692 INFO beamng_lidar_bev.main_window: 3D scene build is over budget at 74.6 ms (tick is 40 ms), so WORLD is dropping frames. Control and AEB are unaffected -- they run on the BeamNG thread.
2026-08-09 18:58:30,799 INFO beamng_lidar_bev.main_window: 3D scene build is over budget at 69.6 ms (tick is 40 ms), so WORLD is dropping frames. Control and AEB are unaffected -- they run on the BeamNG thread.
2026-08-09 18:58:45,802 INFO beamng_lidar_bev.main_window: 3D scene build is over budget at 72.0 ms (tick is 40 ms), so WORLD is dropping frames. Control and AEB are unaffected -- they run on the BeamNG thread.
2026-08-09 18:59:00,819 INFO beamng_lidar_bev.main_window: 3D scene build is over budget at 78.8 ms (tick is 40 ms), so WORLD is dropping frames. Control and AEB are unaffected -- they run on the BeamNG thread.
2026-08-09 18:59:15,877 INFO beamng_lidar_bev.main_window: 3D scene build is over budget at 73.2 ms (tick is 40 ms), so WORLD is dropping frames. Control and AEB are unaffected -- they run on the BeamNG thread.
2026-08-09 18:59:30,905 INFO beamng_lidar_bev.main_window: 3D scene build is over budget at 78.5 ms (tick is 40 ms), so WORLD is dropping frames. Control and AEB are unaffected -- they run on the BeamNG thread.
2026-08-09 18:59:45,918 INFO beamng_lidar_bev.main_window: 3D scene build is over budget at 76.5 ms (tick is 40 ms), so WORLD is dropping frames. Control and AEB are unaffected -- they run on the BeamNG thread.
2026-08-09 19:00:00,921 INFO beamng_lidar_bev.main_window: 3D scene build is over budget at 70.4 ms (tick is 40 ms), so WORLD is dropping frames. Control and AEB are unaffected -- they run on the BeamNG thread.
2026-08-09 19:00:15,934 INFO beamng_lidar_bev.main_window: 3D scene build is over budget at 72.0 ms (tick is 40 ms), so WORLD is dropping frames. Control and AEB are unaffected -- they run on the BeamNG thread.
2026-08-09 19:00:30,951 INFO beamng_lidar_bev.main_window: 3D scene build is over budget at 76.1 ms (tick is 40 ms), so WORLD is dropping frames. Control and AEB are unaffected -- they run on the BeamNG thread.
2026-08-09 19:00:45,989 INFO beamng_lidar_bev.main_window: 3D scene build is over budget at 81.6 ms (tick is 40 ms), so WORLD is dropping frames. Control and AEB are unaffected -- they run on the BeamNG thread.
2026-08-09 19:01:01,012 INFO beamng_lidar_bev.main_window: 3D scene build is over budget at 74.1 ms (tick is 40 ms), so WORLD is dropping frames. Control and AEB are unaffected -- they run on the BeamNG thread.
2026-08-09 19:01:16,065 INFO beamng_lidar_bev.main_window: 3D scene build is over budget at 68.9 ms (tick is 40 ms), so WORLD is dropping frames. Control and AEB are unaffected -- they run on the BeamNG thread.
2026-08-09 19:01:31,068 INFO beamng_lidar_bev.main_window: 3D scene build is over budget at 74.1 ms (tick is 40 ms), so WORLD is dropping frames. Control and AEB are unaffected -- they run on the BeamNG thread.
2026-08-09 19:01:46,073 INFO beamng_lidar_bev.main_window: 3D scene build is over budget at 72.5 ms (tick is 40 ms), so WORLD is dropping frames. Control and AEB are unaffected -- they run on the BeamNG thread.
2026-08-09 19:02:01,152 INFO beamng_lidar_bev.main_window: 3D scene build is over budget at 80.9 ms (tick is 40 ms), so WORLD is dropping frames. Control and AEB are unaffected -- they run on the BeamNG thread.
2026-08-09 19:02:16,201 INFO beamng_lidar_bev.main_window: 3D scene build is over budget at 88.0 ms (tick is 40 ms), so WORLD is dropping frames. Control and AEB are unaffected -- they run on the BeamNG thread.
2026-08-09 19:02:31,237 INFO beamng_lidar_bev.main_window: 3D scene build is over budget at 81.5 ms (tick is 40 ms), so WORLD is dropping frames. Control and AEB are unaffected -- they run on the BeamNG thread.
2026-08-09 19:02:46,253 INFO beamng_lidar_bev.main_window: 3D scene build is over budget at 87.3 ms (tick is 40 ms), so WORLD is dropping frames. Control and AEB are unaffected -- they run on the BeamNG thread.
2026-08-09 19:03:01,249 INFO beamng_lidar_bev.main_window: 3D scene build is over budget at 66.7 ms (tick is 40 ms), so WORLD is dropping frames. Control and AEB are unaffected -- they run on the BeamNG thread.
2026-08-09 19:03:16,266 INFO beamng_lidar_bev.main_window: 3D scene build is over budget at 78.1 ms (tick is 40 ms), so WORLD is dropping frames. Control and AEB are unaffected -- they run on the BeamNG thread.
2026-08-09 19:03:31,299 INFO beamng_lidar_bev.main_window: 3D scene build is over budget at 72.6 ms (tick is 40 ms), so WORLD is dropping frames. Control and AEB are unaffected -- they run on the BeamNG thread.
2026-08-09 19:03:46,288 INFO beamng_lidar_bev.main_window: 3D scene build is over budget at 72.3 ms (tick is 40 ms), so WORLD is dropping frames. Control and AEB are unaffected -- they run on the BeamNG thread.
2026-08-09 19:04:01,354 INFO beamng_lidar_bev.main_window: 3D scene build is over budget at 71.0 ms (tick is 40 ms), so WORLD is dropping frames. Control and AEB are unaffected -- they run on the BeamNG thread.
2026-08-09 19:04:16,383 INFO beamng_lidar_bev.main_window: 3D scene build is over budget at 69.6 ms (tick is 40 ms), so WORLD is dropping frames. Control and AEB are unaffected -- they run on the BeamNG thread.
2026-08-09 19:04:31,428 INFO beamng_lidar_bev.main_window: 3D scene build is over budget at 70.3 ms (tick is 40 ms), so WORLD is dropping frames. Control and AEB are unaffected -- they run on the BeamNG thread.
2026-08-09 19:04:46,475 INFO beamng_lidar_bev.main_window: 3D scene build is over budget at 75.4 ms (tick is 40 ms), so WORLD is dropping frames. Control and AEB are unaffected -- they run on the BeamNG thread.
2026-08-09 19:05:01,537 INFO beamng_lidar_bev.main_window: 3D scene build is over budget at 70.6 ms (tick is 40 ms), so WORLD is dropping frames. Control and AEB are unaffected -- they run on the BeamNG thread.
2026-08-09 19:05:16,553 INFO beamng_lidar_bev.main_window: 3D scene build is over budget at 69.6 ms (tick is 40 ms), so WORLD is dropping frames. Control and AEB are unaffected -- they run on the BeamNG thread.
2026-08-09 19:05:31,598 INFO beamng_lidar_bev.main_window: 3D scene build is over budget at 77.7 ms (tick is 40 ms), so WORLD is dropping frames. Control and AEB are unaffected -- they run on the BeamNG thread.
2026-08-09 19:05:46,667 INFO beamng_lidar_bev.main_window: 3D scene build is over budget at 77.6 ms (tick is 40 ms), so WORLD is dropping frames. Control and AEB are unaffected -- they run on the BeamNG thread.
2026-08-09 19:06:01,680 INFO beamng_lidar_bev.main_window: 3D scene build is over budget at 75.2 ms (tick is 40 ms), so WORLD is dropping frames. Control and AEB are unaffected -- they run on the BeamNG thread.
2026-08-09 19:06:16,750 INFO beamng_lidar_bev.main_window: 3D scene build is over budget at 81.2 ms (tick is 40 ms), so WORLD is dropping frames. Control and AEB are unaffected -- they run on the BeamNG thread.
2026-08-09 19:06:31,770 INFO beamng_lidar_bev.main_window: 3D scene build is over budget at 65.4 ms (tick is 40 ms), so WORLD is dropping frames. Control and AEB are unaffected -- they run on the BeamNG thread.
2026-08-09 19:06:46,810 INFO beamng_lidar_bev.main_window: 3D scene build is over budget at 72.0 ms (tick is 40 ms), so WORLD is dropping frames. Control and AEB are unaffected -- they run on the BeamNG thread.
2026-08-09 19:07:01,865 INFO beamng_lidar_bev.main_window: 3D scene build is over budget at 77.2 ms (tick is 40 ms), so WORLD is dropping frames. Control and AEB are unaffected -- they run on the BeamNG thread.
2026-08-09 19:07:16,885 INFO beamng_lidar_bev.main_window: 3D scene build is over budget at 72.3 ms (tick is 40 ms), so WORLD is dropping frames. Control and AEB are unaffected -- they run on the BeamNG thread.
2026-08-09 19:07:31,938 INFO beamng_lidar_bev.main_window: 3D scene build is over budget at 72.5 ms (tick is 40 ms), so WORLD is dropping frames. Control and AEB are unaffected -- they run on the BeamNG thread.
2026-08-09 19:07:46,962 INFO beamng_lidar_bev.main_window: 3D scene build is over budget at 76.3 ms (tick is 40 ms), so WORLD is dropping frames. Control and AEB are unaffected -- they run on the BeamNG thread.
2026-08-09 19:08:01,994 INFO beamng_lidar_bev.main_window: 3D scene build is over budget at 75.9 ms (tick is 40 ms), so WORLD is dropping frames. Control and AEB are unaffected -- they run on the BeamNG thread.
2026-08-09 19:08:17,025 INFO beamng_lidar_bev.main_window: 3D scene build is over budget at 66.5 ms (tick is 40 ms), so WORLD is dropping frames. Control and AEB are unaffected -- they run on the BeamNG thread.
2026-08-09 19:08:32,079 INFO beamng_lidar_bev.main_window: 3D scene build is over budget at 72.8 ms (tick is 40 ms), so WORLD is dropping frames. Control and AEB are unaffected -- they run on the BeamNG thread.
2026-08-09 19:08:47,130 INFO beamng_lidar_bev.main_window: 3D scene build is over budget at 67.6 ms (tick is 40 ms), so WORLD is dropping frames. Control and AEB are unaffected -- they run on the BeamNG thread.
2026-08-09 19:09:02,130 INFO beamng_lidar_bev.main_window: 3D scene build is over budget at 68.5 ms (tick is 40 ms), so WORLD is dropping frames. Control and AEB are unaffected -- they run on the BeamNG thread.
2026-08-09 19:09:17,165 INFO beamng_lidar_bev.main_window: 3D scene build is over budget at 75.9 ms (tick is 40 ms), so WORLD is dropping frames. Control and AEB are unaffected -- they run on the BeamNG thread.
2026-08-09 19:09:32,207 INFO beamng_lidar_bev.main_window: 3D scene build is over budget at 72.7 ms (tick is 40 ms), so WORLD is dropping frames. Control and AEB are unaffected -- they run on the BeamNG thread.
2026-08-09 19:09:47,280 INFO beamng_lidar_bev.main_window: 3D scene build is over budget at 74.5 ms (tick is 40 ms), so WORLD is dropping frames. Control and AEB are unaffected -- they run on the BeamNG thread.
2026-08-09 19:10:02,289 INFO beamng_lidar_bev.main_window: 3D scene build is over budget at 73.9 ms (tick is 40 ms), so WORLD is dropping frames. Control and AEB are unaffected -- they run on the BeamNG thread.
2026-08-09 19:10:17,335 INFO beamng_lidar_bev.main_window: 3D scene build is over budget at 74.9 ms (tick is 40 ms), so WORLD is dropping frames. Control and AEB are unaffected -- they run on the BeamNG thread.
2026-08-09 19:10:32,335 INFO beamng_lidar_bev.main_window: 3D scene build is over budget at 77.6 ms (tick is 40 ms), so WORLD is dropping frames. Control and AEB are unaffected -- they run on the BeamNG thread.
2026-08-09 19:10:47,345 INFO beamng_lidar_bev.main_window: 3D scene build is over budget at 72.7 ms (tick is 40 ms), so WORLD is dropping frames. Control and AEB are unaffected -- they run on the BeamNG thread.
2026-08-09 19:11:02,398 INFO beamng_lidar_bev.main_window: 3D scene build is over budget at 72.9 ms (tick is 40 ms), so WORLD is dropping frames. Control and AEB are unaffected -- they run on the BeamNG thread.
2026-08-09 19:11:17,447 INFO beamng_lidar_bev.main_window: 3D scene build is over budget at 65.6 ms (tick is 40 ms), so WORLD is dropping frames. Control and AEB are unaffected -- they run on the BeamNG thread.
2026-08-09 19:11:32,505 INFO beamng_lidar_bev.main_window: 3D scene build is over budget at 68.9 ms (tick is 40 ms), so WORLD is dropping frames. Control and AEB are unaffected -- they run on the BeamNG thread.
2026-08-09 19:11:47,507 INFO beamng_lidar_bev.main_window: 3D scene build is over budget at 72.0 ms (tick is 40 ms), so WORLD is dropping frames. Control and AEB are unaffected -- they run on the BeamNG thread.
2026-08-09 19:12:02,556 INFO beamng_lidar_bev.main_window: 3D scene build is over budget at 69.4 ms (tick is 40 ms), so WORLD is dropping frames. Control and AEB are unaffected -- they run on the BeamNG thread.
2026-08-09 19:12:17,603 INFO beamng_lidar_bev.main_window: 3D scene build is over budget at 80.1 ms (tick is 40 ms), so WORLD is dropping frames. Control and AEB are unaffected -- they run on the BeamNG thread.
2026-08-09 19:12:32,630 INFO beamng_lidar_bev.main_window: 3D scene build is over budget at 80.6 ms (tick is 40 ms), so WORLD is dropping frames. Control and AEB are unaffected -- they run on the BeamNG thread.
2026-08-09 19:12:47,704 INFO beamng_lidar_bev.main_window: 3D scene build is over budget at 78.4 ms (tick is 40 ms), so WORLD is dropping frames. Control and AEB are unaffected -- they run on the BeamNG thread.
2026-08-09 19:13:02,704 INFO beamng_lidar_bev.main_window: 3D scene build is over budget at 73.8 ms (tick is 40 ms), so WORLD is dropping frames. Control and AEB are unaffected -- they run on the BeamNG thread.
2026-08-09 19:13:17,739 INFO beamng_lidar_bev.main_window: 3D scene build is over budget at 74.7 ms (tick is 40 ms), so WORLD is dropping frames. Control and AEB are unaffected -- they run on the BeamNG thread.
2026-08-09 19:13:32,788 INFO beamng_lidar_bev.main_window: 3D scene build is over budget at 74.6 ms (tick is 40 ms), so WORLD is dropping frames. Control and AEB are unaffected -- they run on the BeamNG thread.
2026-08-09 19:13:47,809 INFO beamng_lidar_bev.main_window: 3D scene build is over budget at 72.5 ms (tick is 40 ms), so WORLD is dropping frames. Control and AEB are unaffected -- they run on the BeamNG thread.
2026-08-09 19:14:02,847 INFO beamng_lidar_bev.main_window: 3D scene build is over budget at 62.7 ms (tick is 40 ms), so WORLD is dropping frames. Control and AEB are unaffected -- they run on the BeamNG thread.
2026-08-09 19:14:17,894 INFO beamng_lidar_bev.main_window: 3D scene build is over budget at 69.8 ms (tick is 40 ms), so WORLD is dropping frames. Control and AEB are unaffected -- they run on the BeamNG thread.
2026-08-09 19:14:32,932 INFO beamng_lidar_bev.main_window: 3D scene build is over budget at 71.5 ms (tick is 40 ms), so WORLD is dropping frames. Control and AEB are unaffected -- they run on the BeamNG thread.
2026-08-09 19:14:47,976 INFO beamng_lidar_bev.main_window: 3D scene build is over budget at 73.4 ms (tick is 40 ms), so WORLD is dropping frames. Control and AEB are unaffected -- they run on the BeamNG thread.
2026-08-09 19:15:02,985 INFO beamng_lidar_bev.main_window: 3D scene build is over budget at 77.8 ms (tick is 40 ms), so WORLD is dropping frames. Control and AEB are unaffected -- they run on the BeamNG thread.
2026-08-09 19:15:18,023 INFO beamng_lidar_bev.main_window: 3D scene build is over budget at 74.9 ms (tick is 40 ms), so WORLD is dropping frames. Control and AEB are unaffected -- they run on the BeamNG thread.
2026-08-09 19:15:33,075 INFO beamng_lidar_bev.main_window: 3D scene build is over budget at 73.9 ms (tick is 40 ms), so WORLD is dropping frames. Control and AEB are unaffected -- they run on the BeamNG thread.
2026-08-09 19:15:48,114 INFO beamng_lidar_bev.main_window: 3D scene build is over budget at 70.5 ms (tick is 40 ms), so WORLD is dropping frames. Control and AEB are unaffected -- they run on the BeamNG thread.
2026-08-09 19:16:03,147 INFO beamng_lidar_bev.main_window: 3D scene build is over budget at 67.8 ms (tick is 40 ms), so WORLD is dropping frames. Control and AEB are unaffected -- they run on the BeamNG thread.
2026-08-09 19:16:18,147 INFO beamng_lidar_bev.main_window: 3D scene build is over budget at 73.5 ms (tick is 40 ms), so WORLD is dropping frames. Control and AEB are unaffected -- they run on the BeamNG thread.
2026-08-09 19:16:33,212 INFO beamng_lidar_bev.main_window: 3D scene build is over budget at 74.3 ms (tick is 40 ms), so WORLD is dropping frames. Control and AEB are unaffected -- they run on the BeamNG thread.
2026-08-09 19:16:48,221 INFO beamng_lidar_bev.main_window: 3D scene build is over budget at 78.5 ms (tick is 40 ms), so WORLD is dropping frames. Control and AEB are unaffected -- they run on the BeamNG thread.
2026-08-09 19:17:03,264 INFO beamng_lidar_bev.main_window: 3D scene build is over budget at 70.7 ms (tick is 40 ms), so WORLD is dropping frames. Control and AEB are unaffected -- they run on the BeamNG thread.
2026-08-09 19:17:18,260 INFO beamng_lidar_bev.main_window: 3D scene build is over budget at 70.3 ms (tick is 40 ms), so WORLD is dropping frames. Control and AEB are unaffected -- they run on the BeamNG thread.
2026-08-09 19:17:33,306 INFO beamng_lidar_bev.main_window: 3D scene build is over budget at 71.7 ms (tick is 40 ms), so WORLD is dropping frames. Control and AEB are unaffected -- they run on the BeamNG thread.
2026-08-09 19:17:48,336 INFO beamng_lidar_bev.main_window: 3D scene build is over budget at 71.6 ms (tick is 40 ms), so WORLD is dropping frames. Control and AEB are unaffected -- they run on the BeamNG thread.
2026-08-09 19:18:03,387 INFO beamng_lidar_bev.main_window: 3D scene build is over budget at 81.6 ms (tick is 40 ms), so WORLD is dropping frames. Control and AEB are unaffected -- they run on the BeamNG thread.
2026-08-09 19:18:18,437 INFO beamng_lidar_bev.main_window: 3D scene build is over budget at 74.5 ms (tick is 40 ms), so WORLD is dropping frames. Control and AEB are unaffected -- they run on the BeamNG thread.
2026-08-09 19:18:33,490 INFO beamng_lidar_bev.main_window: 3D scene build is over budget at 71.2 ms (tick is 40 ms), so WORLD is dropping frames. Control and AEB are unaffected -- they run on the BeamNG thread.
2026-08-09 19:18:48,534 INFO beamng_lidar_bev.main_window: 3D scene build is over budget at 73.1 ms (tick is 40 ms), so WORLD is dropping frames. Control and AEB are unaffected -- they run on the BeamNG thread.
2026-08-09 19:19:03,583 INFO beamng_lidar_bev.main_window: 3D scene build is over budget at 67.9 ms (tick is 40 ms), so WORLD is dropping frames. Control and AEB are unaffected -- they run on the BeamNG thread.
2026-08-09 19:19:18,608 INFO beamng_lidar_bev.main_window: 3D scene build is over budget at 70.4 ms (tick is 40 ms), so WORLD is dropping frames. Control and AEB are unaffected -- they run on the BeamNG thread.
2026-08-09 19:19:33,648 INFO beamng_lidar_bev.main_window: 3D scene build is over budget at 73.0 ms (tick is 40 ms), so WORLD is dropping frames. Control and AEB are unaffected -- they run on the BeamNG thread.
2026-08-09 19:19:48,705 INFO beamng_lidar_bev.main_window: 3D scene build is over budget at 73.7 ms (tick is 40 ms), so WORLD is dropping frames. Control and AEB are unaffected -- they run on the BeamNG thread.
2026-08-09 19:20:03,710 INFO beamng_lidar_bev.main_window: 3D scene build is over budget at 76.8 ms (tick is 40 ms), so WORLD is dropping frames. Control and AEB are unaffected -- they run on the BeamNG thread.
2026-08-09 19:20:18,774 INFO beamng_lidar_bev.main_window: 3D scene build is over budget at 72.5 ms (tick is 40 ms), so WORLD is dropping frames. Control and AEB are unaffected -- they run on the BeamNG thread.
2026-08-09 19:20:33,866 INFO beamng_lidar_bev.main_window: 3D scene build is over budget at 72.8 ms (tick is 40 ms), so WORLD is dropping frames. Control and AEB are unaffected -- they run on the BeamNG thread.
2026-08-09 19:20:48,906 INFO beamng_lidar_bev.main_window: 3D scene build is over budget at 72.2 ms (tick is 40 ms), so WORLD is dropping frames. Control and AEB are unaffected -- they run on the BeamNG thread.
2026-08-09 19:21:03,966 INFO beamng_lidar_bev.main_window: 3D scene build is over budget at 73.7 ms (tick is 40 ms), so WORLD is dropping frames. Control and AEB are unaffected -- they run on the BeamNG thread.
2026-08-09 19:21:19,002 INFO beamng_lidar_bev.main_window: 3D scene build is over budget at 71.6 ms (tick is 40 ms), so WORLD is dropping frames. Control and AEB are unaffected -- they run on the BeamNG thread.
2026-08-09 19:21:34,041 INFO beamng_lidar_bev.main_window: 3D scene build is over budget at 71.3 ms (tick is 40 ms), so WORLD is dropping frames. Control and AEB are unaffected -- they run on the BeamNG thread.
2026-08-09 19:21:49,101 INFO beamng_lidar_bev.main_window: 3D scene build is over budget at 76.0 ms (tick is 40 ms), so WORLD is dropping frames. Control and AEB are unaffected -- they run on the BeamNG thread.
2026-08-09 19:22:04,140 INFO beamng_lidar_bev.main_window: 3D scene build is over budget at 68.2 ms (tick is 40 ms), so WORLD is dropping frames. Control and AEB are unaffected -- they run on the BeamNG thread.
2026-08-09 19:22:19,147 INFO beamng_lidar_bev.main_window: 3D scene build is over budget at 69.4 ms (tick is 40 ms), so WORLD is dropping frames. Control and AEB are unaffected -- they run on the BeamNG thread.
2026-08-09 19:22:34,171 INFO beamng_lidar_bev.main_window: 3D scene build is over budget at 70.6 ms (tick is 40 ms), so WORLD is dropping frames. Control and AEB are unaffected -- they run on the BeamNG thread.
2026-08-09 19:22:49,166 INFO beamng_lidar_bev.main_window: 3D scene build is over budget at 80.4 ms (tick is 40 ms), so WORLD is dropping frames. Control and AEB are unaffected -- they run on the BeamNG thread.
2026-08-09 19:23:04,163 INFO beamng_lidar_bev.main_window: 3D scene build is over budget at 76.3 ms (tick is 40 ms), so WORLD is dropping frames. Control and AEB are unaffected -- they run on the BeamNG thread.
2026-08-09 19:23:19,232 INFO beamng_lidar_bev.main_window: 3D scene build is over budget at 73.8 ms (tick is 40 ms), so WORLD is dropping frames. Control and AEB are unaffected -- they run on the BeamNG thread.
2026-08-09 19:23:34,291 INFO beamng_lidar_bev.main_window: 3D scene build is over budget at 75.9 ms (tick is 40 ms), so WORLD is dropping frames. Control and AEB are unaffected -- they run on the BeamNG thread.
2026-08-09 19:23:49,319 INFO beamng_lidar_bev.main_window: 3D scene build is over budget at 70.8 ms (tick is 40 ms), so WORLD is dropping frames. Control and AEB are unaffected -- they run on the BeamNG thread.
2026-08-09 19:24:04,346 INFO beamng_lidar_bev.main_window: 3D scene build is over budget at 62.4 ms (tick is 40 ms), so WORLD is dropping frames. Control and AEB are unaffected -- they run on the BeamNG thread.
2026-08-09 19:24:19,399 INFO beamng_lidar_bev.main_window: 3D scene build is over budget at 74.5 ms (tick is 40 ms), so WORLD is dropping frames. Control and AEB are unaffected -- they run on the BeamNG thread.
2026-08-09 19:24:34,459 INFO beamng_lidar_bev.main_window: 3D scene build is over budget at 79.0 ms (tick is 40 ms), so WORLD is dropping frames. Control and AEB are unaffected -- they run on the BeamNG thread.
2026-08-09 19:24:49,527 INFO beamng_lidar_bev.main_window: 3D scene build is over budget at 74.9 ms (tick is 40 ms), so WORLD is dropping frames. Control and AEB are unaffected -- they run on the BeamNG thread.
2026-08-09 19:25:04,534 INFO beamng_lidar_bev.main_window: 3D scene build is over budget at 69.9 ms (tick is 40 ms), so WORLD is dropping frames. Control and AEB are unaffected -- they run on the BeamNG thread.
2026-08-09 19:25:19,543 INFO beamng_lidar_bev.main_window: 3D scene build is over budget at 73.3 ms (tick is 40 ms), so WORLD is dropping frames. Control and AEB are unaffected -- they run on the BeamNG thread.
2026-08-09 19:25:34,561 INFO beamng_lidar_bev.main_window: 3D scene build is over budget at 74.1 ms (tick is 40 ms), so WORLD is dropping frames. Control and AEB are unaffected -- they run on the BeamNG thread.
2026-08-09 19:25:49,602 INFO beamng_lidar_bev.main_window: 3D scene build is over budget at 75.6 ms (tick is 40 ms), so WORLD is dropping frames. Control and AEB are unaffected -- they run on the BeamNG thread.
2026-08-09 19:26:04,649 INFO beamng_lidar_bev.main_window: 3D scene build is over budget at 75.8 ms (tick is 40 ms), so WORLD is dropping frames. Control and AEB are unaffected -- they run on the BeamNG thread.
2026-08-09 19:26:19,688 INFO beamng_lidar_bev.main_window: 3D scene build is over budget at 71.3 ms (tick is 40 ms), so WORLD is dropping frames. Control and AEB are unaffected -- they run on the BeamNG thread.
2026-08-09 19:26:34,702 INFO beamng_lidar_bev.main_window: 3D scene build is over budget at 83.1 ms (tick is 40 ms), so WORLD is dropping frames. Control and AEB are unaffected -- they run on the BeamNG thread.
2026-08-09 19:26:49,746 INFO beamng_lidar_bev.main_window: 3D scene build is over budget at 68.0 ms (tick is 40 ms), so WORLD is dropping frames. Control and AEB are unaffected -- they run on the BeamNG thread.
2026-08-09 19:27:04,748 INFO beamng_lidar_bev.main_window: 3D scene build is over budget at 76.8 ms (tick is 40 ms), so WORLD is dropping frames. Control and AEB are unaffected -- they run on the BeamNG thread.
2026-08-09 19:27:19,806 INFO beamng_lidar_bev.main_window: 3D scene build is over budget at 70.1 ms (tick is 40 ms), so WORLD is dropping frames. Control and AEB are unaffected -- they run on the BeamNG thread.
2026-08-09 19:27:34,805 INFO beamng_lidar_bev.main_window: 3D scene build is over budget at 69.5 ms (tick is 40 ms), so WORLD is dropping frames. Control and AEB are unaffected -- they run on the BeamNG thread.
2026-08-09 19:27:49,873 INFO beamng_lidar_bev.main_window: 3D scene build is over budget at 75.7 ms (tick is 40 ms), so WORLD is dropping frames. Control and AEB are unaffected -- they run on the BeamNG thread.
2026-08-09 19:28:04,877 INFO beamng_lidar_bev.main_window: 3D scene build is over budget at 71.2 ms (tick is 40 ms), so WORLD is dropping frames. Control and AEB are unaffected -- they run on the BeamNG thread.
2026-08-09 19:28:19,896 INFO beamng_lidar_bev.main_window: 3D scene build is over budget at 72.4 ms (tick is 40 ms), so WORLD is dropping frames. Control and AEB are unaffected -- they run on the BeamNG thread.
2026-08-09 19:28:34,958 INFO beamng_lidar_bev.main_window: 3D scene build is over budget at 74.6 ms (tick is 40 ms), so WORLD is dropping frames. Control and AEB are unaffected -- they run on the BeamNG thread.
2026-08-09 19:28:49,989 INFO beamng_lidar_bev.main_window: 3D scene build is over budget at 80.3 ms (tick is 40 ms), so WORLD is dropping frames. Control and AEB are unaffected -- they run on the BeamNG thread.
2026-08-09 19:29:05,037 INFO beamng_lidar_bev.main_window: 3D scene build is over budget at 71.9 ms (tick is 40 ms), so WORLD is dropping frames. Control and AEB are unaffected -- they run on the BeamNG thread.
2026-08-09 19:29:20,044 INFO beamng_lidar_bev.main_window: 3D scene build is over budget at 71.2 ms (tick is 40 ms), so WORLD is dropping frames. Control and AEB are unaffected -- they run on the BeamNG thread.
2026-08-09 19:29:35,074 INFO beamng_lidar_bev.main_window: 3D scene build is over budget at 66.0 ms (tick is 40 ms), so WORLD is dropping frames. Control and AEB are unaffected -- they run on the BeamNG thread.
2026-08-09 19:29:50,101 INFO beamng_lidar_bev.main_window: 3D scene build is over budget at 76.1 ms (tick is 40 ms), so WORLD is dropping frames. Control and AEB are unaffected -- they run on the BeamNG thread.
2026-08-09 19:30:05,173 INFO beamng_lidar_bev.main_window: 3D scene build is over budget at 78.9 ms (tick is 40 ms), so WORLD is dropping frames. Control and AEB are unaffected -- they run on the BeamNG thread.
2026-08-09 19:30:20,188 INFO beamng_lidar_bev.main_window: 3D scene build is over budget at 61.8 ms (tick is 40 ms), so WORLD is dropping frames. Control and AEB are unaffected -- they run on the BeamNG thread.
2026-08-09 19:30:35,183 INFO beamng_lidar_bev.main_window: 3D scene build is over budget at 73.5 ms (tick is 40 ms), so WORLD is dropping frames. Control and AEB are unaffected -- they run on the BeamNG thread.
2026-08-09 19:30:50,204 INFO beamng_lidar_bev.main_window: 3D scene build is over budget at 70.0 ms (tick is 40 ms), so WORLD is dropping frames. Control and AEB are unaffected -- they run on the BeamNG thread.
2026-08-09 19:31:05,207 INFO beamng_lidar_bev.main_window: 3D scene build is over budget at 70.3 ms (tick is 40 ms), so WORLD is dropping frames. Control and AEB are unaffected -- they run on the BeamNG thread.
2026-08-09 19:31:20,227 INFO beamng_lidar_bev.main_window: 3D scene build is over budget at 70.4 ms (tick is 40 ms), so WORLD is dropping frames. Control and AEB are unaffected -- they run on the BeamNG thread.
2026-08-09 19:31:35,282 INFO beamng_lidar_bev.main_window: 3D scene build is over budget at 70.0 ms (tick is 40 ms), so WORLD is dropping frames. Control and AEB are unaffected -- they run on the BeamNG thread.
2026-08-09 19:31:50,333 INFO beamng_lidar_bev.main_window: 3D scene build is over budget at 75.9 ms (tick is 40 ms), so WORLD is dropping frames. Control and AEB are unaffected -- they run on the BeamNG thread.
2026-08-09 19:32:05,366 INFO beamng_lidar_bev.main_window: 3D scene build is over budget at 69.4 ms (tick is 40 ms), so WORLD is dropping frames. Control and AEB are unaffected -- they run on the BeamNG thread.
2026-08-09 19:32:20,415 INFO beamng_lidar_bev.main_window: 3D scene build is over budget at 69.9 ms (tick is 40 ms), so WORLD is dropping frames. Control and AEB are unaffected -- they run on the BeamNG thread.
2026-08-09 19:32:35,470 INFO beamng_lidar_bev.main_window: 3D scene build is over budget at 75.0 ms (tick is 40 ms), so WORLD is dropping frames. Control and AEB are unaffected -- they run on the BeamNG thread.
2026-08-09 19:32:50,455 INFO beamng_lidar_bev.main_window: 3D scene build is over budget at 75.4 ms (tick is 40 ms), so WORLD is dropping frames. Control and AEB are unaffected -- they run on the BeamNG thread.
2026-08-09 19:33:05,461 INFO beamng_lidar_bev.main_window: 3D scene build is over budget at 74.0 ms (tick is 40 ms), so WORLD is dropping frames. Control and AEB are unaffected -- they run on the BeamNG thread.
2026-08-09 19:33:20,467 INFO beamng_lidar_bev.main_window: 3D scene build is over budget at 82.1 ms (tick is 40 ms), so WORLD is dropping frames. Control and AEB are unaffected -- they run on the BeamNG thread.
2026-08-09 19:33:35,491 INFO beamng_lidar_bev.main_window: 3D scene build is over budget at 77.6 ms (tick is 40 ms), so WORLD is dropping frames. Control and AEB are unaffected -- they run on the BeamNG thread.
2026-08-09 19:33:50,543 INFO beamng_lidar_bev.main_window: 3D scene build is over budget at 71.7 ms (tick is 40 ms), so WORLD is dropping frames. Control and AEB are unaffected -- they run on the BeamNG thread.
2026-08-09 19:34:05,552 INFO beamng_lidar_bev.main_window: 3D scene build is over budget at 76.2 ms (tick is 40 ms), so WORLD is dropping frames. Control and AEB are unaffected -- they run on the BeamNG thread.
2026-08-09 19:34:20,564 INFO beamng_lidar_bev.main_window: 3D scene build is over budget at 64.6 ms (tick is 40 ms), so WORLD is dropping frames. Control and AEB are unaffected -- they run on the BeamNG thread.
2026-08-09 19:34:35,589 INFO beamng_lidar_bev.main_window: 3D scene build is over budget at 75.7 ms (tick is 40 ms), so WORLD is dropping frames. Control and AEB are unaffected -- they run on the BeamNG thread.
2026-08-09 19:34:50,628 INFO beamng_lidar_bev.main_window: 3D scene build is over budget at 73.3 ms (tick is 40 ms), so WORLD is dropping frames. Control and AEB are unaffected -- they run on the BeamNG thread.
2026-08-09 19:35:05,683 INFO beamng_lidar_bev.main_window: 3D scene build is over budget at 74.0 ms (tick is 40 ms), so WORLD is dropping frames. Control and AEB are unaffected -- they run on the BeamNG thread.
2026-08-09 19:35:20,737 INFO beamng_lidar_bev.main_window: 3D scene build is over budget at 74.0 ms (tick is 40 ms), so WORLD is dropping frames. Control and AEB are unaffected -- they run on the BeamNG thread.
2026-08-09 19:35:35,768 INFO beamng_lidar_bev.main_window: 3D scene build is over budget at 65.9 ms (tick is 40 ms), so WORLD is dropping frames. Control and AEB are unaffected -- they run on the BeamNG thread.
2026-08-09 19:35:50,824 INFO beamng_lidar_bev.main_window: 3D scene build is over budget at 75.5 ms (tick is 40 ms), so WORLD is dropping frames. Control and AEB are unaffected -- they run on the BeamNG thread.
2026-08-09 19:36:05,835 INFO beamng_lidar_bev.main_window: 3D scene build is over budget at 75.9 ms (tick is 40 ms), so WORLD is dropping frames. Control and AEB are unaffected -- they run on the BeamNG thread.
2026-08-09 19:36:20,864 INFO beamng_lidar_bev.main_window: 3D scene build is over budget at 76.2 ms (tick is 40 ms), so WORLD is dropping frames. Control and AEB are unaffected -- they run on the BeamNG thread.
2026-08-09 19:36:35,917 INFO beamng_lidar_bev.main_window: 3D scene build is over budget at 77.5 ms (tick is 40 ms), so WORLD is dropping frames. Control and AEB are unaffected -- they run on the BeamNG thread.
2026-08-09 19:36:50,971 INFO beamng_lidar_bev.main_window: 3D scene build is over budget at 75.5 ms (tick is 40 ms), so WORLD is dropping frames. Control and AEB are unaffected -- they run on the BeamNG thread.
2026-08-09 19:37:05,972 INFO beamng_lidar_bev.main_window: 3D scene build is over budget at 73.9 ms (tick is 40 ms), so WORLD is dropping frames. Control and AEB are unaffected -- they run on the BeamNG thread.
2026-08-09 19:37:21,022 INFO beamng_lidar_bev.main_window: 3D scene build is over budget at 71.1 ms (tick is 40 ms), so WORLD is dropping frames. Control and AEB are unaffected -- they run on the BeamNG thread.
2026-08-09 19:37:36,090 INFO beamng_lidar_bev.main_window: 3D scene build is over budget at 73.7 ms (tick is 40 ms), so WORLD is dropping frames. Control and AEB are unaffected -- they run on the BeamNG thread.
2026-08-09 19:37:51,127 INFO beamng_lidar_bev.main_window: 3D scene build is over budget at 72.3 ms (tick is 40 ms), so WORLD is dropping frames. Control and AEB are unaffected -- they run on the BeamNG thread.
2026-08-09 19:38:06,141 INFO beamng_lidar_bev.main_window: 3D scene build is over budget at 70.0 ms (tick is 40 ms), so WORLD is dropping frames. Control and AEB are unaffected -- they run on the BeamNG thread.
2026-08-09 19:38:21,192 INFO beamng_lidar_bev.main_window: 3D scene build is over budget at 75.0 ms (tick is 40 ms), so WORLD is dropping frames. Control and AEB are unaffected -- they run on the BeamNG thread.
2026-08-09 19:38:36,248 INFO beamng_lidar_bev.main_window: 3D scene build is over budget at 75.7 ms (tick is 40 ms), so WORLD is dropping frames. Control and AEB are unaffected -- they run on the BeamNG thread.
2026-08-09 19:38:51,288 INFO beamng_lidar_bev.main_window: 3D scene build is over budget at 70.6 ms (tick is 40 ms), so WORLD is dropping frames. Control and AEB are unaffected -- they run on the BeamNG thread.
2026-08-09 19:39:06,358 INFO beamng_lidar_bev.main_window: 3D scene build is over budget at 76.1 ms (tick is 40 ms), so WORLD is dropping frames. Control and AEB are unaffected -- they run on the BeamNG thread.
2026-08-09 19:39:21,375 INFO beamng_lidar_bev.main_window: 3D scene build is over budget at 74.2 ms (tick is 40 ms), so WORLD is dropping frames. Control and AEB are unaffected -- they run on the BeamNG thread.
2026-08-09 19:39:36,374 INFO beamng_lidar_bev.main_window: 3D scene build is over budget at 80.0 ms (tick is 40 ms), so WORLD is dropping frames. Control and AEB are unaffected -- they run on the BeamNG thread.
2026-08-09 19:39:51,403 INFO beamng_lidar_bev.main_window: 3D scene build is over budget at 72.6 ms (tick is 40 ms), so WORLD is dropping frames. Control and AEB are unaffected -- they run on the BeamNG thread.
2026-08-09 19:40:06,431 INFO beamng_lidar_bev.main_window: 3D scene build is over budget at 71.3 ms (tick is 40 ms), so WORLD is dropping frames. Control and AEB are unaffected -- they run on the BeamNG thread.
2026-08-09 19:40:21,459 INFO beamng_lidar_bev.main_window: 3D scene build is over budget at 71.2 ms (tick is 40 ms), so WORLD is dropping frames. Control and AEB are unaffected -- they run on the BeamNG thread.
2026-08-09 19:40:36,477 INFO beamng_lidar_bev.main_window: 3D scene build is over budget at 71.1 ms (tick is 40 ms), so WORLD is dropping frames. Control and AEB are unaffected -- they run on the BeamNG thread.
2026-08-09 19:40:51,502 INFO beamng_lidar_bev.main_window: 3D scene build is over budget at 61.5 ms (tick is 40 ms), so WORLD is dropping frames. Control and AEB are unaffected -- they run on the BeamNG thread.
2026-08-09 19:41:06,498 INFO beamng_lidar_bev.main_window: 3D scene build is over budget at 73.9 ms (tick is 40 ms), so WORLD is dropping frames. Control and AEB are unaffected -- they run on the BeamNG thread.
2026-08-09 19:41:21,544 INFO beamng_lidar_bev.main_window: 3D scene build is over budget at 69.6 ms (tick is 40 ms), so WORLD is dropping frames. Control and AEB are unaffected -- they run on the BeamNG thread.
2026-08-09 19:41:36,585 INFO beamng_lidar_bev.main_window: 3D scene build is over budget at 74.6 ms (tick is 40 ms), so WORLD is dropping frames. Control and AEB are unaffected -- they run on the BeamNG thread.
2026-08-09 19:41:51,641 INFO beamng_lidar_bev.main_window: 3D scene build is over budget at 72.3 ms (tick is 40 ms), so WORLD is dropping frames. Control and AEB are unaffected -- they run on the BeamNG thread.
2026-08-09 19:42:06,652 INFO beamng_lidar_bev.main_window: 3D scene build is over budget at 57.2 ms (tick is 40 ms), so WORLD is dropping frames. Control and AEB are unaffected -- they run on the BeamNG thread.
2026-08-09 19:42:21,647 INFO beamng_lidar_bev.main_window: 3D scene build is over budget at 75.2 ms (tick is 40 ms), so WORLD is dropping frames. Control and AEB are unaffected -- they run on the BeamNG thread.
2026-08-09 19:42:36,651 INFO beamng_lidar_bev.main_window: 3D scene build is over budget at 63.1 ms (tick is 40 ms), so WORLD is dropping frames. Control and AEB are unaffected -- they run on the BeamNG thread.
2026-08-09 19:42:51,658 INFO beamng_lidar_bev.main_window: 3D scene build is over budget at 81.3 ms (tick is 40 ms), so WORLD is dropping frames. Control and AEB are unaffected -- they run on the BeamNG thread.
2026-08-09 19:43:06,692 INFO beamng_lidar_bev.main_window: 3D scene build is over budget at 74.3 ms (tick is 40 ms), so WORLD is dropping frames. Control and AEB are unaffected -- they run on the BeamNG thread.
2026-08-09 19:43:21,749 INFO beamng_lidar_bev.main_window: 3D scene build is over budget at 63.2 ms (tick is 40 ms), so WORLD is dropping frames. Control and AEB are unaffected -- they run on the BeamNG thread.
2026-08-09 19:43:36,790 INFO beamng_lidar_bev.main_window: 3D scene build is over budget at 71.0 ms (tick is 40 ms), so WORLD is dropping frames. Control and AEB are unaffected -- they run on the BeamNG thread.
2026-08-09 19:43:51,844 INFO beamng_lidar_bev.main_window: 3D scene build is over budget at 76.4 ms (tick is 40 ms), so WORLD is dropping frames. Control and AEB are unaffected -- they run on the BeamNG thread.
2026-08-09 19:44:06,839 INFO beamng_lidar_bev.main_window: 3D scene build is over budget at 73.8 ms (tick is 40 ms), so WORLD is dropping frames. Control and AEB are unaffected -- they run on the BeamNG thread.
2026-08-09 19:44:21,898 INFO beamng_lidar_bev.main_window: 3D scene build is over budget at 73.5 ms (tick is 40 ms), so WORLD is dropping frames. Control and AEB are unaffected -- they run on the BeamNG thread.
2026-08-09 19:44:36,931 INFO beamng_lidar_bev.main_window: 3D scene build is over budget at 70.4 ms (tick is 40 ms), so WORLD is dropping frames. Control and AEB are unaffected -- they run on the BeamNG thread.
2026-08-09 19:44:51,998 INFO beamng_lidar_bev.main_window: 3D scene build is over budget at 74.1 ms (tick is 40 ms), so WORLD is dropping frames. Control and AEB are unaffected -- they run on the BeamNG thread.
2026-08-09 19:45:07,050 INFO beamng_lidar_bev.main_window: 3D scene build is over budget at 81.3 ms (tick is 40 ms), so WORLD is dropping frames. Control and AEB are unaffected -- they run on the BeamNG thread.
2026-08-09 19:45:22,055 INFO beamng_lidar_bev.main_window: 3D scene build is over budget at 74.7 ms (tick is 40 ms), so WORLD is dropping frames. Control and AEB are unaffected -- they run on the BeamNG thread.
2026-08-09 19:45:37,100 INFO beamng_lidar_bev.main_window: 3D scene build is over budget at 68.9 ms (tick is 40 ms), so WORLD is dropping frames. Control and AEB are unaffected -- they run on the BeamNG thread.
2026-08-09 19:45:52,108 INFO beamng_lidar_bev.main_window: 3D scene build is over budget at 69.3 ms (tick is 40 ms), so WORLD is dropping frames. Control and AEB are unaffected -- they run on the BeamNG thread.
2026-08-09 19:46:07,099 INFO beamng_lidar_bev.main_window: 3D scene build is over budget at 76.2 ms (tick is 40 ms), so WORLD is dropping frames. Control and AEB are unaffected -- they run on the BeamNG thread.
2026-08-09 19:46:22,136 INFO beamng_lidar_bev.main_window: 3D scene build is over budget at 72.5 ms (tick is 40 ms), so WORLD is dropping frames. Control and AEB are unaffected -- they run on the BeamNG thread.
2026-08-09 19:46:37,138 INFO beamng_lidar_bev.main_window: 3D scene build is over budget at 74.8 ms (tick is 40 ms), so WORLD is dropping frames. Control and AEB are unaffected -- they run on the BeamNG thread.
2026-08-09 19:46:52,198 INFO beamng_lidar_bev.main_window: 3D scene build is over budget at 76.6 ms (tick is 40 ms), so WORLD is dropping frames. Control and AEB are unaffected -- they run on the BeamNG thread.
2026-08-09 19:47:07,217 INFO beamng_lidar_bev.main_window: 3D scene build is over budget at 64.8 ms (tick is 40 ms), so WORLD is dropping frames. Control and AEB are unaffected -- they run on the BeamNG thread.
2026-08-09 19:47:22,261 INFO beamng_lidar_bev.main_window: 3D scene build is over budget at 63.4 ms (tick is 40 ms), so WORLD is dropping frames. Control and AEB are unaffected -- they run on the BeamNG thread.
2026-08-09 19:47:37,295 INFO beamng_lidar_bev.main_window: 3D scene build is over budget at 71.8 ms (tick is 40 ms), so WORLD is dropping frames. Control and AEB are unaffected -- they run on the BeamNG thread.
2026-08-09 19:47:52,326 INFO beamng_lidar_bev.main_window: 3D scene build is over budget at 72.3 ms (tick is 40 ms), so WORLD is dropping frames. Control and AEB are unaffected -- they run on the BeamNG thread.
2026-08-09 19:48:07,362 INFO beamng_lidar_bev.main_window: 3D scene build is over budget at 70.1 ms (tick is 40 ms), so WORLD is dropping frames. Control and AEB are unaffected -- they run on the BeamNG thread.
2026-08-09 19:48:22,413 INFO beamng_lidar_bev.main_window: 3D scene build is over budget at 69.5 ms (tick is 40 ms), so WORLD is dropping frames. Control and AEB are unaffected -- they run on the BeamNG thread.
2026-08-09 19:48:37,444 INFO beamng_lidar_bev.main_window: 3D scene build is over budget at 77.8 ms (tick is 40 ms), so WORLD is dropping frames. Control and AEB are unaffected -- they run on the BeamNG thread.
2026-08-09 19:48:52,464 INFO beamng_lidar_bev.main_window: 3D scene build is over budget at 70.1 ms (tick is 40 ms), so WORLD is dropping frames. Control and AEB are unaffected -- they run on the BeamNG thread.
2026-08-09 19:49:07,498 INFO beamng_lidar_bev.main_window: 3D scene build is over budget at 85.3 ms (tick is 40 ms), so WORLD is dropping frames. Control and AEB are unaffected -- they run on the BeamNG thread.
2026-08-09 19:49:22,530 INFO beamng_lidar_bev.main_window: 3D scene build is over budget at 68.7 ms (tick is 40 ms), so WORLD is dropping frames. Control and AEB are unaffected -- they run on the BeamNG thread.
2026-08-09 19:49:37,591 INFO beamng_lidar_bev.main_window: 3D scene build is over budget at 77.2 ms (tick is 40 ms), so WORLD is dropping frames. Control and AEB are unaffected -- they run on the BeamNG thread.
2026-08-09 19:49:52,605 INFO beamng_lidar_bev.main_window: 3D scene build is over budget at 77.0 ms (tick is 40 ms), so WORLD is dropping frames. Control and AEB are unaffected -- they run on the BeamNG thread.
2026-08-09 19:50:07,647 INFO beamng_lidar_bev.main_window: 3D scene build is over budget at 71.4 ms (tick is 40 ms), so WORLD is dropping frames. Control and AEB are unaffected -- they run on the BeamNG thread.
2026-08-09 19:50:22,662 INFO beamng_lidar_bev.main_window: 3D scene build is over budget at 73.4 ms (tick is 40 ms), so WORLD is dropping frames. Control and AEB are unaffected -- they run on the BeamNG thread.
2026-08-09 19:50:37,702 INFO beamng_lidar_bev.main_window: 3D scene build is over budget at 67.6 ms (tick is 40 ms), so WORLD is dropping frames. Control and AEB are unaffected -- they run on the BeamNG thread.
2026-08-09 19:50:52,697 INFO beamng_lidar_bev.main_window: 3D scene build is over budget at 56.2 ms (tick is 40 ms), so WORLD is dropping frames. Control and AEB are unaffected -- they run on the BeamNG thread.
2026-08-09 19:51:07,706 INFO beamng_lidar_bev.main_window: 3D scene build is over budget at 73.6 ms (tick is 40 ms), so WORLD is dropping frames. Control and AEB are unaffected -- they run on the BeamNG thread.
2026-08-09 19:51:22,747 INFO beamng_lidar_bev.main_window: 3D scene build is over budget at 73.9 ms (tick is 40 ms), so WORLD is dropping frames. Control and AEB are unaffected -- they run on the BeamNG thread.
2026-08-09 19:51:37,754 INFO beamng_lidar_bev.main_window: 3D scene build is over budget at 66.3 ms (tick is 40 ms), so WORLD is dropping frames. Control and AEB are unaffected -- they run on the BeamNG thread.
2026-08-09 19:51:52,806 INFO beamng_lidar_bev.main_window: 3D scene build is over budget at 69.9 ms (tick is 40 ms), so WORLD is dropping frames. Control and AEB are unaffected -- they run on the BeamNG thread.
2026-08-09 19:52:07,812 INFO beamng_lidar_bev.main_window: 3D scene build is over budget at 79.3 ms (tick is 40 ms), so WORLD is dropping frames. Control and AEB are unaffected -- they run on the BeamNG thread.
2026-08-09 19:52:22,802 INFO beamng_lidar_bev.main_window: 3D scene build is over budget at 77.2 ms (tick is 40 ms), so WORLD is dropping frames. Control and AEB are unaffected -- they run on the BeamNG thread.
2026-08-09 19:52:37,825 INFO beamng_lidar_bev.main_window: 3D scene build is over budget at 76.8 ms (tick is 40 ms), so WORLD is dropping frames. Control and AEB are unaffected -- they run on the BeamNG thread.
2026-08-09 19:52:52,815 INFO beamng_lidar_bev.main_window: 3D scene build is over budget at 70.7 ms (tick is 40 ms), so WORLD is dropping frames. Control and AEB are unaffected -- they run on the BeamNG thread.
2026-08-09 19:53:07,857 INFO beamng_lidar_bev.main_window: 3D scene build is over budget at 69.7 ms (tick is 40 ms), so WORLD is dropping frames. Control and AEB are unaffected -- they run on the BeamNG thread.
2026-08-09 19:53:22,855 INFO beamng_lidar_bev.main_window: 3D scene build is over budget at 62.1 ms (tick is 40 ms), so WORLD is dropping frames. Control and AEB are unaffected -- they run on the BeamNG thread.
2026-08-09 19:53:37,881 INFO beamng_lidar_bev.main_window: 3D scene build is over budget at 70.8 ms (tick is 40 ms), so WORLD is dropping frames. Control and AEB are unaffected -- they run on the BeamNG thread.
2026-08-09 19:53:52,881 INFO beamng_lidar_bev.main_window: 3D scene build is over budget at 74.9 ms (tick is 40 ms), so WORLD is dropping frames. Control and AEB are unaffected -- they run on the BeamNG thread.
2026-08-09 19:54:07,897 INFO beamng_lidar_bev.main_window: 3D scene build is over budget at 70.0 ms (tick is 40 ms), so WORLD is dropping frames. Control and AEB are unaffected -- they run on the BeamNG thread.
2026-08-09 19:54:22,910 INFO beamng_lidar_bev.main_window: 3D scene build is over budget at 70.2 ms (tick is 40 ms), so WORLD is dropping frames. Control and AEB are unaffected -- they run on the BeamNG thread.
2026-08-09 19:54:37,929 INFO beamng_lidar_bev.main_window: 3D scene build is over budget at 73.6 ms (tick is 40 ms), so WORLD is dropping frames. Control and AEB are unaffected -- they run on the BeamNG thread.
2026-08-09 19:54:52,949 INFO beamng_lidar_bev.main_window: 3D scene build is over budget at 76.4 ms (tick is 40 ms), so WORLD is dropping frames. Control and AEB are unaffected -- they run on the BeamNG thread.
2026-08-09 19:55:07,966 INFO beamng_lidar_bev.main_window: 3D scene build is over budget at 74.9 ms (tick is 40 ms), so WORLD is dropping frames. Control and AEB are unaffected -- they run on the BeamNG thread.
2026-08-09 19:55:23,024 INFO beamng_lidar_bev.main_window: 3D scene build is over budget at 78.8 ms (tick is 40 ms), so WORLD is dropping frames. Control and AEB are unaffected -- they run on the BeamNG thread.
2026-08-09 19:55:38,073 INFO beamng_lidar_bev.main_window: 3D scene build is over budget at 71.5 ms (tick is 40 ms), so WORLD is dropping frames. Control and AEB are unaffected -- they run on the BeamNG thread.
2026-08-09 19:55:53,125 INFO beamng_lidar_bev.main_window: 3D scene build is over budget at 74.3 ms (tick is 40 ms), so WORLD is dropping frames. Control and AEB are unaffected -- they run on the BeamNG thread.
2026-08-09 19:56:08,171 INFO beamng_lidar_bev.main_window: 3D scene build is over budget at 69.8 ms (tick is 40 ms), so WORLD is dropping frames. Control and AEB are unaffected -- they run on the BeamNG thread.
2026-08-09 19:56:23,200 INFO beamng_lidar_bev.main_window: 3D scene build is over budget at 73.2 ms (tick is 40 ms), so WORLD is dropping frames. Control and AEB are unaffected -- they run on the BeamNG thread.
2026-08-09 19:56:38,231 INFO beamng_lidar_bev.main_window: 3D scene build is over budget at 76.1 ms (tick is 40 ms), so WORLD is dropping frames. Control and AEB are unaffected -- they run on the BeamNG thread.
2026-08-09 19:56:53,288 INFO beamng_lidar_bev.main_window: 3D scene build is over budget at 67.5 ms (tick is 40 ms), so WORLD is dropping frames. Control and AEB are unaffected -- they run on the BeamNG thread.
2026-08-09 19:57:08,338 INFO beamng_lidar_bev.main_window: 3D scene build is over budget at 80.4 ms (tick is 40 ms), so WORLD is dropping frames. Control and AEB are unaffected -- they run on the BeamNG thread.
2026-08-09 19:57:23,383 INFO beamng_lidar_bev.main_window: 3D scene build is over budget at 70.3 ms (tick is 40 ms), so WORLD is dropping frames. Control and AEB are unaffected -- they run on the BeamNG thread.
2026-08-09 19:57:38,392 INFO beamng_lidar_bev.main_window: 3D scene build is over budget at 71.0 ms (tick is 40 ms), so WORLD is dropping frames. Control and AEB are unaffected -- they run on the BeamNG thread.
2026-08-09 19:57:53,416 INFO beamng_lidar_bev.main_window: 3D scene build is over budget at 71.6 ms (tick is 40 ms), so WORLD is dropping frames. Control and AEB are unaffected -- they run on the BeamNG thread.
2026-08-09 19:58:08,480 INFO beamng_lidar_bev.main_window: 3D scene build is over budget at 77.5 ms (tick is 40 ms), so WORLD is dropping frames. Control and AEB are unaffected -- they run on the BeamNG thread.
2026-08-09 19:58:23,540 INFO beamng_lidar_bev.main_window: 3D scene build is over budget at 67.7 ms (tick is 40 ms), so WORLD is dropping frames. Control and AEB are unaffected -- they run on the BeamNG thread.
2026-08-09 19:58:38,574 INFO beamng_lidar_bev.main_window: 3D scene build is over budget at 80.6 ms (tick is 40 ms), so WORLD is dropping frames. Control and AEB are unaffected -- they run on the BeamNG thread.
2026-08-09 19:58:53,605 INFO beamng_lidar_bev.main_window: 3D scene build is over budget at 76.6 ms (tick is 40 ms), so WORLD is dropping frames. Control and AEB are unaffected -- they run on the BeamNG thread.
2026-08-09 19:59:08,620 INFO beamng_lidar_bev.main_window: 3D scene build is over budget at 74.8 ms (tick is 40 ms), so WORLD is dropping frames. Control and AEB are unaffected -- they run on the BeamNG thread.
2026-08-09 19:59:23,628 INFO beamng_lidar_bev.main_window: 3D scene build is over budget at 67.8 ms (tick is 40 ms), so WORLD is dropping frames. Control and AEB are unaffected -- they run on the BeamNG thread.
2026-08-09 19:59:38,633 INFO beamng_lidar_bev.main_window: 3D scene build is over budget at 72.9 ms (tick is 40 ms), so WORLD is dropping frames. Control and AEB are unaffected -- they run on the BeamNG thread.
2026-08-09 19:59:53,669 INFO beamng_lidar_bev.main_window: 3D scene build is over budget at 72.3 ms (tick is 40 ms), so WORLD is dropping frames. Control and AEB are unaffected -- they run on the BeamNG thread.
2026-08-09 20:00:08,718 INFO beamng_lidar_bev.main_window: 3D scene build is over budget at 62.0 ms (tick is 40 ms), so WORLD is dropping frames. Control and AEB are unaffected -- they run on the BeamNG thread.
2026-08-09 20:00:23,713 INFO beamng_lidar_bev.main_window: 3D scene build is over budget at 70.4 ms (tick is 40 ms), so WORLD is dropping frames. Control and AEB are unaffected -- they run on the BeamNG thread.
2026-08-09 20:00:38,781 INFO beamng_lidar_bev.main_window: 3D scene build is over budget at 77.6 ms (tick is 40 ms), so WORLD is dropping frames. Control and AEB are unaffected -- they run on the BeamNG thread.
2026-08-09 20:00:53,803 INFO beamng_lidar_bev.main_window: 3D scene build is over budget at 56.8 ms (tick is 40 ms), so WORLD is dropping frames. Control and AEB are unaffected -- they run on the BeamNG thread.
2026-08-09 20:01:08,839 INFO beamng_lidar_bev.main_window: 3D scene build is over budget at 70.6 ms (tick is 40 ms), so WORLD is dropping frames. Control and AEB are unaffected -- they run on the BeamNG thread.
2026-08-09 20:01:23,837 INFO beamng_lidar_bev.main_window: 3D scene build is over budget at 69.9 ms (tick is 40 ms), so WORLD is dropping frames. Control and AEB are unaffected -- they run on the BeamNG thread.
2026-08-09 20:01:38,879 INFO beamng_lidar_bev.main_window: 3D scene build is over budget at 75.9 ms (tick is 40 ms), so WORLD is dropping frames. Control and AEB are unaffected -- they run on the BeamNG thread.
2026-08-09 20:01:53,902 INFO beamng_lidar_bev.main_window: 3D scene build is over budget at 71.0 ms (tick is 40 ms), so WORLD is dropping frames. Control and AEB are unaffected -- they run on the BeamNG thread.
2026-08-09 20:02:08,899 INFO beamng_lidar_bev.main_window: 3D scene build is over budget at 78.8 ms (tick is 40 ms), so WORLD is dropping frames. Control and AEB are unaffected -- they run on the BeamNG thread.
2026-08-09 20:02:23,931 INFO beamng_lidar_bev.main_window: 3D scene build is over budget at 66.8 ms (tick is 40 ms), so WORLD is dropping frames. Control and AEB are unaffected -- they run on the BeamNG thread.
2026-08-09 20:02:38,927 INFO beamng_lidar_bev.main_window: 3D scene build is over budget at 82.8 ms (tick is 40 ms), so WORLD is dropping frames. Control and AEB are unaffected -- they run on the BeamNG thread.
2026-08-09 20:02:53,939 INFO beamng_lidar_bev.main_window: 3D scene build is over budget at 67.7 ms (tick is 40 ms), so WORLD is dropping frames. Control and AEB are unaffected -- they run on the BeamNG thread.
2026-08-09 20:03:08,956 INFO beamng_lidar_bev.main_window: 3D scene build is over budget at 73.3 ms (tick is 40 ms), so WORLD is dropping frames. Control and AEB are unaffected -- they run on the BeamNG thread.
2026-08-09 20:03:23,960 INFO beamng_lidar_bev.main_window: 3D scene build is over budget at 73.9 ms (tick is 40 ms), so WORLD is dropping frames. Control and AEB are unaffected -- they run on the BeamNG thread.
2026-08-09 20:03:39,015 INFO beamng_lidar_bev.main_window: 3D scene build is over budget at 76.1 ms (tick is 40 ms), so WORLD is dropping frames. Control and AEB are unaffected -- they run on the BeamNG thread.
2026-08-09 20:03:54,047 INFO beamng_lidar_bev.main_window: 3D scene build is over budget at 76.2 ms (tick is 40 ms), so WORLD is dropping frames. Control and AEB are unaffected -- they run on the BeamNG thread.
2026-08-09 20:04:09,044 INFO beamng_lidar_bev.main_window: 3D scene build is over budget at 72.8 ms (tick is 40 ms), so WORLD is dropping frames. Control and AEB are unaffected -- they run on the BeamNG thread.
2026-08-09 20:04:24,077 INFO beamng_lidar_bev.main_window: 3D scene build is over budget at 74.6 ms (tick is 40 ms), so WORLD is dropping frames. Control and AEB are unaffected -- they run on the BeamNG thread.
2026-08-09 20:04:39,074 INFO beamng_lidar_bev.main_window: 3D scene build is over budget at 72.5 ms (tick is 40 ms), so WORLD is dropping frames. Control and AEB are unaffected -- they run on the BeamNG thread.
2026-08-09 20:04:54,071 INFO beamng_lidar_bev.main_window: 3D scene build is over budget at 77.6 ms (tick is 40 ms), so WORLD is dropping frames. Control and AEB are unaffected -- they run on the BeamNG thread.
2026-08-09 20:05:09,139 INFO beamng_lidar_bev.main_window: 3D scene build is over budget at 77.7 ms (tick is 40 ms), so WORLD is dropping frames. Control and AEB are unaffected -- they run on the BeamNG thread.
2026-08-09 20:05:24,163 INFO beamng_lidar_bev.main_window: 3D scene build is over budget at 71.3 ms (tick is 40 ms), so WORLD is dropping frames. Control and AEB are unaffected -- they run on the BeamNG thread.
2026-08-09 20:05:39,171 INFO beamng_lidar_bev.main_window: 3D scene build is over budget at 79.6 ms (tick is 40 ms), so WORLD is dropping frames. Control and AEB are unaffected -- they run on the BeamNG thread.
2026-08-09 20:05:54,159 INFO beamng_lidar_bev.main_window: 3D scene build is over budget at 70.6 ms (tick is 40 ms), so WORLD is dropping frames. Control and AEB are unaffected -- they run on the BeamNG thread.
2026-08-09 20:06:09,165 INFO beamng_lidar_bev.main_window: 3D scene build is over budget at 74.0 ms (tick is 40 ms), so WORLD is dropping frames. Control and AEB are unaffected -- they run on the BeamNG thread.
2026-08-09 20:06:24,197 INFO beamng_lidar_bev.main_window: 3D scene build is over budget at 61.8 ms (tick is 40 ms), so WORLD is dropping frames. Control and AEB are unaffected -- they run on the BeamNG thread.
2026-08-09 20:06:39,205 INFO beamng_lidar_bev.main_window: 3D scene build is over budget at 73.9 ms (tick is 40 ms), so WORLD is dropping frames. Control and AEB are unaffected -- they run on the BeamNG thread.
2026-08-09 20:06:54,260 INFO beamng_lidar_bev.main_window: 3D scene build is over budget at 79.7 ms (tick is 40 ms), so WORLD is dropping frames. Control and AEB are unaffected -- they run on the BeamNG thread.
2026-08-09 20:07:09,256 INFO beamng_lidar_bev.main_window: 3D scene build is over budget at 78.1 ms (tick is 40 ms), so WORLD is dropping frames. Control and AEB are unaffected -- they run on the BeamNG thread.
2026-08-09 20:07:24,327 INFO beamng_lidar_bev.main_window: 3D scene build is over budget at 75.4 ms (tick is 40 ms), so WORLD is dropping frames. Control and AEB are unaffected -- they run on the BeamNG thread.
2026-08-09 20:07:39,358 INFO beamng_lidar_bev.main_window: 3D scene build is over budget at 76.9 ms (tick is 40 ms), so WORLD is dropping frames. Control and AEB are unaffected -- they run on the BeamNG thread.
2026-08-09 20:07:54,391 INFO beamng_lidar_bev.main_window: 3D scene build is over budget at 72.2 ms (tick is 40 ms), so WORLD is dropping frames. Control and AEB are unaffected -- they run on the BeamNG thread.
2026-08-09 20:08:09,382 INFO beamng_lidar_bev.main_window: 3D scene build is over budget at 79.0 ms (tick is 40 ms), so WORLD is dropping frames. Control and AEB are unaffected -- they run on the BeamNG thread.
2026-08-09 20:08:24,451 INFO beamng_lidar_bev.main_window: 3D scene build is over budget at 76.4 ms (tick is 40 ms), so WORLD is dropping frames. Control and AEB are unaffected -- they run on the BeamNG thread.
2026-08-09 20:08:39,491 INFO beamng_lidar_bev.main_window: 3D scene build is over budget at 70.3 ms (tick is 40 ms), so WORLD is dropping frames. Control and AEB are unaffected -- they run on the BeamNG thread.
2026-08-09 20:08:54,493 INFO beamng_lidar_bev.main_window: 3D scene build is over budget at 77.0 ms (tick is 40 ms), so WORLD is dropping frames. Control and AEB are unaffected -- they run on the BeamNG thread.
2026-08-09 20:09:09,514 INFO beamng_lidar_bev.main_window: 3D scene build is over budget at 77.1 ms (tick is 40 ms), so WORLD is dropping frames. Control and AEB are unaffected -- they run on the BeamNG thread.
2026-08-09 20:09:24,512 INFO beamng_lidar_bev.main_window: 3D scene build is over budget at 68.7 ms (tick is 40 ms), so WORLD is dropping frames. Control and AEB are unaffected -- they run on the BeamNG thread.
2026-08-09 20:09:39,548 INFO beamng_lidar_bev.main_window: 3D scene build is over budget at 75.9 ms (tick is 40 ms), so WORLD is dropping frames. Control and AEB are unaffected -- they run on the BeamNG thread.
2026-08-09 20:09:54,580 INFO beamng_lidar_bev.main_window: 3D scene build is over budget at 69.5 ms (tick is 40 ms), so WORLD is dropping frames. Control and AEB are unaffected -- they run on the BeamNG thread.
2026-08-09 20:10:09,593 INFO beamng_lidar_bev.main_window: 3D scene build is over budget at 71.1 ms (tick is 40 ms), so WORLD is dropping frames. Control and AEB are unaffected -- they run on the BeamNG thread.
2026-08-09 20:10:24,593 INFO beamng_lidar_bev.main_window: 3D scene build is over budget at 72.6 ms (tick is 40 ms), so WORLD is dropping frames. Control and AEB are unaffected -- they run on the BeamNG thread.
2026-08-09 20:10:39,650 INFO beamng_lidar_bev.main_window: 3D scene build is over budget at 77.3 ms (tick is 40 ms), so WORLD is dropping frames. Control and AEB are unaffected -- they run on the BeamNG thread.
2026-08-09 20:10:54,712 INFO beamng_lidar_bev.main_window: 3D scene build is over budget at 73.2 ms (tick is 40 ms), so WORLD is dropping frames. Control and AEB are unaffected -- they run on the BeamNG thread.
2026-08-09 20:11:09,777 INFO beamng_lidar_bev.main_window: 3D scene build is over budget at 75.6 ms (tick is 40 ms), so WORLD is dropping frames. Control and AEB are unaffected -- they run on the BeamNG thread.
2026-08-09 20:11:24,811 INFO beamng_lidar_bev.main_window: 3D scene build is over budget at 71.7 ms (tick is 40 ms), so WORLD is dropping frames. Control and AEB are unaffected -- they run on the BeamNG thread.
2026-08-09 20:11:39,815 INFO beamng_lidar_bev.main_window: 3D scene build is over budget at 76.1 ms (tick is 40 ms), so WORLD is dropping frames. Control and AEB are unaffected -- they run on the BeamNG thread.
2026-08-09 20:11:54,862 INFO beamng_lidar_bev.main_window: 3D scene build is over budget at 77.8 ms (tick is 40 ms), so WORLD is dropping frames. Control and AEB are unaffected -- they run on the BeamNG thread.
2026-08-09 20:12:09,880 INFO beamng_lidar_bev.main_window: 3D scene build is over budget at 73.1 ms (tick is 40 ms), so WORLD is dropping frames. Control and AEB are unaffected -- they run on the BeamNG thread.
2026-08-09 20:12:24,921 INFO beamng_lidar_bev.main_window: 3D scene build is over budget at 73.2 ms (tick is 40 ms), so WORLD is dropping frames. Control and AEB are unaffected -- they run on the BeamNG thread.
2026-08-09 20:12:39,923 INFO beamng_lidar_bev.main_window: 3D scene build is over budget at 70.9 ms (tick is 40 ms), so WORLD is dropping frames. Control and AEB are unaffected -- they run on the BeamNG thread.
2026-08-09 20:12:54,968 INFO beamng_lidar_bev.main_window: 3D scene build is over budget at 70.2 ms (tick is 40 ms), so WORLD is dropping frames. Control and AEB are unaffected -- they run on the BeamNG thread.
2026-08-09 20:13:10,029 INFO beamng_lidar_bev.main_window: 3D scene build is over budget at 75.4 ms (tick is 40 ms), so WORLD is dropping frames. Control and AEB are unaffected -- they run on the BeamNG thread.
2026-08-09 20:13:25,055 INFO beamng_lidar_bev.main_window: 3D scene build is over budget at 71.0 ms (tick is 40 ms), so WORLD is dropping frames. Control and AEB are unaffected -- they run on the BeamNG thread.
2026-08-09 20:13:40,051 INFO beamng_lidar_bev.main_window: 3D scene build is over budget at 71.7 ms (tick is 40 ms), so WORLD is dropping frames. Control and AEB are unaffected -- they run on the BeamNG thread.
2026-08-09 20:13:55,122 INFO beamng_lidar_bev.main_window: 3D scene build is over budget at 78.0 ms (tick is 40 ms), so WORLD is dropping frames. Control and AEB are unaffected -- they run on the BeamNG thread.
2026-08-09 20:14:10,116 INFO beamng_lidar_bev.main_window: 3D scene build is over budget at 71.2 ms (tick is 40 ms), so WORLD is dropping frames. Control and AEB are unaffected -- they run on the BeamNG thread.
2026-08-09 20:14:25,146 INFO beamng_lidar_bev.main_window: 3D scene build is over budget at 74.7 ms (tick is 40 ms), so WORLD is dropping frames. Control and AEB are unaffected -- they run on the BeamNG thread.
2026-08-09 20:14:40,159 INFO beamng_lidar_bev.main_window: 3D scene build is over budget at 68.1 ms (tick is 40 ms), so WORLD is dropping frames. Control and AEB are unaffected -- they run on the BeamNG thread.
2026-08-09 20:14:55,190 INFO beamng_lidar_bev.main_window: 3D scene build is over budget at 69.6 ms (tick is 40 ms), so WORLD is dropping frames. Control and AEB are unaffected -- they run on the BeamNG thread.
2026-08-09 20:15:10,250 INFO beamng_lidar_bev.main_window: 3D scene build is over budget at 64.6 ms (tick is 40 ms), so WORLD is dropping frames. Control and AEB are unaffected -- they run on the BeamNG thread.
2026-08-09 20:15:25,247 INFO beamng_lidar_bev.main_window: 3D scene build is over budget at 71.1 ms (tick is 40 ms), so WORLD is dropping frames. Control and AEB are unaffected -- they run on the BeamNG thread.
2026-08-09 20:15:40,258 INFO beamng_lidar_bev.main_window: 3D scene build is over budget at 70.1 ms (tick is 40 ms), so WORLD is dropping frames. Control and AEB are unaffected -- they run on the BeamNG thread.
2026-08-09 20:15:55,325 INFO beamng_lidar_bev.main_window: 3D scene build is over budget at 75.2 ms (tick is 40 ms), so WORLD is dropping frames. Control and AEB are unaffected -- they run on the BeamNG thread.
2026-08-09 20:16:10,364 INFO beamng_lidar_bev.main_window: 3D scene build is over budget at 74.0 ms (tick is 40 ms), so WORLD is dropping frames. Control and AEB are unaffected -- they run on the BeamNG thread.
2026-08-09 20:16:25,395 INFO beamng_lidar_bev.main_window: 3D scene build is over budget at 73.1 ms (tick is 40 ms), so WORLD is dropping frames. Control and AEB are unaffected -- they run on the BeamNG thread.
2026-08-09 20:16:40,424 INFO beamng_lidar_bev.main_window: 3D scene build is over budget at 76.5 ms (tick is 40 ms), so WORLD is dropping frames. Control and AEB are unaffected -- they run on the BeamNG thread.
2026-08-09 20:16:55,479 INFO beamng_lidar_bev.main_window: 3D scene build is over budget at 70.6 ms (tick is 40 ms), so WORLD is dropping frames. Control and AEB are unaffected -- they run on the BeamNG thread.
2026-08-09 20:17:10,488 INFO beamng_lidar_bev.main_window: 3D scene build is over budget at 70.8 ms (tick is 40 ms), so WORLD is dropping frames. Control and AEB are unaffected -- they run on the BeamNG thread.
2026-08-09 20:17:25,515 INFO beamng_lidar_bev.main_window: 3D scene build is over budget at 71.6 ms (tick is 40 ms), so WORLD is dropping frames. Control and AEB are unaffected -- they run on the BeamNG thread.
2026-08-09 20:17:40,523 INFO beamng_lidar_bev.main_window: 3D scene build is over budget at 77.4 ms (tick is 40 ms), so WORLD is dropping frames. Control and AEB are unaffected -- they run on the BeamNG thread.
2026-08-09 20:17:55,545 INFO beamng_lidar_bev.main_window: 3D scene build is over budget at 70.8 ms (tick is 40 ms), so WORLD is dropping frames. Control and AEB are unaffected -- they run on the BeamNG thread.
2026-08-09 20:18:10,576 INFO beamng_lidar_bev.main_window: 3D scene build is over budget at 70.4 ms (tick is 40 ms), so WORLD is dropping frames. Control and AEB are unaffected -- they run on the BeamNG thread.
2026-08-09 20:18:25,639 INFO beamng_lidar_bev.main_window: 3D scene build is over budget at 76.8 ms (tick is 40 ms), so WORLD is dropping frames. Control and AEB are unaffected -- they run on the BeamNG thread.
2026-08-09 20:18:40,667 INFO beamng_lidar_bev.main_window: 3D scene build is over budget at 69.5 ms (tick is 40 ms), so WORLD is dropping frames. Control and AEB are unaffected -- they run on the BeamNG thread.
2026-08-09 20:18:55,701 INFO beamng_lidar_bev.main_window: 3D scene build is over budget at 70.2 ms (tick is 40 ms), so WORLD is dropping frames. Control and AEB are unaffected -- they run on the BeamNG thread.
2026-08-09 20:19:10,691 INFO beamng_lidar_bev.main_window: 3D scene build is over budget at 74.6 ms (tick is 40 ms), so WORLD is dropping frames. Control and AEB are unaffected -- they run on the BeamNG thread.
2026-08-09 20:19:25,723 INFO beamng_lidar_bev.main_window: 3D scene build is over budget at 75.4 ms (tick is 40 ms), so WORLD is dropping frames. Control and AEB are unaffected -- they run on the BeamNG thread.
2026-08-09 20:19:40,757 INFO beamng_lidar_bev.main_window: 3D scene build is over budget at 71.1 ms (tick is 40 ms), so WORLD is dropping frames. Control and AEB are unaffected -- they run on the BeamNG thread.
2026-08-09 20:19:55,803 INFO beamng_lidar_bev.main_window: 3D scene build is over budget at 74.6 ms (tick is 40 ms), so WORLD is dropping frames. Control and AEB are unaffected -- they run on the BeamNG thread.
2026-08-09 20:20:10,815 INFO beamng_lidar_bev.main_window: 3D scene build is over budget at 80.4 ms (tick is 40 ms), so WORLD is dropping frames. Control and AEB are unaffected -- they run on the BeamNG thread.
2026-08-09 20:20:25,808 INFO beamng_lidar_bev.main_window: 3D scene build is over budget at 73.1 ms (tick is 40 ms), so WORLD is dropping frames. Control and AEB are unaffected -- they run on the BeamNG thread.
2026-08-09 20:20:40,865 INFO beamng_lidar_bev.main_window: 3D scene build is over budget at 73.7 ms (tick is 40 ms), so WORLD is dropping frames. Control and AEB are unaffected -- they run on the BeamNG thread.
2026-08-09 20:20:55,921 INFO beamng_lidar_bev.main_window: 3D scene build is over budget at 72.8 ms (tick is 40 ms), so WORLD is dropping frames. Control and AEB are unaffected -- they run on the BeamNG thread.
2026-08-09 20:21:10,966 INFO beamng_lidar_bev.main_window: 3D scene build is over budget at 75.5 ms (tick is 40 ms), so WORLD is dropping frames. Control and AEB are unaffected -- they run on the BeamNG thread.
2026-08-09 20:21:26,024 INFO beamng_lidar_bev.main_window: 3D scene build is over budget at 69.2 ms (tick is 40 ms), so WORLD is dropping frames. Control and AEB are unaffected -- they run on the BeamNG thread.
2026-08-09 20:21:41,080 INFO beamng_lidar_bev.main_window: 3D scene build is over budget at 69.0 ms (tick is 40 ms), so WORLD is dropping frames. Control and AEB are unaffected -- they run on the BeamNG thread.
2026-08-09 20:21:56,079 INFO beamng_lidar_bev.main_window: 3D scene build is over budget at 75.2 ms (tick is 40 ms), so WORLD is dropping frames. Control and AEB are unaffected -- they run on the BeamNG thread.
2026-08-09 20:22:11,090 INFO beamng_lidar_bev.main_window: 3D scene build is over budget at 81.9 ms (tick is 40 ms), so WORLD is dropping frames. Control and AEB are unaffected -- they run on the BeamNG thread.
2026-08-09 20:22:26,102 INFO beamng_lidar_bev.main_window: 3D scene build is over budget at 70.2 ms (tick is 40 ms), so WORLD is dropping frames. Control and AEB are unaffected -- they run on the BeamNG thread.
2026-08-09 20:22:41,166 INFO beamng_lidar_bev.main_window: 3D scene build is over budget at 68.0 ms (tick is 40 ms), so WORLD is dropping frames. Control and AEB are unaffected -- they run on the BeamNG thread.
2026-08-09 20:22:56,210 INFO beamng_lidar_bev.main_window: 3D scene build is over budget at 68.8 ms (tick is 40 ms), so WORLD is dropping frames. Control and AEB are unaffected -- they run on the BeamNG thread.
2026-08-09 20:23:11,210 INFO beamng_lidar_bev.main_window: 3D scene build is over budget at 77.1 ms (tick is 40 ms), so WORLD is dropping frames. Control and AEB are unaffected -- they run on the BeamNG thread.
2026-08-09 20:23:26,269 INFO beamng_lidar_bev.main_window: 3D scene build is over budget at 74.9 ms (tick is 40 ms), so WORLD is dropping frames. Control and AEB are unaffected -- they run on the BeamNG thread.
2026-08-09 20:23:41,329 INFO beamng_lidar_bev.main_window: 3D scene build is over budget at 72.4 ms (tick is 40 ms), so WORLD is dropping frames. Control and AEB are unaffected -- they run on the BeamNG thread.
2026-08-09 20:23:56,361 INFO beamng_lidar_bev.main_window: 3D scene build is over budget at 68.9 ms (tick is 40 ms), so WORLD is dropping frames. Control and AEB are unaffected -- they run on the BeamNG thread.
2026-08-09 20:24:11,352 INFO beamng_lidar_bev.main_window: 3D scene build is over budget at 73.1 ms (tick is 40 ms), so WORLD is dropping frames. Control and AEB are unaffected -- they run on the BeamNG thread.
2026-08-09 20:24:26,346 INFO beamng_lidar_bev.main_window: 3D scene build is over budget at 77.1 ms (tick is 40 ms), so WORLD is dropping frames. Control and AEB are unaffected -- they run on the BeamNG thread.
2026-08-09 20:24:41,381 INFO beamng_lidar_bev.main_window: 3D scene build is over budget at 72.5 ms (tick is 40 ms), so WORLD is dropping frames. Control and AEB are unaffected -- they run on the BeamNG thread.
2026-08-09 20:24:56,408 INFO beamng_lidar_bev.main_window: 3D scene build is over budget at 72.8 ms (tick is 40 ms), so WORLD is dropping frames. Control and AEB are unaffected -- they run on the BeamNG thread.
2026-08-09 20:25:11,483 INFO beamng_lidar_bev.main_window: 3D scene build is over budget at 69.7 ms (tick is 40 ms), so WORLD is dropping frames. Control and AEB are unaffected -- they run on the BeamNG thread.
2026-08-09 20:25:26,523 INFO beamng_lidar_bev.main_window: 3D scene build is over budget at 75.5 ms (tick is 40 ms), so WORLD is dropping frames. Control and AEB are unaffected -- they run on the BeamNG thread.
2026-08-09 20:25:41,551 INFO beamng_lidar_bev.main_window: 3D scene build is over budget at 75.7 ms (tick is 40 ms), so WORLD is dropping frames. Control and AEB are unaffected -- they run on the BeamNG thread.
2026-08-09 20:25:56,571 INFO beamng_lidar_bev.main_window: 3D scene build is over budget at 74.0 ms (tick is 40 ms), so WORLD is dropping frames. Control and AEB are unaffected -- they run on the BeamNG thread.
2026-08-09 20:26:11,596 INFO beamng_lidar_bev.main_window: 3D scene build is over budget at 73.4 ms (tick is 40 ms), so WORLD is dropping frames. Control and AEB are unaffected -- they run on the BeamNG thread.
2026-08-09 20:26:26,585 INFO beamng_lidar_bev.main_window: 3D scene build is over budget at 63.3 ms (tick is 40 ms), so WORLD is dropping frames. Control and AEB are unaffected -- they run on the BeamNG thread.
2026-08-09 20:26:41,640 INFO beamng_lidar_bev.main_window: 3D scene build is over budget at 71.6 ms (tick is 40 ms), so WORLD is dropping frames. Control and AEB are unaffected -- they run on the BeamNG thread.
2026-08-09 20:26:56,640 INFO beamng_lidar_bev.main_window: 3D scene build is over budget at 77.6 ms (tick is 40 ms), so WORLD is dropping frames. Control and AEB are unaffected -- they run on the BeamNG thread.
2026-08-09 20:27:11,668 INFO beamng_lidar_bev.main_window: 3D scene build is over budget at 72.7 ms (tick is 40 ms), so WORLD is dropping frames. Control and AEB are unaffected -- they run on the BeamNG thread.
2026-08-09 20:27:26,676 INFO beamng_lidar_bev.main_window: 3D scene build is over budget at 77.4 ms (tick is 40 ms), so WORLD is dropping frames. Control and AEB are unaffected -- they run on the BeamNG thread.
2026-08-09 20:27:41,745 INFO beamng_lidar_bev.main_window: 3D scene build is over budget at 75.5 ms (tick is 40 ms), so WORLD is dropping frames. Control and AEB are unaffected -- they run on the BeamNG thread.
2026-08-09 20:27:56,765 INFO beamng_lidar_bev.main_window: 3D scene build is over budget at 76.3 ms (tick is 40 ms), so WORLD is dropping frames. Control and AEB are unaffected -- they run on the BeamNG thread.
2026-08-09 20:28:11,822 INFO beamng_lidar_bev.main_window: 3D scene build is over budget at 71.9 ms (tick is 40 ms), so WORLD is dropping frames. Control and AEB are unaffected -- they run on the BeamNG thread.
2026-08-09 20:28:26,883 INFO beamng_lidar_bev.main_window: 3D scene build is over budget at 76.1 ms (tick is 40 ms), so WORLD is dropping frames. Control and AEB are unaffected -- they run on the BeamNG thread.
2026-08-09 20:28:41,882 INFO beamng_lidar_bev.main_window: 3D scene build is over budget at 76.3 ms (tick is 40 ms), so WORLD is dropping frames. Control and AEB are unaffected -- they run on the BeamNG thread.
2026-08-09 20:28:56,918 INFO beamng_lidar_bev.main_window: 3D scene build is over budget at 68.2 ms (tick is 40 ms), so WORLD is dropping frames. Control and AEB are unaffected -- they run on the BeamNG thread.
2026-08-09 20:29:11,966 INFO beamng_lidar_bev.main_window: 3D scene build is over budget at 75.5 ms (tick is 40 ms), so WORLD is dropping frames. Control and AEB are unaffected -- they run on the BeamNG thread.
2026-08-09 20:29:26,975 INFO beamng_lidar_bev.main_window: 3D scene build is over budget at 68.5 ms (tick is 40 ms), so WORLD is dropping frames. Control and AEB are unaffected -- they run on the BeamNG thread.
2026-08-09 20:29:41,973 INFO beamng_lidar_bev.main_window: 3D scene build is over budget at 71.8 ms (tick is 40 ms), so WORLD is dropping frames. Control and AEB are unaffected -- they run on the BeamNG thread.
2026-08-09 20:29:56,991 INFO beamng_lidar_bev.main_window: 3D scene build is over budget at 63.5 ms (tick is 40 ms), so WORLD is dropping frames. Control and AEB are unaffected -- they run on the BeamNG thread.
2026-08-09 20:30:11,996 INFO beamng_lidar_bev.main_window: 3D scene build is over budget at 73.0 ms (tick is 40 ms), so WORLD is dropping frames. Control and AEB are unaffected -- they run on the BeamNG thread.
2026-08-09 20:30:27,008 INFO beamng_lidar_bev.main_window: 3D scene build is over budget at 74.0 ms (tick is 40 ms), so WORLD is dropping frames. Control and AEB are unaffected -- they run on the BeamNG thread.
2026-08-09 20:30:42,033 INFO beamng_lidar_bev.main_window: 3D scene build is over budget at 71.1 ms (tick is 40 ms), so WORLD is dropping frames. Control and AEB are unaffected -- they run on the BeamNG thread.
2026-08-09 20:30:57,076 INFO beamng_lidar_bev.main_window: 3D scene build is over budget at 73.6 ms (tick is 40 ms), so WORLD is dropping frames. Control and AEB are unaffected -- they run on the BeamNG thread.
2026-08-09 20:31:12,112 INFO beamng_lidar_bev.main_window: 3D scene build is over budget at 73.4 ms (tick is 40 ms), so WORLD is dropping frames. Control and AEB are unaffected -- they run on the BeamNG thread.
2026-08-09 20:31:27,133 INFO beamng_lidar_bev.main_window: 3D scene build is over budget at 71.0 ms (tick is 40 ms), so WORLD is dropping frames. Control and AEB are unaffected -- they run on the BeamNG thread.
2026-08-09 20:31:42,199 INFO beamng_lidar_bev.main_window: 3D scene build is over budget at 73.4 ms (tick is 40 ms), so WORLD is dropping frames. Control and AEB are unaffected -- they run on the BeamNG thread.
2026-08-09 20:31:57,263 INFO beamng_lidar_bev.main_window: 3D scene build is over budget at 73.8 ms (tick is 40 ms), so WORLD is dropping frames. Control and AEB are unaffected -- they run on the BeamNG thread.
2026-08-09 20:32:12,321 INFO beamng_lidar_bev.main_window: 3D scene build is over budget at 72.2 ms (tick is 40 ms), so WORLD is dropping frames. Control and AEB are unaffected -- they run on the BeamNG thread.
2026-08-09 20:32:27,367 INFO beamng_lidar_bev.main_window: 3D scene build is over budget at 83.9 ms (tick is 40 ms), so WORLD is dropping frames. Control and AEB are unaffected -- they run on the BeamNG thread.
2026-08-09 20:32:42,419 INFO beamng_lidar_bev.main_window: 3D scene build is over budget at 73.3 ms (tick is 40 ms), so WORLD is dropping frames. Control and AEB are unaffected -- they run on the BeamNG thread.
2026-08-09 20:32:57,440 INFO beamng_lidar_bev.main_window: 3D scene build is over budget at 56.9 ms (tick is 40 ms), so WORLD is dropping frames. Control and AEB are unaffected -- they run on the BeamNG thread.
2026-08-09 20:33:12,454 INFO beamng_lidar_bev.main_window: 3D scene build is over budget at 76.0 ms (tick is 40 ms), so WORLD is dropping frames. Control and AEB are unaffected -- they run on the BeamNG thread.
2026-08-09 20:33:27,470 INFO beamng_lidar_bev.main_window: 3D scene build is over budget at 70.2 ms (tick is 40 ms), so WORLD is dropping frames. Control and AEB are unaffected -- they run on the BeamNG thread.
2026-08-09 20:33:42,460 INFO beamng_lidar_bev.main_window: 3D scene build is over budget at 70.5 ms (tick is 40 ms), so WORLD is dropping frames. Control and AEB are unaffected -- they run on the BeamNG thread.
2026-08-09 20:33:57,473 INFO beamng_lidar_bev.main_window: 3D scene build is over budget at 79.4 ms (tick is 40 ms), so WORLD is dropping frames. Control and AEB are unaffected -- they run on the BeamNG thread.
2026-08-09 20:34:12,497 INFO beamng_lidar_bev.main_window: 3D scene build is over budget at 69.7 ms (tick is 40 ms), so WORLD is dropping frames. Control and AEB are unaffected -- they run on the BeamNG thread.
2026-08-09 20:34:27,533 INFO beamng_lidar_bev.main_window: 3D scene build is over budget at 69.6 ms (tick is 40 ms), so WORLD is dropping frames. Control and AEB are unaffected -- they run on the BeamNG thread.
2026-08-09 20:34:42,558 INFO beamng_lidar_bev.main_window: 3D scene build is over budget at 74.9 ms (tick is 40 ms), so WORLD is dropping frames. Control and AEB are unaffected -- they run on the BeamNG thread.
2026-08-09 20:34:57,560 INFO beamng_lidar_bev.main_window: 3D scene build is over budget at 79.2 ms (tick is 40 ms), so WORLD is dropping frames. Control and AEB are unaffected -- they run on the BeamNG thread.
2026-08-09 20:35:12,593 INFO beamng_lidar_bev.main_window: 3D scene build is over budget at 75.6 ms (tick is 40 ms), so WORLD is dropping frames. Control and AEB are unaffected -- they run on the BeamNG thread.
2026-08-09 20:35:27,622 INFO beamng_lidar_bev.main_window: 3D scene build is over budget at 69.6 ms (tick is 40 ms), so WORLD is dropping frames. Control and AEB are unaffected -- they run on the BeamNG thread.
2026-08-09 20:35:42,672 INFO beamng_lidar_bev.main_window: 3D scene build is over budget at 79.0 ms (tick is 40 ms), so WORLD is dropping frames. Control and AEB are unaffected -- they run on the BeamNG thread.
2026-08-09 20:35:57,678 INFO beamng_lidar_bev.main_window: 3D scene build is over budget at 71.4 ms (tick is 40 ms), so WORLD is dropping frames. Control and AEB are unaffected -- they run on the BeamNG thread.
2026-08-09 20:36:12,729 INFO beamng_lidar_bev.main_window: 3D scene build is over budget at 57.4 ms (tick is 40 ms), so WORLD is dropping frames. Control and AEB are unaffected -- they run on the BeamNG thread.
2026-08-09 20:36:27,734 INFO beamng_lidar_bev.main_window: 3D scene build is over budget at 70.1 ms (tick is 40 ms), so WORLD is dropping frames. Control and AEB are unaffected -- they run on the BeamNG thread.
2026-08-09 20:36:42,792 INFO beamng_lidar_bev.main_window: 3D scene build is over budget at 74.7 ms (tick is 40 ms), so WORLD is dropping frames. Control and AEB are unaffected -- they run on the BeamNG thread.
2026-08-09 20:36:57,784 INFO beamng_lidar_bev.main_window: 3D scene build is over budget at 75.7 ms (tick is 40 ms), so WORLD is dropping frames. Control and AEB are unaffected -- they run on the BeamNG thread.
2026-08-09 20:37:12,851 INFO beamng_lidar_bev.main_window: 3D scene build is over budget at 70.1 ms (tick is 40 ms), so WORLD is dropping frames. Control and AEB are unaffected -- they run on the BeamNG thread.
2026-08-09 20:37:27,905 INFO beamng_lidar_bev.main_window: 3D scene build is over budget at 68.9 ms (tick is 40 ms), so WORLD is dropping frames. Control and AEB are unaffected -- they run on the BeamNG thread.
2026-08-09 20:37:42,937 INFO beamng_lidar_bev.main_window: 3D scene build is over budget at 73.2 ms (tick is 40 ms), so WORLD is dropping frames. Control and AEB are unaffected -- they run on the BeamNG thread.
2026-08-09 20:37:57,936 INFO beamng_lidar_bev.main_window: 3D scene build is over budget at 72.4 ms (tick is 40 ms), so WORLD is dropping frames. Control and AEB are unaffected -- they run on the BeamNG thread.
2026-08-09 20:38:12,977 INFO beamng_lidar_bev.main_window: 3D scene build is over budget at 70.8 ms (tick is 40 ms), so WORLD is dropping frames. Control and AEB are unaffected -- they run on the BeamNG thread.
2026-08-09 20:38:27,983 INFO beamng_lidar_bev.main_window: 3D scene build is over budget at 76.0 ms (tick is 40 ms), so WORLD is dropping frames. Control and AEB are unaffected -- they run on the BeamNG thread.
2026-08-09 20:38:42,986 INFO beamng_lidar_bev.main_window: 3D scene build is over budget at 78.7 ms (tick is 40 ms), so WORLD is dropping frames. Control and AEB are unaffected -- they run on the BeamNG thread.
2026-08-09 20:38:58,040 INFO beamng_lidar_bev.main_window: 3D scene build is over budget at 80.8 ms (tick is 40 ms), so WORLD is dropping frames. Control and AEB are unaffected -- they run on the BeamNG thread.
2026-08-09 20:39:13,091 INFO beamng_lidar_bev.main_window: 3D scene build is over budget at 76.1 ms (tick is 40 ms), so WORLD is dropping frames. Control and AEB are unaffected -- they run on the BeamNG thread.
2026-08-09 20:39:28,145 INFO beamng_lidar_bev.main_window: 3D scene build is over budget at 73.7 ms (tick is 40 ms), so WORLD is dropping frames. Control and AEB are unaffected -- they run on the BeamNG thread.
2026-08-09 20:39:43,204 INFO beamng_lidar_bev.main_window: 3D scene build is over budget at 74.0 ms (tick is 40 ms), so WORLD is dropping frames. Control and AEB are unaffected -- they run on the BeamNG thread.
2026-08-09 20:39:58,235 INFO beamng_lidar_bev.main_window: 3D scene build is over budget at 72.5 ms (tick is 40 ms), so WORLD is dropping frames. Control and AEB are unaffected -- they run on the BeamNG thread.
2026-08-09 20:40:13,262 INFO beamng_lidar_bev.main_window: 3D scene build is over budget at 74.2 ms (tick is 40 ms), so WORLD is dropping frames. Control and AEB are unaffected -- they run on the BeamNG thread.
2026-08-09 20:40:28,283 INFO beamng_lidar_bev.main_window: 3D scene build is over budget at 73.7 ms (tick is 40 ms), so WORLD is dropping frames. Control and AEB are unaffected -- they run on the BeamNG thread.
2026-08-09 20:40:43,306 INFO beamng_lidar_bev.main_window: 3D scene build is over budget at 75.6 ms (tick is 40 ms), so WORLD is dropping frames. Control and AEB are unaffected -- they run on the BeamNG thread.
2026-08-09 20:40:58,367 INFO beamng_lidar_bev.main_window: 3D scene build is over budget at 68.9 ms (tick is 40 ms), so WORLD is dropping frames. Control and AEB are unaffected -- they run on the BeamNG thread.
2026-08-09 20:41:13,380 INFO beamng_lidar_bev.main_window: 3D scene build is over budget at 75.8 ms (tick is 40 ms), so WORLD is dropping frames. Control and AEB are unaffected -- they run on the BeamNG thread.
2026-08-09 20:41:28,403 INFO beamng_lidar_bev.main_window: 3D scene build is over budget at 71.9 ms (tick is 40 ms), so WORLD is dropping frames. Control and AEB are unaffected -- they run on the BeamNG thread.
2026-08-09 20:41:43,454 INFO beamng_lidar_bev.main_window: 3D scene build is over budget at 66.5 ms (tick is 40 ms), so WORLD is dropping frames. Control and AEB are unaffected -- they run on the BeamNG thread.
2026-08-09 20:41:58,478 INFO beamng_lidar_bev.main_window: 3D scene build is over budget at 77.4 ms (tick is 40 ms), so WORLD is dropping frames. Control and AEB are unaffected -- they run on the BeamNG thread.
2026-08-09 20:42:13,503 INFO beamng_lidar_bev.main_window: 3D scene build is over budget at 73.5 ms (tick is 40 ms), so WORLD is dropping frames. Control and AEB are unaffected -- they run on the BeamNG thread.
2026-08-09 20:42:28,552 INFO beamng_lidar_bev.main_window: 3D scene build is over budget at 78.7 ms (tick is 40 ms), so WORLD is dropping frames. Control and AEB are unaffected -- they run on the BeamNG thread.
2026-08-09 20:42:43,554 INFO beamng_lidar_bev.main_window: 3D scene build is over budget at 81.2 ms (tick is 40 ms), so WORLD is dropping frames. Control and AEB are unaffected -- they run on the BeamNG thread.
2026-08-09 20:42:58,610 INFO beamng_lidar_bev.main_window: 3D scene build is over budget at 73.6 ms (tick is 40 ms), so WORLD is dropping frames. Control and AEB are unaffected -- they run on the BeamNG thread.
2026-08-09 20:43:13,601 INFO beamng_lidar_bev.main_window: 3D scene build is over budget at 72.0 ms (tick is 40 ms), so WORLD is dropping frames. Control and AEB are unaffected -- they run on the BeamNG thread.
2026-08-09 20:43:28,629 INFO beamng_lidar_bev.main_window: 3D scene build is over budget at 72.0 ms (tick is 40 ms), so WORLD is dropping frames. Control and AEB are unaffected -- they run on the BeamNG thread.
2026-08-09 20:43:43,637 INFO beamng_lidar_bev.main_window: 3D scene build is over budget at 72.4 ms (tick is 40 ms), so WORLD is dropping frames. Control and AEB are unaffected -- they run on the BeamNG thread.
2026-08-09 20:43:58,679 INFO beamng_lidar_bev.main_window: 3D scene build is over budget at 72.0 ms (tick is 40 ms), so WORLD is dropping frames. Control and AEB are unaffected -- they run on the BeamNG thread.
2026-08-09 20:44:13,742 INFO beamng_lidar_bev.main_window: 3D scene build is over budget at 72.5 ms (tick is 40 ms), so WORLD is dropping frames. Control and AEB are unaffected -- they run on the BeamNG thread.
2026-08-09 20:44:28,794 INFO beamng_lidar_bev.main_window: 3D scene build is over budget at 69.4 ms (tick is 40 ms), so WORLD is dropping frames. Control and AEB are unaffected -- they run on the BeamNG thread.
2026-08-09 20:44:43,841 INFO beamng_lidar_bev.main_window: 3D scene build is over budget at 75.3 ms (tick is 40 ms), so WORLD is dropping frames. Control and AEB are unaffected -- they run on the BeamNG thread.
2026-08-09 20:44:58,865 INFO beamng_lidar_bev.main_window: 3D scene build is over budget at 64.8 ms (tick is 40 ms), so WORLD is dropping frames. Control and AEB are unaffected -- they run on the BeamNG thread.
2026-08-09 20:45:13,918 INFO beamng_lidar_bev.main_window: 3D scene build is over budget at 78.5 ms (tick is 40 ms), so WORLD is dropping frames. Control and AEB are unaffected -- they run on the BeamNG thread.
2026-08-09 20:45:28,943 INFO beamng_lidar_bev.main_window: 3D scene build is over budget at 61.9 ms (tick is 40 ms), so WORLD is dropping frames. Control and AEB are unaffected -- they run on the BeamNG thread.
2026-08-09 20:45:43,974 INFO beamng_lidar_bev.main_window: 3D scene build is over budget at 73.1 ms (tick is 40 ms), so WORLD is dropping frames. Control and AEB are unaffected -- they run on the BeamNG thread.
2026-08-09 20:45:59,018 INFO beamng_lidar_bev.main_window: 3D scene build is over budget at 79.3 ms (tick is 40 ms), so WORLD is dropping frames. Control and AEB are unaffected -- they run on the BeamNG thread.
2026-08-09 20:46:14,070 INFO beamng_lidar_bev.main_window: 3D scene build is over budget at 70.3 ms (tick is 40 ms), so WORLD is dropping frames. Control and AEB are unaffected -- they run on the BeamNG thread.
2026-08-09 20:46:29,067 INFO beamng_lidar_bev.main_window: 3D scene build is over budget at 74.4 ms (tick is 40 ms), so WORLD is dropping frames. Control and AEB are unaffected -- they run on the BeamNG thread.
2026-08-09 20:46:44,076 INFO beamng_lidar_bev.main_window: 3D scene build is over budget at 74.7 ms (tick is 40 ms), so WORLD is dropping frames. Control and AEB are unaffected -- they run on the BeamNG thread.
2026-08-09 20:46:59,070 INFO beamng_lidar_bev.main_window: 3D scene build is over budget at 69.3 ms (tick is 40 ms), so WORLD is dropping frames. Control and AEB are unaffected -- they run on the BeamNG thread.
2026-08-09 20:47:14,112 INFO beamng_lidar_bev.main_window: 3D scene build is over budget at 74.9 ms (tick is 40 ms), so WORLD is dropping frames. Control and AEB are unaffected -- they run on the BeamNG thread.
2026-08-09 20:47:29,100 INFO beamng_lidar_bev.main_window: 3D scene build is over budget at 73.9 ms (tick is 40 ms), so WORLD is dropping frames. Control and AEB are unaffected -- they run on the BeamNG thread.
2026-08-09 20:47:44,152 INFO beamng_lidar_bev.main_window: 3D scene build is over budget at 76.3 ms (tick is 40 ms), so WORLD is dropping frames. Control and AEB are unaffected -- they run on the BeamNG thread.
2026-08-09 20:47:59,195 INFO beamng_lidar_bev.main_window: 3D scene build is over budget at 80.6 ms (tick is 40 ms), so WORLD is dropping frames. Control and AEB are unaffected -- they run on the BeamNG thread.
2026-08-09 20:48:14,233 INFO beamng_lidar_bev.main_window: 3D scene build is over budget at 70.3 ms (tick is 40 ms), so WORLD is dropping frames. Control and AEB are unaffected -- they run on the BeamNG thread.
2026-08-09 20:48:29,239 INFO beamng_lidar_bev.main_window: 3D scene build is over budget at 74.3 ms (tick is 40 ms), so WORLD is dropping frames. Control and AEB are unaffected -- they run on the BeamNG thread.
2026-08-09 20:48:44,281 INFO beamng_lidar_bev.main_window: 3D scene build is over budget at 76.8 ms (tick is 40 ms), so WORLD is dropping frames. Control and AEB are unaffected -- they run on the BeamNG thread.
2026-08-09 20:48:59,324 INFO beamng_lidar_bev.main_window: 3D scene build is over budget at 74.3 ms (tick is 40 ms), so WORLD is dropping frames. Control and AEB are unaffected -- they run on the BeamNG thread.
2026-08-09 20:49:14,330 INFO beamng_lidar_bev.main_window: 3D scene build is over budget at 71.0 ms (tick is 40 ms), so WORLD is dropping frames. Control and AEB are unaffected -- they run on the BeamNG thread.
2026-08-09 20:49:29,373 INFO beamng_lidar_bev.main_window: 3D scene build is over budget at 74.3 ms (tick is 40 ms), so WORLD is dropping frames. Control and AEB are unaffected -- they run on the BeamNG thread.
2026-08-09 20:49:44,424 INFO beamng_lidar_bev.main_window: 3D scene build is over budget at 74.6 ms (tick is 40 ms), so WORLD is dropping frames. Control and AEB are unaffected -- they run on the BeamNG thread.
2026-08-09 20:49:59,474 INFO beamng_lidar_bev.main_window: 3D scene build is over budget at 69.0 ms (tick is 40 ms), so WORLD is dropping frames. Control and AEB are unaffected -- they run on the BeamNG thread.
2026-08-09 20:50:14,485 INFO beamng_lidar_bev.main_window: 3D scene build is over budget at 74.1 ms (tick is 40 ms), so WORLD is dropping frames. Control and AEB are unaffected -- they run on the BeamNG thread.
2026-08-09 20:50:29,516 INFO beamng_lidar_bev.main_window: 3D scene build is over budget at 70.3 ms (tick is 40 ms), so WORLD is dropping frames. Control and AEB are unaffected -- they run on the BeamNG thread.
2026-08-09 20:50:44,511 INFO beamng_lidar_bev.main_window: 3D scene build is over budget at 71.1 ms (tick is 40 ms), so WORLD is dropping frames. Control and AEB are unaffected -- they run on the BeamNG thread.
2026-08-09 20:50:59,555 INFO beamng_lidar_bev.main_window: 3D scene build is over budget at 64.3 ms (tick is 40 ms), so WORLD is dropping frames. Control and AEB are unaffected -- they run on the BeamNG thread.
2026-08-09 20:51:14,560 INFO beamng_lidar_bev.main_window: 3D scene build is over budget at 75.6 ms (tick is 40 ms), so WORLD is dropping frames. Control and AEB are unaffected -- they run on the BeamNG thread.
2026-08-09 20:51:29,607 INFO beamng_lidar_bev.main_window: 3D scene build is over budget at 71.3 ms (tick is 40 ms), so WORLD is dropping frames. Control and AEB are unaffected -- they run on the BeamNG thread.
2026-08-09 20:51:44,660 INFO beamng_lidar_bev.main_window: 3D scene build is over budget at 73.4 ms (tick is 40 ms), so WORLD is dropping frames. Control and AEB are unaffected -- they run on the BeamNG thread.
2026-08-09 20:51:59,702 INFO beamng_lidar_bev.main_window: 3D scene build is over budget at 71.7 ms (tick is 40 ms), so WORLD is dropping frames. Control and AEB are unaffected -- they run on the BeamNG thread.
2026-08-09 20:52:14,730 INFO beamng_lidar_bev.main_window: 3D scene build is over budget at 80.1 ms (tick is 40 ms), so WORLD is dropping frames. Control and AEB are unaffected -- they run on the BeamNG thread.
2026-08-09 20:52:29,781 INFO beamng_lidar_bev.main_window: 3D scene build is over budget at 76.0 ms (tick is 40 ms), so WORLD is dropping frames. Control and AEB are unaffected -- they run on the BeamNG thread.
2026-08-09 20:52:44,777 INFO beamng_lidar_bev.main_window: 3D scene build is over budget at 73.0 ms (tick is 40 ms), so WORLD is dropping frames. Control and AEB are unaffected -- they run on the BeamNG thread.
2026-08-09 20:52:59,804 INFO beamng_lidar_bev.main_window: 3D scene build is over budget at 71.8 ms (tick is 40 ms), so WORLD is dropping frames. Control and AEB are unaffected -- they run on the BeamNG thread.
2026-08-09 20:53:14,858 INFO beamng_lidar_bev.main_window: 3D scene build is over budget at 71.2 ms (tick is 40 ms), so WORLD is dropping frames. Control and AEB are unaffected -- they run on the BeamNG thread.
2026-08-09 20:53:29,874 INFO beamng_lidar_bev.main_window: 3D scene build is over budget at 77.6 ms (tick is 40 ms), so WORLD is dropping frames. Control and AEB are unaffected -- they run on the BeamNG thread.
2026-08-09 20:53:44,926 INFO beamng_lidar_bev.main_window: 3D scene build is over budget at 74.8 ms (tick is 40 ms), so WORLD is dropping frames. Control and AEB are unaffected -- they run on the BeamNG thread.
2026-08-09 20:53:59,971 INFO beamng_lidar_bev.main_window: 3D scene build is over budget at 72.7 ms (tick is 40 ms), so WORLD is dropping frames. Control and AEB are unaffected -- they run on the BeamNG thread.
2026-08-09 20:54:15,002 INFO beamng_lidar_bev.main_window: 3D scene build is over budget at 74.1 ms (tick is 40 ms), so WORLD is dropping frames. Control and AEB are unaffected -- they run on the BeamNG thread.
2026-08-09 20:54:30,036 INFO beamng_lidar_bev.main_window: 3D scene build is over budget at 62.7 ms (tick is 40 ms), so WORLD is dropping frames. Control and AEB are unaffected -- they run on the BeamNG thread.
2026-08-09 20:54:45,083 INFO beamng_lidar_bev.main_window: 3D scene build is over budget at 74.4 ms (tick is 40 ms), so WORLD is dropping frames. Control and AEB are unaffected -- they run on the BeamNG thread.
2026-08-09 20:55:00,123 INFO beamng_lidar_bev.main_window: 3D scene build is over budget at 73.3 ms (tick is 40 ms), so WORLD is dropping frames. Control and AEB are unaffected -- they run on the BeamNG thread.
2026-08-09 20:55:15,124 INFO beamng_lidar_bev.main_window: 3D scene build is over budget at 73.4 ms (tick is 40 ms), so WORLD is dropping frames. Control and AEB are unaffected -- they run on the BeamNG thread.
2026-08-09 20:55:30,180 INFO beamng_lidar_bev.main_window: 3D scene build is over budget at 73.2 ms (tick is 40 ms), so WORLD is dropping frames. Control and AEB are unaffected -- they run on the BeamNG thread.
2026-08-09 20:55:45,221 INFO beamng_lidar_bev.main_window: 3D scene build is over budget at 75.2 ms (tick is 40 ms), so WORLD is dropping frames. Control and AEB are unaffected -- they run on the BeamNG thread.
2026-08-09 20:56:00,280 INFO beamng_lidar_bev.main_window: 3D scene build is over budget at 69.4 ms (tick is 40 ms), so WORLD is dropping frames. Control and AEB are unaffected -- they run on the BeamNG thread.
2026-08-09 20:56:15,314 INFO beamng_lidar_bev.main_window: 3D scene build is over budget at 65.0 ms (tick is 40 ms), so WORLD is dropping frames. Control and AEB are unaffected -- they run on the BeamNG thread.
2026-08-09 20:56:30,324 INFO beamng_lidar_bev.main_window: 3D scene build is over budget at 73.9 ms (tick is 40 ms), so WORLD is dropping frames. Control and AEB are unaffected -- they run on the BeamNG thread.
2026-08-09 20:56:45,369 INFO beamng_lidar_bev.main_window: 3D scene build is over budget at 71.7 ms (tick is 40 ms), so WORLD is dropping frames. Control and AEB are unaffected -- they run on the BeamNG thread.
2026-08-09 20:57:00,408 INFO beamng_lidar_bev.main_window: 3D scene build is over budget at 75.0 ms (tick is 40 ms), so WORLD is dropping frames. Control and AEB are unaffected -- they run on the BeamNG thread.
2026-08-09 20:57:15,461 INFO beamng_lidar_bev.main_window: 3D scene build is over budget at 75.1 ms (tick is 40 ms), so WORLD is dropping frames. Control and AEB are unaffected -- they run on the BeamNG thread.
2026-08-09 20:57:30,526 INFO beamng_lidar_bev.main_window: 3D scene build is over budget at 69.4 ms (tick is 40 ms), so WORLD is dropping frames. Control and AEB are unaffected -- they run on the BeamNG thread.
2026-08-09 20:57:45,591 INFO beamng_lidar_bev.main_window: 3D scene build is over budget at 78.1 ms (tick is 40 ms), so WORLD is dropping frames. Control and AEB are unaffected -- they run on the BeamNG thread.
2026-08-09 20:58:00,628 INFO beamng_lidar_bev.main_window: 3D scene build is over budget at 79.4 ms (tick is 40 ms), so WORLD is dropping frames. Control and AEB are unaffected -- they run on the BeamNG thread.
2026-08-09 20:58:15,693 INFO beamng_lidar_bev.main_window: 3D scene build is over budget at 71.9 ms (tick is 40 ms), so WORLD is dropping frames. Control and AEB are unaffected -- they run on the BeamNG thread.
2026-08-09 20:58:30,694 INFO beamng_lidar_bev.main_window: 3D scene build is over budget at 69.4 ms (tick is 40 ms), so WORLD is dropping frames. Control and AEB are unaffected -- they run on the BeamNG thread.
2026-08-09 20:58:45,737 INFO beamng_lidar_bev.main_window: 3D scene build is over budget at 64.1 ms (tick is 40 ms), so WORLD is dropping frames. Control and AEB are unaffected -- they run on the BeamNG thread.
2026-08-09 20:59:00,760 INFO beamng_lidar_bev.main_window: 3D scene build is over budget at 71.6 ms (tick is 40 ms), so WORLD is dropping frames. Control and AEB are unaffected -- they run on the BeamNG thread.
2026-08-09 20:59:15,778 INFO beamng_lidar_bev.main_window: 3D scene build is over budget at 75.7 ms (tick is 40 ms), so WORLD is dropping frames. Control and AEB are unaffected -- they run on the BeamNG thread.
2026-08-09 20:59:30,802 INFO beamng_lidar_bev.main_window: 3D scene build is over budget at 76.5 ms (tick is 40 ms), so WORLD is dropping frames. Control and AEB are unaffected -- they run on the BeamNG thread.
2026-08-09 20:59:45,872 INFO beamng_lidar_bev.main_window: 3D scene build is over budget at 79.9 ms (tick is 40 ms), so WORLD is dropping frames. Control and AEB are unaffected -- they run on the BeamNG thread.
2026-08-09 21:00:00,950 INFO beamng_lidar_bev.main_window: 3D scene build is over budget at 66.2 ms (tick is 40 ms), so WORLD is dropping frames. Control and AEB are unaffected -- they run on the BeamNG thread.
2026-08-09 21:00:15,999 INFO beamng_lidar_bev.main_window: 3D scene build is over budget at 73.2 ms (tick is 40 ms), so WORLD is dropping frames. Control and AEB are unaffected -- they run on the BeamNG thread.
2026-08-09 21:00:30,989 INFO beamng_lidar_bev.main_window: 3D scene build is over budget at 73.9 ms (tick is 40 ms), so WORLD is dropping frames. Control and AEB are unaffected -- they run on the BeamNG thread.
2026-08-09 21:00:45,992 INFO beamng_lidar_bev.main_window: 3D scene build is over budget at 69.3 ms (tick is 40 ms), so WORLD is dropping frames. Control and AEB are unaffected -- they run on the BeamNG thread.
2026-08-09 21:01:01,005 INFO beamng_lidar_bev.main_window: 3D scene build is over budget at 75.1 ms (tick is 40 ms), so WORLD is dropping frames. Control and AEB are unaffected -- they run on the BeamNG thread.
2026-08-09 21:01:16,005 INFO beamng_lidar_bev.main_window: 3D scene build is over budget at 74.1 ms (tick is 40 ms), so WORLD is dropping frames. Control and AEB are unaffected -- they run on the BeamNG thread.
2026-08-09 21:01:31,046 INFO beamng_lidar_bev.main_window: 3D scene build is over budget at 70.7 ms (tick is 40 ms), so WORLD is dropping frames. Control and AEB are unaffected -- they run on the BeamNG thread.
2026-08-09 21:01:46,103 INFO beamng_lidar_bev.main_window: 3D scene build is over budget at 72.6 ms (tick is 40 ms), so WORLD is dropping frames. Control and AEB are unaffected -- they run on the BeamNG thread.
2026-08-09 21:02:01,152 INFO beamng_lidar_bev.main_window: 3D scene build is over budget at 85.1 ms (tick is 40 ms), so WORLD is dropping frames. Control and AEB are unaffected -- they run on the BeamNG thread.
2026-08-09 21:02:16,167 INFO beamng_lidar_bev.main_window: 3D scene build is over budget at 61.1 ms (tick is 40 ms), so WORLD is dropping frames. Control and AEB are unaffected -- they run on the BeamNG thread.
2026-08-09 21:02:31,176 INFO beamng_lidar_bev.main_window: 3D scene build is over budget at 75.0 ms (tick is 40 ms), so WORLD is dropping frames. Control and AEB are unaffected -- they run on the BeamNG thread.
2026-08-09 21:02:46,228 INFO beamng_lidar_bev.main_window: 3D scene build is over budget at 76.2 ms (tick is 40 ms), so WORLD is dropping frames. Control and AEB are unaffected -- they run on the BeamNG thread.
2026-08-09 21:03:01,265 INFO beamng_lidar_bev.main_window: 3D scene build is over budget at 75.1 ms (tick is 40 ms), so WORLD is dropping frames. Control and AEB are unaffected -- they run on the BeamNG thread.
2026-08-09 21:03:16,310 INFO beamng_lidar_bev.main_window: 3D scene build is over budget at 75.2 ms (tick is 40 ms), so WORLD is dropping frames. Control and AEB are unaffected -- they run on the BeamNG thread.
2026-08-09 21:03:31,351 INFO beamng_lidar_bev.main_window: 3D scene build is over budget at 76.4 ms (tick is 40 ms), so WORLD is dropping frames. Control and AEB are unaffected -- they run on the BeamNG thread.
2026-08-09 21:03:46,376 INFO beamng_lidar_bev.main_window: 3D scene build is over budget at 71.7 ms (tick is 40 ms), so WORLD is dropping frames. Control and AEB are unaffected -- they run on the BeamNG thread.
2026-08-09 21:04:01,383 INFO beamng_lidar_bev.main_window: 3D scene build is over budget at 68.6 ms (tick is 40 ms), so WORLD is dropping frames. Control and AEB are unaffected -- they run on the BeamNG thread.
2026-08-09 21:04:16,430 INFO beamng_lidar_bev.main_window: 3D scene build is over budget at 73.2 ms (tick is 40 ms), so WORLD is dropping frames. Control and AEB are unaffected -- they run on the BeamNG thread.
2026-08-09 21:04:31,427 INFO beamng_lidar_bev.main_window: 3D scene build is over budget at 71.5 ms (tick is 40 ms), so WORLD is dropping frames. Control and AEB are unaffected -- they run on the BeamNG thread.
2026-08-09 21:04:46,425 INFO beamng_lidar_bev.main_window: 3D scene build is over budget at 67.4 ms (tick is 40 ms), so WORLD is dropping frames. Control and AEB are unaffected -- they run on the BeamNG thread.
2026-08-09 21:05:01,441 INFO beamng_lidar_bev.main_window: 3D scene build is over budget at 74.8 ms (tick is 40 ms), so WORLD is dropping frames. Control and AEB are unaffected -- they run on the BeamNG thread.
2026-08-09 21:05:16,494 INFO beamng_lidar_bev.main_window: 3D scene build is over budget at 81.7 ms (tick is 40 ms), so WORLD is dropping frames. Control and AEB are unaffected -- they run on the BeamNG thread.
2026-08-09 21:05:31,491 INFO beamng_lidar_bev.main_window: 3D scene build is over budget at 65.2 ms (tick is 40 ms), so WORLD is dropping frames. Control and AEB are unaffected -- they run on the BeamNG thread.
2026-08-09 21:05:46,525 INFO beamng_lidar_bev.main_window: 3D scene build is over budget at 77.2 ms (tick is 40 ms), so WORLD is dropping frames. Control and AEB are unaffected -- they run on the BeamNG thread.
2026-08-09 21:06:01,560 INFO beamng_lidar_bev.main_window: 3D scene build is over budget at 54.7 ms (tick is 40 ms), so WORLD is dropping frames. Control and AEB are unaffected -- they run on the BeamNG thread.
2026-08-09 21:06:16,602 INFO beamng_lidar_bev.main_window: 3D scene build is over budget at 74.3 ms (tick is 40 ms), so WORLD is dropping frames. Control and AEB are unaffected -- they run on the BeamNG thread.
2026-08-09 21:06:31,651 INFO beamng_lidar_bev.main_window: 3D scene build is over budget at 75.3 ms (tick is 40 ms), so WORLD is dropping frames. Control and AEB are unaffected -- they run on the BeamNG thread.
2026-08-09 21:06:46,709 INFO beamng_lidar_bev.main_window: 3D scene build is over budget at 79.8 ms (tick is 40 ms), so WORLD is dropping frames. Control and AEB are unaffected -- they run on the BeamNG thread.
2026-08-09 21:07:01,772 INFO beamng_lidar_bev.main_window: 3D scene build is over budget at 76.1 ms (tick is 40 ms), so WORLD is dropping frames. Control and AEB are unaffected -- they run on the BeamNG thread.
2026-08-09 21:07:16,835 INFO beamng_lidar_bev.main_window: 3D scene build is over budget at 72.1 ms (tick is 40 ms), so WORLD is dropping frames. Control and AEB are unaffected -- they run on the BeamNG thread.
2026-08-09 21:07:31,876 INFO beamng_lidar_bev.main_window: 3D scene build is over budget at 72.1 ms (tick is 40 ms), so WORLD is dropping frames. Control and AEB are unaffected -- they run on the BeamNG thread.
2026-08-09 21:07:46,889 INFO beamng_lidar_bev.main_window: 3D scene build is over budget at 75.5 ms (tick is 40 ms), so WORLD is dropping frames. Control and AEB are unaffected -- they run on the BeamNG thread.
2026-08-09 21:08:01,884 INFO beamng_lidar_bev.main_window: 3D scene build is over budget at 74.9 ms (tick is 40 ms), so WORLD is dropping frames. Control and AEB are unaffected -- they run on the BeamNG thread.
2026-08-09 21:08:16,927 INFO beamng_lidar_bev.main_window: 3D scene build is over budget at 73.5 ms (tick is 40 ms), so WORLD is dropping frames. Control and AEB are unaffected -- they run on the BeamNG thread.
2026-08-09 21:08:31,924 INFO beamng_lidar_bev.main_window: 3D scene build is over budget at 76.3 ms (tick is 40 ms), so WORLD is dropping frames. Control and AEB are unaffected -- they run on the BeamNG thread.
2026-08-09 21:08:46,950 INFO beamng_lidar_bev.main_window: 3D scene build is over budget at 83.1 ms (tick is 40 ms), so WORLD is dropping frames. Control and AEB are unaffected -- they run on the BeamNG thread.
2026-08-09 21:09:01,958 INFO beamng_lidar_bev.main_window: 3D scene build is over budget at 74.6 ms (tick is 40 ms), so WORLD is dropping frames. Control and AEB are unaffected -- they run on the BeamNG thread.
2026-08-09 21:09:17,008 INFO beamng_lidar_bev.main_window: 3D scene build is over budget at 73.2 ms (tick is 40 ms), so WORLD is dropping frames. Control and AEB are unaffected -- they run on the BeamNG thread.
2026-08-09 21:09:32,056 INFO beamng_lidar_bev.main_window: 3D scene build is over budget at 72.6 ms (tick is 40 ms), so WORLD is dropping frames. Control and AEB are unaffected -- they run on the BeamNG thread.
2026-08-09 21:09:47,107 INFO beamng_lidar_bev.main_window: 3D scene build is over budget at 67.3 ms (tick is 40 ms), so WORLD is dropping frames. Control and AEB are unaffected -- they run on the BeamNG thread.
2026-08-09 21:10:02,148 INFO beamng_lidar_bev.main_window: 3D scene build is over budget at 67.2 ms (tick is 40 ms), so WORLD is dropping frames. Control and AEB are unaffected -- they run on the BeamNG thread.
2026-08-09 21:10:17,177 INFO beamng_lidar_bev.main_window: 3D scene build is over budget at 74.6 ms (tick is 40 ms), so WORLD is dropping frames. Control and AEB are unaffected -- they run on the BeamNG thread.
2026-08-09 21:10:32,224 INFO beamng_lidar_bev.main_window: 3D scene build is over budget at 71.9 ms (tick is 40 ms), so WORLD is dropping frames. Control and AEB are unaffected -- they run on the BeamNG thread.
2026-08-09 21:10:47,277 INFO beamng_lidar_bev.main_window: 3D scene build is over budget at 76.3 ms (tick is 40 ms), so WORLD is dropping frames. Control and AEB are unaffected -- they run on the BeamNG thread.
2026-08-09 21:11:02,307 INFO beamng_lidar_bev.main_window: 3D scene build is over budget at 70.1 ms (tick is 40 ms), so WORLD is dropping frames. Control and AEB are unaffected -- they run on the BeamNG thread.
2026-08-09 21:11:17,303 INFO beamng_lidar_bev.main_window: 3D scene build is over budget at 77.7 ms (tick is 40 ms), so WORLD is dropping frames. Control and AEB are unaffected -- they run on the BeamNG thread.
2026-08-09 21:11:32,367 INFO beamng_lidar_bev.main_window: 3D scene build is over budget at 75.3 ms (tick is 40 ms), so WORLD is dropping frames. Control and AEB are unaffected -- they run on the BeamNG thread.
2026-08-09 21:11:47,369 INFO beamng_lidar_bev.main_window: 3D scene build is over budget at 75.4 ms (tick is 40 ms), so WORLD is dropping frames. Control and AEB are unaffected -- they run on the BeamNG thread.
2026-08-09 21:12:02,392 INFO beamng_lidar_bev.main_window: 3D scene build is over budget at 66.5 ms (tick is 40 ms), so WORLD is dropping frames. Control and AEB are unaffected -- they run on the BeamNG thread.
2026-08-09 21:12:17,414 INFO beamng_lidar_bev.main_window: 3D scene build is over budget at 71.0 ms (tick is 40 ms), so WORLD is dropping frames. Control and AEB are unaffected -- they run on the BeamNG thread.
2026-08-09 21:12:32,417 INFO beamng_lidar_bev.main_window: 3D scene build is over budget at 74.0 ms (tick is 40 ms), so WORLD is dropping frames. Control and AEB are unaffected -- they run on the BeamNG thread.
2026-08-09 21:12:47,453 INFO beamng_lidar_bev.main_window: 3D scene build is over budget at 76.7 ms (tick is 40 ms), so WORLD is dropping frames. Control and AEB are unaffected -- they run on the BeamNG thread.
2026-08-09 21:13:02,485 INFO beamng_lidar_bev.main_window: 3D scene build is over budget at 78.9 ms (tick is 40 ms), so WORLD is dropping frames. Control and AEB are unaffected -- they run on the BeamNG thread.
2026-08-09 21:13:17,534 INFO beamng_lidar_bev.main_window: 3D scene build is over budget at 70.3 ms (tick is 40 ms), so WORLD is dropping frames. Control and AEB are unaffected -- they run on the BeamNG thread.
2026-08-09 21:13:32,550 INFO beamng_lidar_bev.main_window: 3D scene build is over budget at 75.0 ms (tick is 40 ms), so WORLD is dropping frames. Control and AEB are unaffected -- they run on the BeamNG thread.
2026-08-09 21:13:47,617 INFO beamng_lidar_bev.main_window: 3D scene build is over budget at 68.4 ms (tick is 40 ms), so WORLD is dropping frames. Control and AEB are unaffected -- they run on the BeamNG thread.
2026-08-09 21:14:02,630 INFO beamng_lidar_bev.main_window: 3D scene build is over budget at 76.4 ms (tick is 40 ms), so WORLD is dropping frames. Control and AEB are unaffected -- they run on the BeamNG thread.
2026-08-09 21:14:17,676 INFO beamng_lidar_bev.main_window: 3D scene build is over budget at 80.4 ms (tick is 40 ms), so WORLD is dropping frames. Control and AEB are unaffected -- they run on the BeamNG thread.
2026-08-09 21:14:32,725 INFO beamng_lidar_bev.main_window: 3D scene build is over budget at 80.0 ms (tick is 40 ms), so WORLD is dropping frames. Control and AEB are unaffected -- they run on the BeamNG thread.
2026-08-09 21:14:47,745 INFO beamng_lidar_bev.main_window: 3D scene build is over budget at 68.6 ms (tick is 40 ms), so WORLD is dropping frames. Control and AEB are unaffected -- they run on the BeamNG thread.
2026-08-09 21:15:02,808 INFO beamng_lidar_bev.main_window: 3D scene build is over budget at 73.8 ms (tick is 40 ms), so WORLD is dropping frames. Control and AEB are unaffected -- they run on the BeamNG thread.
2026-08-09 21:15:17,858 INFO beamng_lidar_bev.main_window: 3D scene build is over budget at 72.4 ms (tick is 40 ms), so WORLD is dropping frames. Control and AEB are unaffected -- they run on the BeamNG thread.
2026-08-09 21:15:32,917 INFO beamng_lidar_bev.main_window: 3D scene build is over budget at 78.9 ms (tick is 40 ms), so WORLD is dropping frames. Control and AEB are unaffected -- they run on the BeamNG thread.
2026-08-09 21:15:47,972 INFO beamng_lidar_bev.main_window: 3D scene build is over budget at 74.3 ms (tick is 40 ms), so WORLD is dropping frames. Control and AEB are unaffected -- they run on the BeamNG thread.
2026-08-09 21:16:02,975 INFO beamng_lidar_bev.main_window: 3D scene build is over budget at 64.4 ms (tick is 40 ms), so WORLD is dropping frames. Control and AEB are unaffected -- they run on the BeamNG thread.
2026-08-09 21:16:18,033 INFO beamng_lidar_bev.main_window: 3D scene build is over budget at 72.3 ms (tick is 40 ms), so WORLD is dropping frames. Control and AEB are unaffected -- they run on the BeamNG thread.
2026-08-09 21:16:33,047 INFO beamng_lidar_bev.main_window: 3D scene build is over budget at 64.6 ms (tick is 40 ms), so WORLD is dropping frames. Control and AEB are unaffected -- they run on the BeamNG thread.
2026-08-09 21:16:48,075 INFO beamng_lidar_bev.main_window: 3D scene build is over budget at 73.4 ms (tick is 40 ms), so WORLD is dropping frames. Control and AEB are unaffected -- they run on the BeamNG thread.
2026-08-09 21:17:03,107 INFO beamng_lidar_bev.main_window: 3D scene build is over budget at 74.8 ms (tick is 40 ms), so WORLD is dropping frames. Control and AEB are unaffected -- they run on the BeamNG thread.
2026-08-09 21:17:18,113 INFO beamng_lidar_bev.main_window: 3D scene build is over budget at 68.9 ms (tick is 40 ms), so WORLD is dropping frames. Control and AEB are unaffected -- they run on the BeamNG thread.
2026-08-09 21:17:33,164 INFO beamng_lidar_bev.main_window: 3D scene build is over budget at 70.9 ms (tick is 40 ms), so WORLD is dropping frames. Control and AEB are unaffected -- they run on the BeamNG thread.
2026-08-09 21:17:48,200 INFO beamng_lidar_bev.main_window: 3D scene build is over budget at 72.0 ms (tick is 40 ms), so WORLD is dropping frames. Control and AEB are unaffected -- they run on the BeamNG thread.
2026-08-09 21:18:03,250 INFO beamng_lidar_bev.main_window: 3D scene build is over budget at 75.0 ms (tick is 40 ms), so WORLD is dropping frames. Control and AEB are unaffected -- they run on the BeamNG thread.
2026-08-09 21:18:18,246 INFO beamng_lidar_bev.main_window: 3D scene build is over budget at 77.3 ms (tick is 40 ms), so WORLD is dropping frames. Control and AEB are unaffected -- they run on the BeamNG thread.
2026-08-09 21:18:33,308 INFO beamng_lidar_bev.main_window: 3D scene build is over budget at 72.1 ms (tick is 40 ms), so WORLD is dropping frames. Control and AEB are unaffected -- they run on the BeamNG thread.
2026-08-09 21:18:48,361 INFO beamng_lidar_bev.main_window: 3D scene build is over budget at 71.9 ms (tick is 40 ms), so WORLD is dropping frames. Control and AEB are unaffected -- they run on the BeamNG thread.
2026-08-09 21:19:03,422 INFO beamng_lidar_bev.main_window: 3D scene build is over budget at 77.4 ms (tick is 40 ms), so WORLD is dropping frames. Control and AEB are unaffected -- they run on the BeamNG thread.
2026-08-09 21:19:18,416 INFO beamng_lidar_bev.main_window: 3D scene build is over budget at 70.1 ms (tick is 40 ms), so WORLD is dropping frames. Control and AEB are unaffected -- they run on the BeamNG thread.
2026-08-09 21:19:33,478 INFO beamng_lidar_bev.main_window: 3D scene build is over budget at 66.1 ms (tick is 40 ms), so WORLD is dropping frames. Control and AEB are unaffected -- they run on the BeamNG thread.
2026-08-09 21:19:48,542 INFO beamng_lidar_bev.main_window: 3D scene build is over budget at 76.9 ms (tick is 40 ms), so WORLD is dropping frames. Control and AEB are unaffected -- they run on the BeamNG thread.
2026-08-09 21:20:03,560 INFO beamng_lidar_bev.main_window: 3D scene build is over budget at 75.4 ms (tick is 40 ms), so WORLD is dropping frames. Control and AEB are unaffected -- they run on the BeamNG thread.
2026-08-09 21:20:18,591 INFO beamng_lidar_bev.main_window: 3D scene build is over budget at 74.8 ms (tick is 40 ms), so WORLD is dropping frames. Control and AEB are unaffected -- they run on the BeamNG thread.
2026-08-09 21:20:33,604 INFO beamng_lidar_bev.main_window: 3D scene build is over budget at 72.9 ms (tick is 40 ms), so WORLD is dropping frames. Control and AEB are unaffected -- they run on the BeamNG thread.
2026-08-09 21:20:48,666 INFO beamng_lidar_bev.main_window: 3D scene build is over budget at 80.5 ms (tick is 40 ms), so WORLD is dropping frames. Control and AEB are unaffected -- they run on the BeamNG thread.
2026-08-09 21:21:03,687 INFO beamng_lidar_bev.main_window: 3D scene build is over budget at 74.7 ms (tick is 40 ms), so WORLD is dropping frames. Control and AEB are unaffected -- they run on the BeamNG thread.
2026-08-09 21:21:18,722 INFO beamng_lidar_bev.main_window: 3D scene build is over budget at 77.2 ms (tick is 40 ms), so WORLD is dropping frames. Control and AEB are unaffected -- they run on the BeamNG thread.
2026-08-09 21:21:33,775 INFO beamng_lidar_bev.main_window: 3D scene build is over budget at 69.5 ms (tick is 40 ms), so WORLD is dropping frames. Control and AEB are unaffected -- they run on the BeamNG thread.
2026-08-09 21:21:48,772 INFO beamng_lidar_bev.main_window: 3D scene build is over budget at 64.6 ms (tick is 40 ms), so WORLD is dropping frames. Control and AEB are unaffected -- they run on the BeamNG thread.
2026-08-09 21:22:03,775 INFO beamng_lidar_bev.main_window: 3D scene build is over budget at 69.7 ms (tick is 40 ms), so WORLD is dropping frames. Control and AEB are unaffected -- they run on the BeamNG thread.
2026-08-09 21:22:18,805 INFO beamng_lidar_bev.main_window: 3D scene build is over budget at 75.3 ms (tick is 40 ms), so WORLD is dropping frames. Control and AEB are unaffected -- they run on the BeamNG thread.
2026-08-09 21:22:33,860 INFO beamng_lidar_bev.main_window: 3D scene build is over budget at 76.6 ms (tick is 40 ms), so WORLD is dropping frames. Control and AEB are unaffected -- they run on the BeamNG thread.
2026-08-09 21:22:48,874 INFO beamng_lidar_bev.main_window: 3D scene build is over budget at 72.2 ms (tick is 40 ms), so WORLD is dropping frames. Control and AEB are unaffected -- they run on the BeamNG thread.
2026-08-09 21:23:03,911 INFO beamng_lidar_bev.main_window: 3D scene build is over budget at 73.6 ms (tick is 40 ms), so WORLD is dropping frames. Control and AEB are unaffected -- they run on the BeamNG thread.
2026-08-09 21:23:18,974 INFO beamng_lidar_bev.main_window: 3D scene build is over budget at 76.0 ms (tick is 40 ms), so WORLD is dropping frames. Control and AEB are unaffected -- they run on the BeamNG thread.
2026-08-09 21:23:33,975 INFO beamng_lidar_bev.main_window: 3D scene build is over budget at 69.3 ms (tick is 40 ms), so WORLD is dropping frames. Control and AEB are unaffected -- they run on the BeamNG thread.
2026-08-09 21:23:49,044 INFO beamng_lidar_bev.main_window: 3D scene build is over budget at 78.3 ms (tick is 40 ms), so WORLD is dropping frames. Control and AEB are unaffected -- they run on the BeamNG thread.
2026-08-09 21:24:04,073 INFO beamng_lidar_bev.main_window: 3D scene build is over budget at 72.9 ms (tick is 40 ms), so WORLD is dropping frames. Control and AEB are unaffected -- they run on the BeamNG thread.
2026-08-09 21:24:19,098 INFO beamng_lidar_bev.main_window: 3D scene build is over budget at 77.5 ms (tick is 40 ms), so WORLD is dropping frames. Control and AEB are unaffected -- they run on the BeamNG thread.
2026-08-09 21:24:34,136 INFO beamng_lidar_bev.main_window: 3D scene build is over budget at 67.2 ms (tick is 40 ms), so WORLD is dropping frames. Control and AEB are unaffected -- they run on the BeamNG thread.
2026-08-09 21:24:49,165 INFO beamng_lidar_bev.main_window: 3D scene build is over budget at 76.9 ms (tick is 40 ms), so WORLD is dropping frames. Control and AEB are unaffected -- they run on the BeamNG thread.
2026-08-09 21:25:04,171 INFO beamng_lidar_bev.main_window: 3D scene build is over budget at 75.6 ms (tick is 40 ms), so WORLD is dropping frames. Control and AEB are unaffected -- they run on the BeamNG thread.
2026-08-09 21:25:19,207 INFO beamng_lidar_bev.main_window: 3D scene build is over budget at 71.0 ms (tick is 40 ms), so WORLD is dropping frames. Control and AEB are unaffected -- they run on the BeamNG thread.
2026-08-09 21:25:34,237 INFO beamng_lidar_bev.main_window: 3D scene build is over budget at 75.4 ms (tick is 40 ms), so WORLD is dropping frames. Control and AEB are unaffected -- they run on the BeamNG thread.
2026-08-09 21:25:49,267 INFO beamng_lidar_bev.main_window: 3D scene build is over budget at 75.3 ms (tick is 40 ms), so WORLD is dropping frames. Control and AEB are unaffected -- they run on the BeamNG thread.
2026-08-09 21:26:04,293 INFO beamng_lidar_bev.main_window: 3D scene build is over budget at 73.2 ms (tick is 40 ms), so WORLD is dropping frames. Control and AEB are unaffected -- they run on the BeamNG thread.
2026-08-09 21:26:19,334 INFO beamng_lidar_bev.main_window: 3D scene build is over budget at 67.8 ms (tick is 40 ms), so WORLD is dropping frames. Control and AEB are unaffected -- they run on the BeamNG thread.
2026-08-09 21:26:34,395 INFO beamng_lidar_bev.main_window: 3D scene build is over budget at 73.4 ms (tick is 40 ms), so WORLD is dropping frames. Control and AEB are unaffected -- they run on the BeamNG thread.
2026-08-09 21:26:49,416 INFO beamng_lidar_bev.main_window: 3D scene build is over budget at 80.6 ms (tick is 40 ms), so WORLD is dropping frames. Control and AEB are unaffected -- they run on the BeamNG thread.
2026-08-09 21:27:04,436 INFO beamng_lidar_bev.main_window: 3D scene build is over budget at 77.1 ms (tick is 40 ms), so WORLD is dropping frames. Control and AEB are unaffected -- they run on the BeamNG thread.
2026-08-09 21:27:19,439 INFO beamng_lidar_bev.main_window: 3D scene build is over budget at 74.1 ms (tick is 40 ms), so WORLD is dropping frames. Control and AEB are unaffected -- they run on the BeamNG thread.
2026-08-09 21:27:34,430 INFO beamng_lidar_bev.main_window: 3D scene build is over budget at 75.6 ms (tick is 40 ms), so WORLD is dropping frames. Control and AEB are unaffected -- they run on the BeamNG thread.
2026-08-09 21:27:49,455 INFO beamng_lidar_bev.main_window: 3D scene build is over budget at 70.9 ms (tick is 40 ms), so WORLD is dropping frames. Control and AEB are unaffected -- they run on the BeamNG thread.
2026-08-09 21:28:04,513 INFO beamng_lidar_bev.main_window: 3D scene build is over budget at 75.5 ms (tick is 40 ms), so WORLD is dropping frames. Control and AEB are unaffected -- they run on the BeamNG thread.
2026-08-09 21:28:19,533 INFO beamng_lidar_bev.main_window: 3D scene build is over budget at 68.8 ms (tick is 40 ms), so WORLD is dropping frames. Control and AEB are unaffected -- they run on the BeamNG thread.
2026-08-09 21:28:34,566 INFO beamng_lidar_bev.main_window: 3D scene build is over budget at 74.3 ms (tick is 40 ms), so WORLD is dropping frames. Control and AEB are unaffected -- they run on the BeamNG thread.
2026-08-09 21:28:49,584 INFO beamng_lidar_bev.main_window: 3D scene build is over budget at 73.8 ms (tick is 40 ms), so WORLD is dropping frames. Control and AEB are unaffected -- they run on the BeamNG thread.
2026-08-09 21:29:04,623 INFO beamng_lidar_bev.main_window: 3D scene build is over budget at 80.2 ms (tick is 40 ms), so WORLD is dropping frames. Control and AEB are unaffected -- they run on the BeamNG thread.
2026-08-09 21:29:19,655 INFO beamng_lidar_bev.main_window: 3D scene build is over budget at 75.1 ms (tick is 40 ms), so WORLD is dropping frames. Control and AEB are unaffected -- they run on the BeamNG thread.
2026-08-09 21:29:34,690 INFO beamng_lidar_bev.main_window: 3D scene build is over budget at 76.5 ms (tick is 40 ms), so WORLD is dropping frames. Control and AEB are unaffected -- they run on the BeamNG thread.
2026-08-09 21:29:49,741 INFO beamng_lidar_bev.main_window: 3D scene build is over budget at 73.2 ms (tick is 40 ms), so WORLD is dropping frames. Control and AEB are unaffected -- they run on the BeamNG thread.
2026-08-09 21:30:04,785 INFO beamng_lidar_bev.main_window: 3D scene build is over budget at 74.2 ms (tick is 40 ms), so WORLD is dropping frames. Control and AEB are unaffected -- they run on the BeamNG thread.
2026-08-09 21:30:19,841 INFO beamng_lidar_bev.main_window: 3D scene build is over budget at 75.1 ms (tick is 40 ms), so WORLD is dropping frames. Control and AEB are unaffected -- they run on the BeamNG thread.
2026-08-09 21:30:34,858 INFO beamng_lidar_bev.main_window: 3D scene build is over budget at 69.0 ms (tick is 40 ms), so WORLD is dropping frames. Control and AEB are unaffected -- they run on the BeamNG thread.
2026-08-09 21:30:49,849 INFO beamng_lidar_bev.main_window: 3D scene build is over budget at 59.0 ms (tick is 40 ms), so WORLD is dropping frames. Control and AEB are unaffected -- they run on the BeamNG thread.
2026-08-09 21:31:04,879 INFO beamng_lidar_bev.main_window: 3D scene build is over budget at 78.6 ms (tick is 40 ms), so WORLD is dropping frames. Control and AEB are unaffected -- they run on the BeamNG thread.
2026-08-09 21:31:19,938 INFO beamng_lidar_bev.main_window: 3D scene build is over budget at 78.8 ms (tick is 40 ms), so WORLD is dropping frames. Control and AEB are unaffected -- they run on the BeamNG thread.
2026-08-09 21:31:34,967 INFO beamng_lidar_bev.main_window: 3D scene build is over budget at 72.8 ms (tick is 40 ms), so WORLD is dropping frames. Control and AEB are unaffected -- they run on the BeamNG thread.
2026-08-09 21:31:49,963 INFO beamng_lidar_bev.main_window: 3D scene build is over budget at 73.1 ms (tick is 40 ms), so WORLD is dropping frames. Control and AEB are unaffected -- they run on the BeamNG thread.
2026-08-09 21:32:05,014 INFO beamng_lidar_bev.main_window: 3D scene build is over budget at 76.6 ms (tick is 40 ms), so WORLD is dropping frames. Control and AEB are unaffected -- they run on the BeamNG thread.
2026-08-09 21:32:20,068 INFO beamng_lidar_bev.main_window: 3D scene build is over budget at 71.9 ms (tick is 40 ms), so WORLD is dropping frames. Control and AEB are unaffected -- they run on the BeamNG thread.
2026-08-09 21:32:35,068 INFO beamng_lidar_bev.main_window: 3D scene build is over budget at 73.5 ms (tick is 40 ms), so WORLD is dropping frames. Control and AEB are unaffected -- they run on the BeamNG thread.
2026-08-09 21:32:50,145 INFO beamng_lidar_bev.main_window: 3D scene build is over budget at 78.8 ms (tick is 40 ms), so WORLD is dropping frames. Control and AEB are unaffected -- they run on the BeamNG thread.
2026-08-09 21:33:05,217 INFO beamng_lidar_bev.main_window: 3D scene build is over budget at 80.9 ms (tick is 40 ms), so WORLD is dropping frames. Control and AEB are unaffected -- they run on the BeamNG thread.
2026-08-09 21:33:20,282 INFO beamng_lidar_bev.main_window: 3D scene build is over budget at 74.7 ms (tick is 40 ms), so WORLD is dropping frames. Control and AEB are unaffected -- they run on the BeamNG thread.
2026-08-09 21:33:35,297 INFO beamng_lidar_bev.main_window: 3D scene build is over budget at 75.3 ms (tick is 40 ms), so WORLD is dropping frames. Control and AEB are unaffected -- they run on the BeamNG thread.
2026-08-09 21:33:50,297 INFO beamng_lidar_bev.main_window: 3D scene build is over budget at 72.6 ms (tick is 40 ms), so WORLD is dropping frames. Control and AEB are unaffected -- they run on the BeamNG thread.
2026-08-09 21:34:05,386 INFO beamng_lidar_bev.main_window: 3D scene build is over budget at 74.3 ms (tick is 40 ms), so WORLD is dropping frames. Control and AEB are unaffected -- they run on the BeamNG thread.
2026-08-09 21:34:20,381 INFO beamng_lidar_bev.main_window: 3D scene build is over budget at 71.4 ms (tick is 40 ms), so WORLD is dropping frames. Control and AEB are unaffected -- they run on the BeamNG thread.
2026-08-09 21:34:35,392 INFO beamng_lidar_bev.main_window: 3D scene build is over budget at 71.9 ms (tick is 40 ms), so WORLD is dropping frames. Control and AEB are unaffected -- they run on the BeamNG thread.
2026-08-09 21:34:50,418 INFO beamng_lidar_bev.main_window: 3D scene build is over budget at 74.5 ms (tick is 40 ms), so WORLD is dropping frames. Control and AEB are unaffected -- they run on the BeamNG thread.
2026-08-09 21:35:05,460 INFO beamng_lidar_bev.main_window: 3D scene build is over budget at 75.5 ms (tick is 40 ms), so WORLD is dropping frames. Control and AEB are unaffected -- they run on the BeamNG thread.
2026-08-09 21:35:20,527 INFO beamng_lidar_bev.main_window: 3D scene build is over budget at 79.0 ms (tick is 40 ms), so WORLD is dropping frames. Control and AEB are unaffected -- they run on the BeamNG thread.
2026-08-09 21:35:35,551 INFO beamng_lidar_bev.main_window: 3D scene build is over budget at 74.8 ms (tick is 40 ms), so WORLD is dropping frames. Control and AEB are unaffected -- they run on the BeamNG thread.
2026-08-09 21:35:50,587 INFO beamng_lidar_bev.main_window: 3D scene build is over budget at 78.6 ms (tick is 40 ms), so WORLD is dropping frames. Control and AEB are unaffected -- they run on the BeamNG thread.
2026-08-09 21:36:05,601 INFO beamng_lidar_bev.main_window: 3D scene build is over budget at 70.0 ms (tick is 40 ms), so WORLD is dropping frames. Control and AEB are unaffected -- they run on the BeamNG thread.
2026-08-09 21:36:20,642 INFO beamng_lidar_bev.main_window: 3D scene build is over budget at 79.0 ms (tick is 40 ms), so WORLD is dropping frames. Control and AEB are unaffected -- they run on the BeamNG thread.
2026-08-09 21:36:35,663 INFO beamng_lidar_bev.main_window: 3D scene build is over budget at 72.8 ms (tick is 40 ms), so WORLD is dropping frames. Control and AEB are unaffected -- they run on the BeamNG thread.
2026-08-09 21:36:50,688 INFO beamng_lidar_bev.main_window: 3D scene build is over budget at 76.0 ms (tick is 40 ms), so WORLD is dropping frames. Control and AEB are unaffected -- they run on the BeamNG thread.
2026-08-09 21:37:05,711 INFO beamng_lidar_bev.main_window: 3D scene build is over budget at 72.0 ms (tick is 40 ms), so WORLD is dropping frames. Control and AEB are unaffected -- they run on the BeamNG thread.
2026-08-09 21:37:20,725 INFO beamng_lidar_bev.main_window: 3D scene build is over budget at 80.5 ms (tick is 40 ms), so WORLD is dropping frames. Control and AEB are unaffected -- they run on the BeamNG thread.
2026-08-09 21:37:35,746 INFO beamng_lidar_bev.main_window: 3D scene build is over budget at 78.0 ms (tick is 40 ms), so WORLD is dropping frames. Control and AEB are unaffected -- they run on the BeamNG thread.
2026-08-09 21:37:50,741 INFO beamng_lidar_bev.main_window: 3D scene build is over budget at 74.7 ms (tick is 40 ms), so WORLD is dropping frames. Control and AEB are unaffected -- they run on the BeamNG thread.
2026-08-09 21:38:05,738 INFO beamng_lidar_bev.main_window: 3D scene build is over budget at 87.5 ms (tick is 40 ms), so WORLD is dropping frames. Control and AEB are unaffected -- they run on the BeamNG thread.
2026-08-09 21:38:20,786 INFO beamng_lidar_bev.main_window: 3D scene build is over budget at 71.7 ms (tick is 40 ms), so WORLD is dropping frames. Control and AEB are unaffected -- they run on the BeamNG thread.
2026-08-09 21:38:35,845 INFO beamng_lidar_bev.main_window: 3D scene build is over budget at 81.6 ms (tick is 40 ms), so WORLD is dropping frames. Control and AEB are unaffected -- they run on the BeamNG thread.
2026-08-09 21:38:50,845 INFO beamng_lidar_bev.main_window: 3D scene build is over budget at 82.7 ms (tick is 40 ms), so WORLD is dropping frames. Control and AEB are unaffected -- they run on the BeamNG thread.
2026-08-09 21:39:05,889 INFO beamng_lidar_bev.main_window: 3D scene build is over budget at 76.7 ms (tick is 40 ms), so WORLD is dropping frames. Control and AEB are unaffected -- they run on the BeamNG thread.
2026-08-09 21:39:20,929 INFO beamng_lidar_bev.main_window: 3D scene build is over budget at 76.7 ms (tick is 40 ms), so WORLD is dropping frames. Control and AEB are unaffected -- they run on the BeamNG thread.
2026-08-09 21:39:35,963 INFO beamng_lidar_bev.main_window: 3D scene build is over budget at 77.9 ms (tick is 40 ms), so WORLD is dropping frames. Control and AEB are unaffected -- they run on the BeamNG thread.
2026-08-09 21:39:51,011 INFO beamng_lidar_bev.main_window: 3D scene build is over budget at 69.5 ms (tick is 40 ms), so WORLD is dropping frames. Control and AEB are unaffected -- they run on the BeamNG thread.
2026-08-09 21:40:06,048 INFO beamng_lidar_bev.main_window: 3D scene build is over budget at 76.6 ms (tick is 40 ms), so WORLD is dropping frames. Control and AEB are unaffected -- they run on the BeamNG thread.
2026-08-09 21:40:21,059 INFO beamng_lidar_bev.main_window: 3D scene build is over budget at 71.0 ms (tick is 40 ms), so WORLD is dropping frames. Control and AEB are unaffected -- they run on the BeamNG thread.
2026-08-09 21:40:36,087 INFO beamng_lidar_bev.main_window: 3D scene build is over budget at 71.0 ms (tick is 40 ms), so WORLD is dropping frames. Control and AEB are unaffected -- they run on the BeamNG thread.
2026-08-09 21:40:51,128 INFO beamng_lidar_bev.main_window: 3D scene build is over budget at 71.1 ms (tick is 40 ms), so WORLD is dropping frames. Control and AEB are unaffected -- they run on the BeamNG thread.
2026-08-09 21:41:06,163 INFO beamng_lidar_bev.main_window: 3D scene build is over budget at 79.4 ms (tick is 40 ms), so WORLD is dropping frames. Control and AEB are unaffected -- they run on the BeamNG thread.
2026-08-09 21:41:21,208 INFO beamng_lidar_bev.main_window: 3D scene build is over budget at 74.6 ms (tick is 40 ms), so WORLD is dropping frames. Control and AEB are unaffected -- they run on the BeamNG thread.
2026-08-09 21:41:36,219 INFO beamng_lidar_bev.main_window: 3D scene build is over budget at 78.8 ms (tick is 40 ms), so WORLD is dropping frames. Control and AEB are unaffected -- they run on the BeamNG thread.
2026-08-09 21:41:51,226 INFO beamng_lidar_bev.main_window: 3D scene build is over budget at 80.7 ms (tick is 40 ms), so WORLD is dropping frames. Control and AEB are unaffected -- they run on the BeamNG thread.
2026-08-09 21:42:06,256 INFO beamng_lidar_bev.main_window: 3D scene build is over budget at 77.1 ms (tick is 40 ms), so WORLD is dropping frames. Control and AEB are unaffected -- they run on the BeamNG thread.
2026-08-09 21:43:53,779 INFO beamng_lidar_bev.main_window: Looking for a running BeamNG.tech session
2026-08-09 21:43:53,780 INFO beamng_lidar_bev.main_window: Application ready
2026-08-09 21:43:54,205 INFO beamng_lidar_bev.main_window: Found a running BeamNG.tech session; ready to attach
2026-08-09 21:43:55,119 INFO beamng_lidar_bev.main_window: Looking for the current player vehicle
2026-08-09 21:43:55,124 INFO beamng_lidar_bev.main_window: Connecting to BeamNG.tech
2026-08-09 21:44:04,647 INFO beamng_lidar_bev.worker: Connected to the BeamNG.tech bridge on port 64256
2026-08-09 21:44:04,648 INFO beamng_lidar_bev.main_window: Finding the current player vehicle
2026-08-09 21:44:05,151 INFO beamng_lidar_bev.worker: Vehicle check: model 'vivace' (plant measured on 'vivace') | bbox 2.02 wide x 4.33 long x 1.46 tall | overhang front 1.84 rear 2.49 | ground plane -0.258 m from the reference node | mount z: front 0.20, left 0.20, right 0.20, rear 0.20, roof 1.58
2026-08-09 21:44:05,185 INFO beamng_lidar_bev.main_window: Attaching front LiDAR (1/5)
2026-08-09 21:44:05,219 INFO beamng_lidar_bev.worker: Mount check: front sits 0.234 m above the bbox bottom (want 0.20)
2026-08-09 21:44:05,220 INFO beamng_lidar_bev.main_window: Attaching left LiDAR (2/5)
2026-08-09 21:44:05,255 INFO beamng_lidar_bev.worker: Mount check: left sits 0.222 m above the bbox bottom (want 0.20)
2026-08-09 21:44:05,255 INFO beamng_lidar_bev.main_window: Attaching right LiDAR (3/5)
2026-08-09 21:44:05,288 INFO beamng_lidar_bev.worker: Mount check: right sits 0.223 m above the bbox bottom (want 0.20)
2026-08-09 21:44:05,289 INFO beamng_lidar_bev.main_window: Attaching rear LiDAR (4/5)
2026-08-09 21:44:05,324 INFO beamng_lidar_bev.worker: Mount check: rear sits 0.214 m above the bbox bottom (want 0.20)
2026-08-09 21:44:05,325 INFO beamng_lidar_bev.main_window: Attaching roof LiDAR (5/5)
2026-08-09 21:44:05,364 INFO beamng_lidar_bev.worker: Mount check: roof sits 1.608 m above the bbox bottom (want 1.58)
2026-08-09 21:44:05,364 INFO beamng_lidar_bev.worker: AEB check: on 'vivace', armed above 7.2 km/h, stopping 0.60 m clear of the front bumper, fires at the last point a 10.0 m/s^2 stop still works and then brakes FULL, corridor 2.02 m wide, obstacle floor 0.30 m with 4 hits over 0.12 s required, path predicted from measured yaw (brake only). Brake-now distances: 30 km/h -> 7.6 m, 50 km/h -> 15.3 m, 70 km/h -> 26.4 m, 100 km/h -> 49.5 m
2026-08-09 21:44:05,365 INFO beamng_lidar_bev.main_window: 5 LiDAR sensors active on thePlayer
2026-08-09 21:44:05,365 INFO beamng_lidar_bev.worker: REAR AEB check: on 'vivace', armed above 1.8 km/h, stopping 0.35 m clear of the rear bumper, fires at the last point a 6.8 m/s^2 stop still works and then brakes FULL, corridor 2.02 m wide, obstacle floor 0.30 m with 4 hits over 0.12 s required, path predicted from measured yaw (brake only). Brake-now distances: 10 km/h -> 3.9 m, 20 km/h -> 6.3 m, 30 km/h -> 9.8 m, 50 km/h -> 20.7 m
2026-08-09 21:44:05,366 INFO beamng_lidar_bev.main_window: 5 LiDAR sensors attached to thePlayer (front 0.20 m, left 0.20 m, right 0.20 m, rear 0.20 m, roof 1.58 m above ground)
2026-08-09 21:44:05,367 INFO beamng_lidar_bev.main_window: Emergency braking armed
2026-08-09 21:44:05,368 INFO beamng_lidar_bev.main_window: Reverse AEB armed
2026-08-09 21:44:05,417 INFO beamng_lidar_bev.worker: AEB: STANDBY at 0.0 km/h | threat none (brake-now 2.4, standoff 2.4, horizon 8.4) | required 0.0 m/s^2 ttc inf | k +0.0000 brake 0.00 | Standing by below 7 km/h
2026-08-09 21:44:05,418 INFO beamng_lidar_bev.worker: REAR AEB: STANDBY at -0.0 km/h | threat none (brake-now 2.8, standoff 2.8, horizon 8.8) | required 0.0 m/s^2 ttc inf | k +0.0000 brake 0.00 | Standing by below 2 km/h
2026-08-09 21:44:05,490 INFO beamng_lidar_bev.worker: Sensor reach: front 50091 returns, furthest 73 m | left 14575 returns, furthest 115 m | right 14731 returns, furthest 120 m | rear 13895 returns, furthest 118 m | roof 64764 returns, furthest 71 m | AEB acts out to 150 m
2026-08-09 21:44:05,817 INFO beamng_lidar_bev.main_window: 3D scene build is over budget at 40.4 ms (tick is 40 ms), so WORLD is dropping frames. Control and AEB are unaffected -- they run on the BeamNG thread.
2026-08-09 21:44:07,937 INFO beamng_lidar_bev.worker: AEB: ARMED at 7.3 km/h | threat none (brake-now 3.0, standoff 2.4, horizon 8.4) | required 0.0 m/s^2 ttc inf | k +0.0002 brake 0.00 | Clear to 8 m
2026-08-09 21:44:12,705 INFO beamng_lidar_bev.worker: AEB: BRAKING at 35.2 km/h | threat 8.5 m (brake-now 9.3, standoff 2.4, horizon 16.2) | required 7.9 m/s^2 ttc 0.62s | k +0.0014 brake 1.00 | Impact in 0.6 s; full brake
2026-08-09 21:44:12,713 INFO beamng_lidar_bev.worker: AEB evidence: AEB at 8.5 m | 8459 returns spanning 2.27 m of height over 2.00 m of range (min 0.04, median 0.92, max 2.31 above the ego plane, floor 0.30) | measured ground rise 0.04 m, clamped to 0.00 | corridor 1.16 m half-width
2026-08-09 21:44:13,788 INFO beamng_lidar_bev.worker: REAR AEB: ARMED at 3.6 km/h | threat none (brake-now 3.1, standoff 2.8, horizon 8.8) | required 0.0 m/s^2 ttc inf | k -0.0962 brake 0.00 | Clear to 9 m
2026-08-09 21:44:13,948 INFO beamng_lidar_bev.worker: REAR AEB: STANDBY at 0.7 km/h | threat none (brake-now 2.9, standoff 2.8, horizon 8.8) | required 0.0 m/s^2 ttc inf | k +0.0000 brake 0.00 | Standing by below 2 km/h
2026-08-09 21:44:15,929 INFO beamng_lidar_bev.worker: Brake measure: AEB stop on 'vivace' | 35.2 -> 0.5 km/h in 3.22 s over 7.6 m | achieved 2.99 m/s^2 mean, 28.75 peak | model says 4.8 m at 10.0 m/s^2 (1.58x) | pitch +0.7 deg
2026-08-09 21:44:15,929 INFO beamng_lidar_bev.worker: AEB: ARMED at -0.5 km/h | threat 2.1 m (brake-now 2.4, standoff 2.4, horizon 16.2) | required inf m/s^2 ttc 0.00s | k -0.0048 brake 0.00 | Watching an obstacle at 2.1 m (0 m before it acts)
2026-08-09 21:44:16,012 INFO beamng_lidar_bev.worker: AEB: STANDBY at -0.2 km/h | threat none (brake-now 2.4, standoff 2.4, horizon 8.4) | required 0.0 m/s^2 ttc inf | k +0.0000 brake 0.00 | Standing by below 7 km/h
2026-08-09 21:44:16,268 INFO beamng_lidar_bev.worker: REAR AEB: ARMED at 1.9 km/h | threat none (brake-now 2.9, standoff 2.8, horizon 8.8) | required 0.0 m/s^2 ttc inf | k +0.0939 brake 0.00 | Clear to 9 m
2026-08-09 21:44:18,308 INFO beamng_lidar_bev.worker: REAR AEB: STANDBY at 1.5 km/h | threat none (brake-now 2.9, standoff 2.8, horizon 8.8) | required 0.0 m/s^2 ttc inf | k +0.0000 brake 0.00 | Standing by below 2 km/h
2026-08-09 21:44:19,283 INFO beamng_lidar_bev.worker: REAR AEB: ARMED at 2.1 km/h | threat none (brake-now 3.0, standoff 2.8, horizon 8.8) | required 0.0 m/s^2 ttc inf | k +0.0369 brake 0.00 | Clear to 9 m
2026-08-09 21:44:20,835 INFO beamng_lidar_bev.main_window: 3D scene build is over budget at 104.0 ms (tick is 40 ms), so WORLD is dropping frames. Control and AEB are unaffected -- they run on the BeamNG thread.
2026-08-09 21:44:22,204 INFO beamng_lidar_bev.worker: REAR AEB: STANDBY at 1.2 km/h | threat none (brake-now 2.9, standoff 2.8, horizon 8.8) | required 0.0 m/s^2 ttc inf | k +0.0000 brake 0.00 | Standing by below 2 km/h
2026-08-09 21:44:23,745 INFO beamng_lidar_bev.worker: AEB: ARMED at 7.3 km/h | threat none (brake-now 3.0, standoff 2.4, horizon 8.4) | required 0.0 m/s^2 ttc inf | k +0.0415 brake 0.00 | Clear to 8 m
2026-08-09 21:44:27,586 INFO beamng_lidar_bev.worker: AEB: BRAKING at 20.6 km/h | threat 4.6 m (brake-now 5.2, standoff 2.4, horizon 8.4) | required 7.7 m/s^2 ttc 0.37s | k -0.0011 brake 1.00 | Impact in 0.4 s; full brake
2026-08-09 21:44:27,595 INFO beamng_lidar_bev.worker: AEB evidence: AEB at 4.6 m | 39898 returns spanning 1.61 m of height over 1.23 m of range (min 0.05, median 0.58, max 1.66 above the ego plane, floor 0.30) | measured ground rise 0.11 m, clamped to 0.00 | corridor 1.16 m half-width
2026-08-09 21:44:27,894 INFO beamng_lidar_bev.worker: AEB: ARMED at 15.2 km/h | threat none (brake-now 4.1, standoff 2.4, horizon 8.4) | required 0.0 m/s^2 ttc inf | k -0.0000 brake 0.00 | Clear to 8 m
2026-08-09 21:44:28,202 INFO beamng_lidar_bev.worker: AEB: STANDBY at 2.0 km/h | threat none (brake-now 2.6, standoff 2.4, horizon 8.4) | required 0.0 m/s^2 ttc inf | k +0.0000 brake 0.00 | Standing by below 7 km/h
2026-08-09 21:44:28,256 INFO beamng_lidar_bev.worker: REAR AEB: ARMED at 5.7 km/h | threat none (brake-now 3.3, standoff 2.8, horizon 8.8) | required 0.0 m/s^2 ttc inf | k +0.0207 brake 0.00 | Clear to 9 m
2026-08-09 21:44:28,609 INFO beamng_lidar_bev.worker: REAR AEB: STANDBY at 1.4 km/h | threat none (brake-now 2.9, standoff 2.8, horizon 8.8) | required 0.0 m/s^2 ttc inf | k +0.0000 brake 0.00 | Standing by below 2 km/h
2026-08-09 21:44:33,457 INFO beamng_lidar_bev.worker: AEB: ARMED at 7.2 km/h | threat none (brake-now 3.0, standoff 2.4, horizon 8.4) | required 0.0 m/s^2 ttc inf | k +0.0001 brake 0.00 | Clear to 8 m
2026-08-09 21:44:35,890 INFO beamng_lidar_bev.main_window: 3D scene build is over budget at 96.4 ms (tick is 40 ms), so WORLD is dropping frames. Control and AEB are unaffected -- they run on the BeamNG thread.
2026-08-09 21:44:44,462 INFO beamng_lidar_bev.worker: AEB: BRAKING at 19.5 km/h | threat 3.0 m (brake-now 4.9, standoff 2.4, horizon 8.4) | required 26.0 m/s^2 ttc 0.10s | k -0.0000 brake 1.00 | Impact in 0.1 s; full brake
2026-08-09 21:44:44,469 INFO beamng_lidar_bev.worker: AEB evidence: AEB at 3.0 m | 23207 returns spanning 0.77 m of height over 1.98 m of range (min 0.04, median 0.04, max 0.81 above the ego plane, floor 0.30) | measured ground rise 0.04 m, clamped to 0.00 | corridor 1.16 m half-width
2026-08-09 21:44:45,534 INFO beamng_lidar_bev.worker: Brake measure: AEB stop on 'vivace' | 19.5 -> 0.3 km/h in 1.07 s over 2.7 m | achieved 4.98 m/s^2 mean, 8.78 peak | model says 1.5 m at 10.0 m/s^2 (1.83x) | pitch +0.5 deg
2026-08-09 21:44:45,535 INFO beamng_lidar_bev.worker: AEB: ARMED at -0.3 km/h | threat none (brake-now 2.4, standoff 2.4, horizon 8.4) | required 0.0 m/s^2 ttc inf | k +0.0041 brake 0.00 | Clear to 8 m
2026-08-09 21:44:45,627 INFO beamng_lidar_bev.worker: AEB: STANDBY at 0.5 km/h | threat none (brake-now 2.5, standoff 2.4, horizon 8.4) | required 0.0 m/s^2 ttc inf | k +0.0000 brake 0.00 | Standing by below 7 km/h
2026-08-09 21:44:47,228 INFO beamng_lidar_bev.worker: AEB: ARMED at 7.4 km/h | threat 1.9 m (brake-now 3.0, standoff 2.4, horizon 8.4) | required inf m/s^2 ttc 0.00s | k +0.1667 brake 0.00 | Watching an obstacle at 1.9 m (0 m before it acts)
2026-08-09 21:44:47,293 INFO beamng_lidar_bev.worker: AEB: BRAKING at 7.6 km/h | threat 2.0 m (brake-now 3.0, standoff 2.4, horizon 8.4) | required inf m/s^2 ttc 0.00s | k +0.1667 brake 1.00 | Impact in 0.0 s; full brake
2026-08-09 21:44:47,300 INFO beamng_lidar_bev.worker: AEB evidence: AEB at 2.0 m | 14691 returns spanning 0.40 m of height over 1.99 m of range (min 0.03, median 0.11, max 0.43 above the ego plane, floor 0.30) | measured ground rise 0.03 m, clamped to 0.00 | corridor 1.16 m half-width
2026-08-09 21:44:47,602 INFO beamng_lidar_bev.worker: AEB: ARMED at 5.8 km/h | threat none (brake-now 2.9, standoff 2.4, horizon 8.4) | required 0.0 m/s^2 ttc inf | k +0.1667 brake 0.00 | Clear to 8 m
2026-08-09 21:44:47,690 INFO beamng_lidar_bev.worker: AEB: STANDBY at 4.2 km/h | threat none (brake-now 2.7, standoff 2.4, horizon 8.4) | required 0.0 m/s^2 ttc inf | k +0.0000 brake 0.00 | Standing by below 7 km/h
2026-08-09 21:44:48,422 INFO beamng_lidar_bev.worker: AEB: ARMED at 7.4 km/h | threat none (brake-now 3.0, standoff 2.4, horizon 8.4) | required 0.0 m/s^2 ttc inf | k +0.1568 brake 0.00 | Clear to 8 m
2026-08-09 21:44:50,936 INFO beamng_lidar_bev.main_window: 3D scene build is over budget at 94.3 ms (tick is 40 ms), so WORLD is dropping frames. Control and AEB are unaffected -- they run on the BeamNG thread.
2026-08-09 21:44:59,513 INFO beamng_lidar_bev.worker: AEB: BRAKING at 48.6 km/h | threat 3.2 m (brake-now 14.7, standoff 2.4, horizon 27.0) | required 121.7 m/s^2 ttc 0.06s | k -0.0061 brake 1.00 | Impact in 0.1 s; full brake
2026-08-09 21:44:59,523 INFO beamng_lidar_bev.worker: AEB evidence: AEB at 3.2 m | 11752 returns spanning 0.76 m of height over 2.00 m of range (min 0.02, median 0.06, max 0.79 above the ego plane, floor 0.30) | measured ground rise 0.02 m, clamped to 0.00 | corridor 1.16 m half-width
2026-08-09 21:44:59,827 INFO beamng_lidar_bev.worker: AEB: ARMED at 45.8 km/h | threat none (brake-now 13.5, standoff 2.4, horizon 27.0) | required 0.0 m/s^2 ttc inf | k -0.0035 brake 0.00 | Clear to 27 m
2026-08-09 21:45:01,496 INFO beamng_lidar_bev.worker: AEB: BRAKING at 43.2 km/h | threat 2.0 m (brake-now 12.3, standoff 2.4, horizon 22.2) | required inf m/s^2 ttc 0.00s | k -0.0385 brake 1.00 | Impact in 0.0 s; full brake
2026-08-09 21:45:01,502 INFO beamng_lidar_bev.worker: AEB evidence: AEB at 2.0 m | 12837 returns spanning 0.44 m of height over 1.99 m of range (min 0.05, median 0.08, max 0.49 above the ego plane, floor 0.30) | measured ground rise 0.05 m, clamped to 0.00 | corridor 1.16 m half-width
2026-08-09 21:45:01,861 INFO beamng_lidar_bev.worker: AEB: ARMED at 35.4 km/h | threat none (brake-now 9.4, standoff 2.4, horizon 22.2) | required 0.0 m/s^2 ttc inf | k -0.0281 brake 0.00 | Clear to 22 m
2026-08-09 21:45:04,712 INFO beamng_lidar_bev.worker: AEB: STANDBY at 6.7 km/h | threat none (brake-now 2.9, standoff 2.4, horizon 8.4) | required 0.0 m/s^2 ttc inf | k +0.0000 brake 0.00 | Standing by below 7 km/h
2026-08-09 21:45:05,131 INFO beamng_lidar_bev.worker: Brake measure: MANUAL stop on 'vivace' | 13.5 -> 0.5 km/h in 0.79 s over 1.3 m | achieved 4.56 m/s^2 mean, 7.10 peak | model says 0.7 m at 10.0 m/s^2 (1.83x) | pitch +0.2 deg
2026-08-09 21:45:05,975 INFO beamng_lidar_bev.main_window: 3D scene build is over budget at 84.1 ms (tick is 40 ms), so WORLD is dropping frames. Control and AEB are unaffected -- they run on the BeamNG thread.
2026-08-09 21:45:06,400 INFO beamng_lidar_bev.worker: AEB: ARMED at 9.1 km/h | threat none (brake-now 3.2, standoff 2.4, horizon 8.4) | required 0.0 m/s^2 ttc inf | k +0.0460 brake 0.00 | Clear to 8 m
2026-08-09 21:45:09,388 INFO beamng_lidar_bev.worker: AEB: STANDBY at 7.0 km/h | threat none (brake-now 3.0, standoff 2.4, horizon 8.4) | required 0.0 m/s^2 ttc inf | k +0.0000 brake 0.00 | Standing by below 7 km/h
2026-08-09 21:45:10,021 INFO beamng_lidar_bev.worker: AEB: ARMED at 9.4 km/h | threat none (brake-now 3.2, standoff 2.4, horizon 8.4) | required 0.0 m/s^2 ttc inf | k -0.0003 brake 0.00 | Clear to 8 m
2026-08-09 21:45:13,584 INFO beamng_lidar_bev.worker: Brake measure: MANUAL stop on 'vivace' | 44.5 -> 33.3 km/h in 0.66 s over 6.9 m | achieved 4.72 m/s^2 mean, 7.41 peak | model says 7.6 m at 10.0 m/s^2 (0.91x) | pitch +0.3 deg
2026-08-09 21:45:14,864 INFO beamng_lidar_bev.worker: AEB: BRAKING at 44.3 km/h | threat 12.8 m (brake-now 12.8, standoff 2.4, horizon 23.2) | required 7.3 m/s^2 ttc 0.84s | k +0.0087 brake 1.00 | Impact in 0.8 s; full brake
2026-08-09 21:45:14,868 INFO beamng_lidar_bev.worker: AEB evidence: AEB at 12.8 m | 6998 returns spanning 2.58 m of height over 1.91 m of range (min 0.08, median 1.17, max 2.66 above the ego plane, floor 0.30) | measured ground rise 0.29 m, clamped to 0.05 | corridor 1.16 m half-width
2026-08-09 21:45:15,351 INFO beamng_lidar_bev.worker: AEB: ARMED at 37.8 km/h | threat none (brake-now 10.2, standoff 2.4, horizon 23.2) | required 0.0 m/s^2 ttc inf | k -0.0238 brake 0.00 | Clear to 23 m
2026-08-09 21:45:15,685 INFO beamng_lidar_bev.worker: AEB: BRAKING at 36.8 km/h | threat 9.3 m (brake-now 9.9, standoff 2.4, horizon 17.3) | required 7.6 m/s^2 ttc 0.67s | k -0.0565 brake 1.00 | Impact in 0.7 s; full brake
2026-08-09 21:45:15,688 INFO beamng_lidar_bev.worker: AEB evidence: AEB at 9.3 m | 1073 returns spanning 1.76 m of height over 2.00 m of range (min 0.07, median 0.07, max 1.83 above the ego plane, floor 0.30) | measured ground rise 0.07 m, clamped to 0.00 | corridor 1.16 m half-width
2026-08-09 21:45:16,017 INFO beamng_lidar_bev.worker: AEB: ARMED at 33.1 km/h | threat none (brake-now 8.6, standoff 2.4, horizon 17.3) | required 0.0 m/s^2 ttc inf | k -0.0208 brake 0.00 | Clear to 17 m
2026-08-09 21:45:20,278 INFO beamng_lidar_bev.worker: AEB: BRAKING at 12.8 km/h | threat 0.3 m (brake-now 3.7, standoff 2.4, horizon 8.4) | required inf m/s^2 ttc 0.00s | k +0.1667 brake 1.00 | Impact in 0.0 s; full brake
2026-08-09 21:45:20,282 INFO beamng_lidar_bev.worker: AEB evidence: AEB at 0.3 m | 148 returns spanning 0.36 m of height over 0.25 m of range (min 0.06, median 0.06, max 0.42 above the ego plane, floor 0.30) | measured ground rise 0.06 m, clamped to 0.00 | corridor 1.16 m half-width
2026-08-09 21:45:20,612 INFO beamng_lidar_bev.worker: AEB: ARMED at 3.7 km/h | threat none (brake-now 2.7, standoff 2.4, horizon 8.4) | required 0.0 m/s^2 ttc inf | k +0.1667 brake 0.00 | Clear to 8 m
2026-08-09 21:45:20,700 INFO beamng_lidar_bev.worker: AEB: STANDBY at 1.6 km/h | threat none (brake-now 2.5, standoff 2.4, horizon 8.4) | required 0.0 m/s^2 ttc inf | k +0.0000 brake 0.00 | Standing by below 7 km/h
2026-08-09 21:45:21,101 INFO beamng_lidar_bev.worker: AEB: ARMED at 8.2 km/h | threat 6.8 m (brake-now 3.1, standoff 2.4, horizon 8.4) | required 0.6 m/s^2 ttc 1.92s | k +0.1108 brake 0.00 | Watching an obstacle at 6.8 m (4 m before it acts)
2026-08-09 21:45:21,143 INFO beamng_lidar_bev.main_window: 3D scene build is over budget at 40.9 ms (tick is 40 ms), so WORLD is dropping frames. Control and AEB are unaffected -- they run on the BeamNG thread.
2026-08-09 21:45:22,228 INFO beamng_lidar_bev.worker: AEB: BRAKING at 29.8 km/h | threat 5.8 m (brake-now 7.6, standoff 2.4, horizon 12.7) | required 10.2 m/s^2 ttc 0.41s | k +0.0844 brake 1.00 | Impact in 0.4 s; full brake
2026-08-09 21:45:22,232 INFO beamng_lidar_bev.worker: AEB evidence: AEB at 5.8 m | 2573 returns spanning 1.90 m of height over 2.00 m of range (min -1.15, median 0.62, max 0.75 above the ego plane, floor 0.30) | measured ground rise 0.42 m, clamped to 0.00 | corridor 1.16 m half-width
2026-08-09 21:45:22,560 INFO beamng_lidar_bev.worker: AEB: ARMED at 25.4 km/h | threat 10.0 m (brake-now 6.3, standoff 2.4, horizon 12.7) | required 3.3 m/s^2 ttc 1.07s | k +0.0724 brake 0.00 | Watching an obstacle at 10.0 m (4 m before it acts)
2026-08-09 21:45:30,542 INFO beamng_lidar_bev.worker: AEB: BRAKING at 43.6 km/h | threat 6.4 m (brake-now 12.5, standoff 2.4, horizon 22.6) | required 18.6 m/s^2 ttc 0.33s | k +0.0017 brake 1.00 | Impact in 0.3 s; full brake
2026-08-09 21:45:30,549 INFO beamng_lidar_bev.worker: AEB evidence: AEB at 6.4 m | 6356 returns spanning 0.79 m of height over 2.00 m of range (min 0.06, median 0.30, max 0.85 above the ego plane, floor 0.30) | measured ground rise 0.09 m, clamped to 0.00 | corridor 1.16 m half-width
2026-08-09 21:45:31,013 INFO beamng_lidar_bev.worker: AEB: ARMED at 32.8 km/h | threat none (brake-now 8.5, standoff 2.4, horizon 22.6) | required 0.0 m/s^2 ttc inf | k -0.0009 brake 0.00 | Clear to 23 m
2026-08-09 21:45:32,136 INFO beamng_lidar_bev.worker: Brake measure: MANUAL stop on 'vivace' | 32.8 -> 14.7 km/h in 1.19 s over 7.3 m | achieved 4.22 m/s^2 mean, 8.41 peak | model says 4.2 m at 10.0 m/s^2 (1.76x) | pitch -0.9 deg
2026-08-09 21:45:32,941 INFO beamng_lidar_bev.worker: AEB: STANDBY at 6.2 km/h | threat none (brake-now 2.9, standoff 2.4, horizon 8.4) | required 0.0 m/s^2 ttc inf | k +0.0000 brake 0.00 | Standing by below 7 km/h
2026-08-09 21:45:35,028 INFO beamng_lidar_bev.worker: AEB: ARMED at 7.2 km/h | threat none (brake-now 3.0, standoff 2.4, horizon 8.4) | required 0.0 m/s^2 ttc inf | k -0.1648 brake 0.00 | Clear to 8 m
2026-08-09 21:45:35,851 INFO beamng_lidar_bev.worker: AEB: STANDBY at 6.8 km/h | threat none (brake-now 2.9, standoff 2.4, horizon 8.4) | required 0.0 m/s^2 ttc inf | k +0.0000 brake 0.00 | Standing by below 7 km/h
2026-08-09 21:45:36,196 INFO beamng_lidar_bev.main_window: 3D scene build is over budget at 122.8 ms (tick is 40 ms), so WORLD is dropping frames. Control and AEB are unaffected -- they run on the BeamNG thread.
2026-08-09 21:45:36,363 INFO beamng_lidar_bev.worker: AEB: ARMED at 7.5 km/h | threat none (brake-now 3.0, standoff 2.4, horizon 8.4) | required 0.0 m/s^2 ttc inf | k -0.0736 brake 0.00 | Clear to 8 m
2026-08-09 21:45:37,207 INFO beamng_lidar_bev.worker: AEB: BRAKING at 14.5 km/h | threat 3.6 m (brake-now 4.0, standoff 2.4, horizon 8.4) | required 6.8 m/s^2 ttc 0.30s | k -0.0164 brake 1.00 | Impact in 0.3 s; full brake
2026-08-09 21:45:37,216 INFO beamng_lidar_bev.worker: AEB evidence: AEB at 3.6 m | 14536 returns spanning 0.75 m of height over 2.00 m of range (min 0.05, median 0.07, max 0.80 above the ego plane, floor 0.30) | measured ground rise 0.06 m, clamped to 0.00 | corridor 1.16 m half-width
2026-08-09 21:45:37,760 INFO beamng_lidar_bev.worker: AEB: ARMED at 6.8 km/h | threat none (brake-now 2.9, standoff 2.4, horizon 8.4) | required 0.0 m/s^2 ttc inf | k -0.0197 brake 0.00 | Clear to 8 m
2026-08-09 21:45:37,856 INFO beamng_lidar_bev.worker: AEB: STANDBY at 5.2 km/h | threat none (brake-now 2.8, standoff 2.4, horizon 8.4) | required 0.0 m/s^2 ttc inf | k +0.0000 brake 0.00 | Standing by below 7 km/h
2026-08-09 21:45:38,270 INFO beamng_lidar_bev.worker: AEB: ARMED at 7.6 km/h | threat none (brake-now 3.0, standoff 2.4, horizon 8.4) | required 0.0 m/s^2 ttc inf | k -0.0046 brake 0.00 | Clear to 8 m
2026-08-09 21:45:51,229 INFO beamng_lidar_bev.main_window: 3D scene build is over budget at 72.7 ms (tick is 40 ms), so WORLD is dropping frames. Control and AEB are unaffected -- they run on the BeamNG thread.
2026-08-09 21:45:51,538 INFO beamng_lidar_bev.worker: AEB: BRAKING at 26.7 km/h | threat 5.6 m (brake-now 6.7, standoff 2.4, horizon 10.9) | required 8.8 m/s^2 ttc 0.42s | k -0.0650 brake 1.00 | Impact in 0.4 s; full brake
2026-08-09 21:45:51,544 INFO beamng_lidar_bev.worker: AEB evidence: AEB at 5.6 m | 9350 returns spanning 1.58 m of height over 2.00 m of range (min 0.05, median 0.35, max 1.63 above the ego plane, floor 0.30) | measured ground rise 0.16 m, clamped to 0.00 | corridor 1.16 m half-width
2026-08-09 21:45:52,359 INFO beamng_lidar_bev.worker: REAR AEB: ARMED at 2.6 km/h | threat none (brake-now 3.0, standoff 2.8, horizon 8.8) | required 0.0 m/s^2 ttc inf | k -0.0446 brake 0.00 | Clear to 9 m
2026-08-09 21:45:52,450 INFO beamng_lidar_bev.worker: REAR AEB: STANDBY at 0.9 km/h | threat none (brake-now 2.9, standoff 2.8, horizon 8.8) | required 0.0 m/s^2 ttc inf | k +0.0000 brake 0.00 | Standing by below 2 km/h
2026-08-09 21:45:56,252 INFO beamng_lidar_bev.worker: REAR AEB: ARMED at 2.0 km/h | threat none (brake-now 3.0, standoff 2.8, horizon 8.8) | required 0.0 m/s^2 ttc inf | k -0.0702 brake 0.00 | Clear to 9 m
2026-08-09 21:45:56,507 INFO beamng_lidar_bev.worker: REAR AEB: STANDBY at 1.1 km/h | threat none (brake-now 2.9, standoff 2.8, horizon 8.8) | required 0.0 m/s^2 ttc inf | k +0.0000 brake 0.00 | Standing by below 2 km/h
2026-08-09 21:45:56,841 INFO beamng_lidar_bev.worker: REAR AEB: ARMED at 2.4 km/h | threat none (brake-now 3.0, standoff 2.8, horizon 8.8) | required 0.0 m/s^2 ttc inf | k -0.1088 brake 0.00 | Clear to 9 m
2026-08-09 21:45:56,922 INFO beamng_lidar_bev.worker: REAR AEB: STANDBY at 0.3 km/h | threat none (brake-now 2.9, standoff 2.8, horizon 8.8) | required 0.0 m/s^2 ttc inf | k +0.0000 brake 0.00 | Standing by below 2 km/h
2026-08-09 21:46:02,781 INFO beamng_lidar_bev.worker: Brake measure: AEB stop on 'vivace' | 26.7 -> 0.0 km/h in 11.24 s over 6.0 m | achieved 0.66 m/s^2 mean, 33.38 peak | model says 2.7 m at 10.0 m/s^2 (2.18x) | pitch +1.1 deg
2026-08-09 21:46:02,781 INFO beamng_lidar_bev.worker: AEB: ARMED at 0.0 km/h | threat 2.8 m (brake-now 2.4, standoff 2.4, horizon 10.9) | required 0.0 m/s^2 ttc 196.73s | k -0.0002 brake 0.00 | Watching an obstacle at 2.8 m (0 m before it acts)
2026-08-09 21:46:02,868 INFO beamng_lidar_bev.worker: AEB: STANDBY at -0.1 km/h | threat none (brake-now 2.4, standoff 2.4, horizon 8.4) | required 0.0 m/s^2 ttc inf | k +0.0000 brake 0.00 | Standing by below 7 km/h
2026-08-09 21:46:04,297 INFO beamng_lidar_bev.worker: AEB: ARMED at 7.3 km/h | threat 7.8 m (brake-now 3.0, standoff 2.4, horizon 8.4) | required 0.4 m/s^2 ttc 2.65s | k -0.1565 brake 0.00 | Watching an obstacle at 7.8 m (5 m before it acts)
2026-08-09 21:46:06,244 INFO beamng_lidar_bev.main_window: 3D scene build is over budget at 55.0 ms (tick is 40 ms), so WORLD is dropping frames. Control and AEB are unaffected -- they run on the BeamNG thread.
2026-08-09 21:46:10,374 INFO beamng_lidar_bev.worker: AEB: BRAKING at 34.5 km/h | threat 9.1 m (brake-now 9.1, standoff 2.4, horizon 15.7) | required 6.9 m/s^2 ttc 0.69s | k -0.0013 brake 1.00 | Impact in 0.7 s; full brake
2026-08-09 21:46:10,379 INFO beamng_lidar_bev.worker: AEB evidence: AEB at 9.1 m | 1962 returns spanning 2.42 m of height over 2.00 m of range (min 0.03, median 0.45, max 2.45 above the ego plane, floor 0.30) | measured ground rise 0.03 m, clamped to 0.00 | corridor 1.16 m half-width
2026-08-09 21:46:10,732 INFO beamng_lidar_bev.worker: AEB: ARMED at 26.9 km/h | threat none (brake-now 6.7, standoff 2.4, horizon 15.7) | required 0.0 m/s^2 ttc inf | k +0.0053 brake 0.00 | Clear to 16 m
2026-08-09 21:46:11,387 INFO beamng_lidar_bev.worker: AEB: BRAKING at 26.6 km/h | threat 6.2 m (brake-now 6.7, standoff 2.4, horizon 10.9) | required 7.3 m/s^2 ttc 0.51s | k -0.0010 brake 1.00 | Impact in 0.5 s; full brake
2026-08-09 21:46:11,395 INFO beamng_lidar_bev.worker: AEB evidence: AEB at 6.2 m | 4174 returns spanning 1.55 m of height over 2.00 m of range (min 0.02, median 0.03, max 1.57 above the ego plane, floor 0.30) | measured ground rise 0.02 m, clamped to 0.00 | corridor 1.16 m half-width
2026-08-09 21:46:16,127 INFO beamng_lidar_bev.worker: Brake measure: AEB stop on 'vivace' | 26.6 -> 0.6 km/h in 4.74 s over 10.0 m | achieved 1.52 m/s^2 mean, 9.01 peak | model says 2.7 m at 10.0 m/s^2 (3.67x) | pitch +1.8 deg
2026-08-09 21:46:16,127 INFO beamng_lidar_bev.worker: AEB: ARMED at 0.6 km/h | threat none (brake-now 2.5, standoff 2.4, horizon 10.9) | required 0.0 m/s^2 ttc inf | k +0.0183 brake 0.00 | Clear to 11 m
2026-08-09 21:46:16,209 INFO beamng_lidar_bev.worker: AEB: STANDBY at 1.1 km/h | threat none (brake-now 2.5, standoff 2.4, horizon 8.4) | required 0.0 m/s^2 ttc inf | k +0.0000 brake 0.00 | Standing by below 7 km/h
2026-08-09 21:46:16,695 INFO beamng_lidar_bev.worker: AEB: ARMED at 7.2 km/h | threat 7.1 m (brake-now 3.0, standoff 2.4, horizon 8.4) | required 0.4 m/s^2 ttc 2.34s | k +0.1618 brake 0.00 | Watching an obstacle at 7.1 m (4 m before it acts)
2026-08-09 21:46:16,759 INFO beamng_lidar_bev.worker: AEB: STANDBY at 7.2 km/h | threat none (brake-now 3.0, standoff 2.4, horizon 8.4) | required 0.0 m/s^2 ttc inf | k +0.0000 brake 0.00 | Standing by below 7 km/h
2026-08-09 21:46:17,182 INFO beamng_lidar_bev.worker: AEB: ARMED at 8.1 km/h | threat none (brake-now 3.1, standoff 2.4, horizon 8.4) | required 0.0 m/s^2 ttc inf | k -0.0109 brake 0.00 | Clear to 8 m
2026-08-09 21:46:19,042 INFO beamng_lidar_bev.worker: AEB: BRAKING at 34.5 km/h | threat 3.3 m (brake-now 9.1, standoff 2.4, horizon 15.7) | required 54.0 m/s^2 ttc 0.09s | k +0.0000 brake 1.00 | Impact in 0.1 s; full brake
2026-08-09 21:46:19,049 INFO beamng_lidar_bev.worker: AEB evidence: AEB at 3.3 m | 14637 returns spanning 0.83 m of height over 2.00 m of range (min 0.04, median 0.09, max 0.87 above the ego plane, floor 0.30) | measured ground rise 0.08 m, clamped to 0.00 | corridor 1.16 m half-width
2026-08-09 21:46:19,386 INFO beamng_lidar_bev.worker: AEB: ARMED at 28.1 km/h | threat none (brake-now 7.1, standoff 2.4, horizon 15.7) | required 0.0 m/s^2 ttc inf | k -0.0040 brake 0.00 | Clear to 16 m
2026-08-09 21:46:20,282 INFO beamng_lidar_bev.worker: AEB: BRAKING at 40.6 km/h | threat 2.5 m (brake-now 11.3, standoff 2.4, horizon 20.2) | required 635.1 m/s^2 ttc 0.01s | k -0.0002 brake 1.00 | Impact in 0.0 s; full brake
2026-08-09 21:46:20,287 INFO beamng_lidar_bev.worker: AEB evidence: AEB at 2.5 m | 17439 returns spanning 0.78 m of height over 1.95 m of range (min 0.04, median 0.07, max 0.83 above the ego plane, floor 0.30) | measured ground rise 0.08 m, clamped to 0.00 | corridor 1.16 m half-width
2026-08-09 21:46:20,630 INFO beamng_lidar_bev.worker: AEB: ARMED at 35.4 km/h | threat none (brake-now 9.4, standoff 2.4, horizon 20.2) | required 0.0 m/s^2 ttc inf | k +0.0016 brake 0.00 | Clear to 20 m
2026-08-09 21:46:21,293 INFO beamng_lidar_bev.main_window: 3D scene build is over budget at 55.4 ms (tick is 40 ms), so WORLD is dropping frames. Control and AEB are unaffected -- they run on the BeamNG thread.
2026-08-09 21:46:25,259 INFO beamng_lidar_bev.worker: AEB: STANDBY at 7.0 km/h | threat none (brake-now 3.0, standoff 2.4, horizon 8.4) | required 0.0 m/s^2 ttc inf | k +0.0000 brake 0.00 | Standing by below 7 km/h
2026-08-09 21:46:25,309 INFO beamng_lidar_bev.worker: Brake measure: MANUAL stop on 'vivace' | 22.3 -> 6.7 km/h in 0.71 s over 2.6 m | achieved 6.07 m/s^2 mean, 8.96 peak | model says 1.9 m at 10.0 m/s^2 (1.36x) | pitch -0.2 deg
2026-08-09 21:46:25,413 INFO beamng_lidar_bev.worker: AEB: ARMED at 7.4 km/h | threat none (brake-now 3.0, standoff 2.4, horizon 8.4) | required 0.0 m/s^2 ttc inf | k -0.1667 brake 0.00 | Clear to 8 m
2026-08-09 21:46:26,600 INFO beamng_lidar_bev.worker: AEB: BRAKING at 22.3 km/h | threat 5.2 m (brake-now 5.6, standoff 2.4, horizon 8.7) | required 6.9 m/s^2 ttc 0.45s | k -0.1667 brake 1.00 | Impact in 0.4 s; full brake
2026-08-09 21:46:26,604 INFO beamng_lidar_bev.worker: AEB evidence: AEB at 5.2 m | 3672 returns spanning 2.05 m of height over 2.00 m of range (min 0.06, median 1.09, max 2.11 above the ego plane, floor 0.30) | measured ground rise 0.04 m, clamped to 0.00 | corridor 1.16 m half-width
2026-08-09 21:46:27,650 INFO beamng_lidar_bev.worker: Brake measure: AEB stop on 'vivace' | 22.3 -> 1.1 km/h in 1.05 s over 3.9 m | achieved 5.60 m/s^2 mean, 10.15 peak | model says 1.9 m at 10.0 m/s^2 (2.03x) | pitch +0.6 deg
2026-08-09 21:46:27,650 INFO beamng_lidar_bev.worker: AEB: ARMED at -1.1 km/h | threat 5.7 m (brake-now 2.4, standoff 2.4, horizon 8.7) | required 0.0 m/s^2 ttc inf | k -0.0212 brake 0.00 | Watching an obstacle at 5.7 m (3 m before it acts)
2026-08-09 21:46:27,719 INFO beamng_lidar_bev.worker: AEB: STANDBY at 0.0 km/h | threat none (brake-now 2.4, standoff 2.4, horizon 8.4) | required 0.0 m/s^2 ttc inf | k +0.0000 brake 0.00 | Standing by below 7 km/h
2026-08-09 21:46:28,824 INFO beamng_lidar_bev.worker: AEB: ARMED at 8.2 km/h | threat none (brake-now 3.1, standoff 2.4, horizon 8.4) | required 0.0 m/s^2 ttc inf | k +0.0822 brake 0.00 | Clear to 8 m
2026-08-09 21:46:29,831 INFO beamng_lidar_bev.worker: AEB: BRAKING at 27.6 km/h | threat 5.2 m (brake-now 7.0, standoff 2.4, horizon 11.5) | required 10.5 m/s^2 ttc 0.37s | k -0.0490 brake 1.00 | Impact in 0.4 s; full brake
2026-08-09 21:46:29,843 INFO beamng_lidar_bev.worker: AEB evidence: AEB at 5.2 m | 2511 returns spanning 1.74 m of height over 2.00 m of range (min 0.04, median 0.06, max 1.78 above the ego plane, floor 0.30) | measured ground rise 0.04 m, clamped to 0.00 | corridor 1.16 m half-width
2026-08-09 21:46:30,359 INFO beamng_lidar_bev.worker: AEB: ARMED at 19.1 km/h | threat 7.7 m (brake-now 4.9, standoff 2.4, horizon 11.5) | required 2.7 m/s^2 ttc 0.98s | k -0.0057 brake 0.00 | Watching an obstacle at 7.7 m (3 m before it acts)
2026-08-09 21:46:31,113 INFO beamng_lidar_bev.worker: AEB: STANDBY at 6.1 km/h | threat none (brake-now 2.9, standoff 2.4, horizon 8.4) | required 0.0 m/s^2 ttc inf | k +0.0000 brake 0.00 | Standing by below 7 km/h
2026-08-09 21:46:32,155 INFO beamng_lidar_bev.worker: AEB: ARMED at 7.7 km/h | threat 6.8 m (brake-now 3.0, standoff 2.4, horizon 8.4) | required 0.5 m/s^2 ttc 2.07s | k +0.0005 brake 0.00 | Watching an obstacle at 6.8 m (4 m before it acts)
2026-08-09 21:46:32,693 INFO beamng_lidar_bev.worker: AEB: BRAKING at 23.7 km/h | threat 4.6 m (brake-now 5.9, standoff 2.4, horizon 9.4) | required 10.2 m/s^2 ttc 0.32s | k +0.0036 brake 1.00 | Impact in 0.3 s; full brake
2026-08-09 21:46:32,699 INFO beamng_lidar_bev.worker: AEB evidence: AEB at 4.6 m | 6098 returns spanning 0.85 m of height over 2.00 m of range (min 0.04, median 0.06, max 0.88 above the ego plane, floor 0.30) | measured ground rise 0.04 m, clamped to 0.00 | corridor 1.16 m half-width
2026-08-09 21:46:33,179 INFO beamng_lidar_bev.worker: AEB: ARMED at 12.9 km/h | threat none (brake-now 3.7, standoff 2.4, horizon 9.4) | required 0.0 m/s^2 ttc inf | k -0.0034 brake 0.00 | Clear to 9 m
2026-08-09 21:46:33,599 INFO beamng_lidar_bev.worker: AEB: STANDBY at 6.1 km/h | threat none (brake-now 2.9, standoff 2.4, horizon 8.4) | required 0.0 m/s^2 ttc inf | k +0.0000 brake 0.00 | Standing by below 7 km/h
2026-08-09 21:46:34,069 INFO beamng_lidar_bev.worker: AEB: ARMED at 9.1 km/h | threat none (brake-now 3.2, standoff 2.4, horizon 8.4) | required 0.0 m/s^2 ttc inf | k +0.0004 brake 0.00 | Clear to 8 m
2026-08-09 21:46:34,698 INFO beamng_lidar_bev.worker: AEB: BRAKING at 25.6 km/h | threat 2.4 m (brake-now 6.4, standoff 2.4, horizon 10.3) | required inf m/s^2 ttc 0.00s | k -0.0155 brake 1.00 | Impact in 0.0 s; full brake
2026-08-09 21:46:34,703 INFO beamng_lidar_bev.worker: AEB evidence: AEB at 2.4 m | 17784 returns spanning 0.42 m of height over 1.99 m of range (min 0.05, median 0.05, max 0.47 above the ego plane, floor 0.30) | measured ground rise 0.05 m, clamped to 0.00 | corridor 1.16 m half-width
2026-08-09 21:46:35,028 INFO beamng_lidar_bev.worker: AEB: ARMED at 20.4 km/h | threat none (brake-now 5.1, standoff 2.4, horizon 10.3) | required 0.0 m/s^2 ttc inf | k -0.0117 brake 0.00 | Clear to 10 m
2026-08-09 21:46:36,327 INFO beamng_lidar_bev.main_window: 3D scene build is over budget at 68.7 ms (tick is 40 ms), so WORLD is dropping frames. Control and AEB are unaffected -- they run on the BeamNG thread.
2026-08-09 21:46:36,536 INFO beamng_lidar_bev.worker: AEB: BRAKING at 40.1 km/h | threat 9.2 m (brake-now 11.1, standoff 2.4, horizon 19.8) | required 9.2 m/s^2 ttc 0.60s | k -0.0020 brake 1.00 | Impact in 0.6 s; full brake
2026-08-09 21:46:36,549 INFO beamng_lidar_bev.worker: AEB evidence: AEB at 9.2 m | 2028 returns spanning 2.64 m of height over 2.00 m of range (min 0.05, median 0.47, max 2.69 above the ego plane, floor 0.30) | measured ground rise 0.09 m, clamped to 0.00 | corridor 1.16 m half-width
2026-08-09 21:46:36,875 INFO beamng_lidar_bev.worker: AEB: ARMED at 37.9 km/h | threat 17.1 m (brake-now 10.3, standoff 2.4, horizon 19.8) | required 3.8 m/s^2 ttc 1.40s | k +0.0125 brake 0.00 | Watching an obstacle at 17.1 m (7 m before it acts)
2026-08-09 21:46:39,496 INFO beamng_lidar_bev.worker: Brake measure: MANUAL stop on 'vivace' | 47.9 -> 18.1 km/h in 1.19 s over 9.8 m | achieved 6.92 m/s^2 mean, 12.39 peak | model says 8.8 m at 10.0 m/s^2 (1.10x) | pitch -0.7 deg
2026-08-09 21:46:39,838 INFO beamng_lidar_bev.worker: AEB: BRAKING at 23.0 km/h | threat 0.4 m (brake-now 5.7, standoff 2.4, horizon 9.0) | required inf m/s^2 ttc 0.00s | k -0.1140 brake 1.00 | Impact in 0.0 s; full brake
2026-08-09 21:46:39,844 INFO beamng_lidar_bev.worker: AEB evidence: AEB at 0.4 m | 3973 returns spanning 1.68 m of height over 0.20 m of range (min 0.07, median 1.47, max 1.74 above the ego plane, floor 0.30) | measured ground rise 0.07 m, clamped to 0.00 | corridor 1.16 m half-width
2026-08-09 21:46:40,186 INFO beamng_lidar_bev.worker: AEB: ARMED at 15.7 km/h | threat none (brake-now 4.2, standoff 2.4, horizon 9.0) | required 0.0 m/s^2 ttc inf | k -0.1654 brake 0.00 | Clear to 9 m
2026-08-09 21:46:40,531 INFO beamng_lidar_bev.worker: AEB: STANDBY at 6.3 km/h | threat none (brake-now 2.9, standoff 2.4, horizon 8.4) | required 0.0 m/s^2 ttc inf | k +0.0000 brake 0.00 | Standing by below 7 km/h
2026-08-09 21:46:40,939 INFO beamng_lidar_bev.worker: Brake measure: MANUAL stop on 'vivace' | 15.7 -> 0.4 km/h in 0.80 s over 1.4 m | achieved 5.30 m/s^2 mean, 9.05 peak | model says 1.0 m at 10.0 m/s^2 (1.45x) | pitch -0.8 deg
2026-08-09 21:46:42,130 INFO beamng_lidar_bev.worker: AEB: ARMED at 8.1 km/h | threat none (brake-now 3.1, standoff 2.4, horizon 8.4) | required 0.0 m/s^2 ttc inf | k -0.0350 brake 0.00 | Clear to 8 m
2026-08-09 21:46:46,553 INFO beamng_lidar_bev.worker: AEB: BRAKING at 71.8 km/h | threat 26.9 m (brake-now 27.6, standoff 2.4, horizon 52.8) | required 8.1 m/s^2 ttc 1.23s | k +0.0004 brake 1.00 | Impact in 1.2 s; full brake
2026-08-09 21:46:46,559 INFO beamng_lidar_bev.worker: AEB evidence: AEB at 26.9 m | 1286 returns spanning 2.56 m of height over 1.18 m of range (min 0.07, median 1.24, max 2.63 above the ego plane, floor 0.30) | measured ground rise 0.44 m, clamped to 0.25 | corridor 1.16 m half-width
2026-08-09 21:46:49,430 INFO beamng_lidar_bev.worker: REAR AEB: ARMED at 3.1 km/h | threat none (brake-now 3.0, standoff 2.8, horizon 8.8) | required 0.0 m/s^2 ttc inf | k -0.0092 brake 0.00 | Clear to 9 m
2026-08-09 21:46:49,900 INFO beamng_lidar_bev.worker: REAR AEB: STANDBY at 0.4 km/h | threat none (brake-now 2.9, standoff 2.8, horizon 8.8) | required 0.0 m/s^2 ttc inf | k +0.0000 brake 0.00 | Standing by below 2 km/h
2026-08-09 21:46:51,339 INFO beamng_lidar_bev.main_window: 3D scene build is over budget at 95.1 ms (tick is 40 ms), so WORLD is dropping frames. Control and AEB are unaffected -- they run on the BeamNG thread.
2026-08-09 21:46:51,872 INFO beamng_lidar_bev.worker: Brake measure: AEB stop on 'vivace' | 71.8 -> 0.1 km/h in 5.32 s over 24.8 m | achieved 3.75 m/s^2 mean, 12.62 peak | model says 19.9 m at 10.0 m/s^2 (1.25x) | pitch +0.4 deg
2026-08-09 21:46:51,872 INFO beamng_lidar_bev.worker: AEB: ARMED at -0.1 km/h | threat 3.0 m (brake-now 2.4, standoff 2.4, horizon 52.8) | required 0.0 m/s^2 ttc inf | k -0.0000 brake 0.00 | Watching an obstacle at 3.0 m (1 m before it acts)
2026-08-09 21:46:51,972 INFO beamng_lidar_bev.worker: AEB: STANDBY at -0.1 km/h | threat none (brake-now 2.4, standoff 2.4, horizon 8.4) | required 0.0 m/s^2 ttc inf | k +0.0000 brake 0.00 | Standing by below 7 km/h
2026-08-09 21:46:52,589 INFO beamng_lidar_bev.worker: REAR AEB: ARMED at 2.7 km/h | threat none (brake-now 3.0, standoff 2.8, horizon 8.8) | required 0.0 m/s^2 ttc inf | k +0.0495 brake 0.00 | Clear to 9 m
2026-08-09 21:46:54,906 INFO beamng_lidar_bev.worker: REAR AEB: STANDBY at 0.1 km/h | threat none (brake-now 2.8, standoff 2.8, horizon 8.8) | required 0.0 m/s^2 ttc inf | k +0.0000 brake 0.00 | Standing by below 2 km/h
2026-08-09 21:46:55,497 INFO beamng_lidar_bev.worker: AEB: ARMED at 8.2 km/h | threat none (brake-now 3.1, standoff 2.4, horizon 8.4) | required 0.0 m/s^2 ttc inf | k +0.0072 brake 0.00 | Clear to 8 m
2026-08-09 21:47:03,584 INFO beamng_lidar_bev.worker: AEB: BRAKING at 36.4 km/h | threat 9.5 m (brake-now 9.7, standoff 2.4, horizon 17.0) | required 7.3 m/s^2 ttc 0.70s | k +0.0002 brake 1.00 | Impact in 0.7 s; full brake
2026-08-09 21:47:03,591 INFO beamng_lidar_bev.worker: AEB evidence: AEB at 9.5 m | 6168 returns spanning 2.22 m of height over 1.99 m of range (min 0.07, median 1.38, max 2.29 above the ego plane, floor 0.30) | measured ground rise 0.07 m, clamped to 0.00 | corridor 1.16 m half-width
2026-08-09 21:47:04,618 INFO beamng_lidar_bev.worker: REAR AEB: ARMED at 3.7 km/h | threat none (brake-now 3.1, standoff 2.8, horizon 8.8) | required 0.0 m/s^2 ttc inf | k -0.0022 brake 0.00 | Clear to 9 m
2026-08-09 21:47:04,753 INFO beamng_lidar_bev.worker: REAR AEB: STANDBY at 0.6 km/h | threat none (brake-now 2.9, standoff 2.8, horizon 8.8) | required 0.0 m/s^2 ttc inf | k +0.0000 brake 0.00 | Standing by below 2 km/h
2026-08-09 21:47:05,072 INFO beamng_lidar_bev.worker: Brake measure: AEB stop on 'vivace' | 36.4 -> 0.1 km/h in 1.49 s over 6.3 m | achieved 6.78 m/s^2 mean, 27.72 peak | model says 5.1 m at 10.0 m/s^2 (1.23x) | pitch +0.1 deg
2026-08-09 21:47:05,073 INFO beamng_lidar_bev.worker: AEB: ARMED at 0.1 km/h | threat none (brake-now 2.4, standoff 2.4, horizon 17.0) | required 0.0 m/s^2 ttc inf | k +0.1667 brake 0.00 | Clear to 17 m
2026-08-09 21:47:05,172 INFO beamng_lidar_bev.worker: AEB: STANDBY at -0.0 km/h | threat none (brake-now 2.4, standoff 2.4, horizon 8.4) | required 0.0 m/s^2 ttc inf | k +0.0000 brake 0.00 | Standing by below 7 km/h
2026-08-09 21:47:07,461 INFO beamng_lidar_bev.worker: REAR AEB: ARMED at 2.0 km/h | threat none (brake-now 3.0, standoff 2.8, horizon 8.8) | required 0.0 m/s^2 ttc inf | k -0.0222 brake 0.00 | Clear to 9 m
2026-08-09 21:47:08,229 INFO beamng_lidar_bev.main_window: 3D scene build is over budget at 43.0 ms (tick is 40 ms), so WORLD is dropping frames. Control and AEB are unaffected -- they run on the BeamNG thread.
2026-08-09 21:47:09,216 INFO beamng_lidar_bev.worker: REAR AEB: STANDBY at 1.0 km/h | threat none (brake-now 2.9, standoff 2.8, horizon 8.8) | required 0.0 m/s^2 ttc inf | k +0.0000 brake 0.00 | Standing by below 2 km/h
2026-08-09 21:47:09,233 INFO beamng_lidar_bev.worker: Brake measure: MANUAL REVERSE stop on 'vivace' | 15.7 -> 1.2 km/h in 0.66 s over 1.4 m | achieved 6.10 m/s^2 mean, 7.64 peak | model says 1.4 m at 6.8 m/s^2 (0.99x) | pitch +0.4 deg
2026-08-09 21:47:09,621 INFO beamng_lidar_bev.worker: AEB: ARMED at 7.4 km/h | threat none (brake-now 3.0, standoff 2.4, horizon 8.4) | required 0.0 m/s^2 ttc inf | k -0.0390 brake 0.00 | Clear to 8 m
2026-08-09 21:47:14,878 INFO beamng_lidar_bev.worker: AEB: BRAKING at 62.3 km/h | threat 19.9 m (brake-now 21.8, standoff 2.4, horizon 41.1) | required 8.6 m/s^2 ttc 1.01s | k -0.0212 brake 1.00 | Impact in 1.0 s; full brake
2026-08-09 21:47:14,885 INFO beamng_lidar_bev.worker: AEB evidence: AEB at 19.9 m | 512 returns spanning 0.80 m of height over 1.64 m of range (min 0.04, median 0.41, max 0.84 above the ego plane, floor 0.30) | measured ground rise 0.04 m, clamped to 0.04 | corridor 1.16 m half-width
2026-08-09 21:47:15,186 INFO beamng_lidar_bev.worker: AEB: ARMED at 56.8 km/h | threat 32.8 m (brake-now 18.8, standoff 2.4, horizon 41.1) | required 4.1 m/s^2 ttc 1.92s | k -0.0126 brake 0.00 | Watching an obstacle at 32.8 m (14 m before it acts)
2026-08-09 21:47:16,871 INFO beamng_lidar_bev.worker: AEB: BRAKING at 70.9 km/h | threat 2.3 m (brake-now 27.0, standoff 2.4, horizon 51.6) | required inf m/s^2 ttc 0.00s | k +0.0243 brake 1.00 | Impact in 0.0 s; full brake
2026-08-09 21:47:16,878 INFO beamng_lidar_bev.worker: AEB evidence: AEB at 2.3 m | 14022 returns spanning 0.73 m of height over 1.99 m of range (min 0.07, median 0.13, max 0.79 above the ego plane, floor 0.30) | measured ground rise 0.07 m, clamped to 0.00 | corridor 1.16 m half-width
2026-08-09 21:47:17,634 INFO beamng_lidar_bev.worker: Brake measure: AEB stop on 'vivace' | 70.9 -> 49.6 km/h in 0.76 s over 12.8 m | achieved 7.75 m/s^2 mean, 9.99 peak | model says 19.4 m at 10.0 m/s^2 (0.66x) | pitch +0.2 deg
2026-08-09 21:47:17,635 INFO beamng_lidar_bev.worker: AEB: ARMED at 49.6 km/h | threat 38.7 m (brake-now 15.1, standoff 2.4, horizon 51.6) | required 2.6 m/s^2 ttc 2.63s | k +0.0018 brake 0.00 | Watching an obstacle at 38.7 m (24 m before it acts)
2026-08-09 21:47:19,328 INFO beamng_lidar_bev.worker: AEB: BRAKING at 69.7 km/h | threat 25.3 m (brake-now 26.3, standoff 2.4, horizon 50.1) | required 8.2 m/s^2 ttc 1.18s | k -0.0146 brake 1.00 | Impact in 1.2 s; full brake
2026-08-09 21:47:19,334 INFO beamng_lidar_bev.worker: AEB evidence: AEB at 25.3 m | 776 returns spanning 2.58 m of height over 1.99 m of range (min 0.06, median 0.93, max 2.64 above the ego plane, floor 0.30) | measured ground rise 0.16 m, clamped to 0.16 | corridor 1.16 m half-width
2026-08-09 21:47:19,725 INFO beamng_lidar_bev.worker: AEB: ARMED at 64.5 km/h | threat 40.9 m (brake-now 23.1, standoff 2.4, horizon 50.1) | required 4.2 m/s^2 ttc 2.15s | k -0.0042 brake 0.00 | Watching an obstacle at 40.9 m (18 m before it acts)
2026-08-09 21:47:20,473 INFO beamng_lidar_bev.worker: AEB: BRAKING at 68.8 km/h | threat 25.5 m (brake-now 25.7, standoff 2.4, horizon 48.9) | required 7.9 m/s^2 ttc 1.21s | k +0.0005 brake 1.00 | Impact in 1.2 s; full brake
2026-08-09 21:47:20,480 INFO beamng_lidar_bev.worker: AEB evidence: AEB at 25.5 m | 1605 returns spanning 2.57 m of height over 1.87 m of range (min 0.05, median 1.14, max 2.63 above the ego plane, floor 0.30) | measured ground rise 0.38 m, clamped to 0.24 | corridor 1.16 m half-width
2026-08-09 21:47:22,444 INFO beamng_lidar_bev.worker: REAR AEB: ARMED at 2.2 km/h | threat none (brake-now 3.0, standoff 2.8, horizon 8.8) | required 0.0 m/s^2 ttc inf | k +0.0534 brake 0.00 | Clear to 9 m
2026-08-09 21:47:22,598 INFO beamng_lidar_bev.worker: REAR AEB: STANDBY at 1.4 km/h | threat none (brake-now 2.9, standoff 2.8, horizon 8.8) | required 0.0 m/s^2 ttc inf | k +0.0000 brake 0.00 | Standing by below 2 km/h
2026-08-09 21:47:23,300 INFO beamng_lidar_bev.main_window: 3D scene build is over budget at 82.2 ms (tick is 40 ms), so WORLD is dropping frames. Control and AEB are unaffected -- they run on the BeamNG thread.
2026-08-09 21:47:23,335 INFO beamng_lidar_bev.worker: REAR AEB: ARMED at 3.5 km/h | threat none (brake-now 3.1, standoff 2.8, horizon 8.8) | required 0.0 m/s^2 ttc inf | k -0.0011 brake 0.00 | Clear to 9 m
2026-08-09 21:47:24,113 INFO beamng_lidar_bev.worker: REAR AEB: STANDBY at 1.2 km/h | threat none (brake-now 2.9, standoff 2.8, horizon 8.8) | required 0.0 m/s^2 ttc inf | k +0.0000 brake 0.00 | Standing by below 2 km/h
2026-08-09 21:47:26,131 INFO beamng_lidar_bev.worker: Brake measure: AEB stop on 'vivace' | 68.8 -> 0.1 km/h in 5.66 s over 25.4 m | achieved 3.37 m/s^2 mean, 32.17 peak | model says 18.2 m at 10.0 m/s^2 (1.39x) | pitch +1.0 deg
2026-08-09 21:47:26,131 INFO beamng_lidar_bev.worker: AEB: ARMED at -0.1 km/h | threat 2.4 m (brake-now 2.4, standoff 2.4, horizon 48.9) | required inf m/s^2 ttc 0.00s | k -0.0004 brake 0.00 | Watching an obstacle at 2.4 m (0 m before it acts)
2026-08-09 21:47:26,243 INFO beamng_lidar_bev.worker: AEB: STANDBY at 0.0 km/h | threat none (brake-now 2.4, standoff 2.4, horizon 8.4) | required 0.0 m/s^2 ttc inf | k +0.0000 brake 0.00 | Standing by below 7 km/h
2026-08-09 21:47:38,286 INFO beamng_lidar_bev.main_window: 3D scene build is over budget at 91.5 ms (tick is 40 ms), so WORLD is dropping frames. Control and AEB are unaffected -- they run on the BeamNG thread.
2026-08-09 21:47:45,463 INFO beamng_lidar_bev.main_window: Stopping LiDAR sensors
2026-08-09 21:47:45,539 INFO beamng_lidar_bev.worker: AEB disabled: Sensors stopped
2026-08-09 21:47:45,539 INFO beamng_lidar_bev.worker: REAR AEB disabled: Sensors stopped
2026-08-09 21:47:45,610 INFO beamng_lidar_bev.main_window: Sensors stopped
2026-08-09 21:47:45,611 INFO beamng_lidar_bev.main_window: LiDAR sensors stopped
2026-08-09 22:07:18,000 INFO beamng_lidar_bev.main_window: Looking for a running BeamNG.tech session
2026-08-09 22:07:18,001 INFO beamng_lidar_bev.main_window: Application ready
2026-08-09 22:07:18,355 INFO beamng_lidar_bev.main_window: Found a running BeamNG.tech session; ready to attach
2026-08-09 22:07:30,842 INFO beamng_lidar_bev.main_window: Looking for the current player vehicle
2026-08-09 22:07:30,845 INFO beamng_lidar_bev.main_window: Connecting to BeamNG.tech
2026-08-09 22:07:40,652 INFO beamng_lidar_bev.worker: Connected to the BeamNG.tech bridge on port 64256
2026-08-09 22:07:40,653 INFO beamng_lidar_bev.main_window: Finding the current player vehicle
2026-08-09 22:07:41,844 INFO beamng_lidar_bev.worker: Vehicle check: model 'vivace' (plant measured on 'vivace') | bbox 2.02 wide x 4.33 long x 1.46 tall | overhang front 1.84 rear 2.49 | ground plane -0.257 m from the reference node | mount z: front 0.20, left 0.20, right 0.20, rear 0.20, roof 1.58
2026-08-09 22:07:41,878 INFO beamng_lidar_bev.main_window: Attaching front LiDAR (1/5)
2026-08-09 22:07:41,912 INFO beamng_lidar_bev.worker: Mount check: front sits 0.233 m above the bbox bottom (want 0.20)
2026-08-09 22:07:41,913 INFO beamng_lidar_bev.main_window: Attaching left LiDAR (2/5)
2026-08-09 22:07:41,996 INFO beamng_lidar_bev.worker: Mount check: left sits 0.226 m above the bbox bottom (want 0.20)
2026-08-09 22:07:41,997 INFO beamng_lidar_bev.main_window: Attaching right LiDAR (3/5)
2026-08-09 22:07:42,030 INFO beamng_lidar_bev.worker: Mount check: right sits 0.220 m above the bbox bottom (want 0.20)
2026-08-09 22:07:42,031 INFO beamng_lidar_bev.main_window: Attaching rear LiDAR (4/5)
2026-08-09 22:07:42,068 INFO beamng_lidar_bev.worker: Mount check: rear sits 0.216 m above the bbox bottom (want 0.20)
2026-08-09 22:07:42,068 INFO beamng_lidar_bev.main_window: Attaching roof LiDAR (5/5)
2026-08-09 22:07:42,102 INFO beamng_lidar_bev.worker: Mount check: roof sits 1.608 m above the bbox bottom (want 1.58)
2026-08-09 22:07:42,102 INFO beamng_lidar_bev.worker: AEB check: on 'vivace', armed above 7.2 km/h, stopping 0.60 m clear of the front bumper, fires at the last point a 10.0 m/s^2 stop still works and then brakes FULL, corridor 2.02 m wide, obstacle floor 0.30 m with 4 hits over 0.12 s required, path predicted from measured yaw (brake only). Brake-now distances: 30 km/h -> 7.6 m, 50 km/h -> 15.3 m, 70 km/h -> 26.4 m, 100 km/h -> 49.5 m
2026-08-09 22:07:42,103 INFO beamng_lidar_bev.main_window: 5 LiDAR sensors active on thePlayer
2026-08-09 22:07:42,103 INFO beamng_lidar_bev.worker: REAR AEB check: on 'vivace', armed above 1.8 km/h, stopping 0.35 m clear of the rear bumper, fires at the last point a 6.8 m/s^2 stop still works and then brakes FULL, corridor 2.02 m wide, obstacle floor 0.30 m with 4 hits over 0.12 s required, path predicted from measured yaw (brake only). Brake-now distances: 10 km/h -> 3.9 m, 20 km/h -> 6.3 m, 30 km/h -> 9.8 m, 50 km/h -> 20.7 m
2026-08-09 22:07:42,104 INFO beamng_lidar_bev.main_window: 5 LiDAR sensors attached to thePlayer (front 0.20 m, left 0.20 m, right 0.20 m, rear 0.20 m, roof 1.58 m above ground)
2026-08-09 22:07:42,105 INFO beamng_lidar_bev.main_window: Emergency braking armed
2026-08-09 22:07:42,106 INFO beamng_lidar_bev.main_window: Reverse AEB armed
2026-08-09 22:07:42,159 INFO beamng_lidar_bev.worker: Sensor reach: front 65536 returns, furthest 56 m | left 16317 returns, furthest 33 m | right 16027 returns, furthest 95 m | rear 16294 returns, furthest 57 m | roof 65434 returns, furthest 56 m | AEB acts out to 150 m
2026-08-09 22:07:42,211 INFO beamng_lidar_bev.worker: AEB: STANDBY at -0.0 km/h | threat none (brake-now 2.4, standoff 2.4, horizon 8.4) | required 0.0 m/s^2 ttc inf | k +0.0000 brake 0.00 | Standing by below 7 km/h
2026-08-09 22:07:42,211 INFO beamng_lidar_bev.worker: REAR AEB: STANDBY at 0.0 km/h | threat none (brake-now 2.8, standoff 2.8, horizon 8.8) | required 0.0 m/s^2 ttc inf | k +0.0000 brake 0.00 | Standing by below 2 km/h
2026-08-09 22:07:45,641 INFO beamng_lidar_bev.main_window: 3D scene build is over budget at 40.3 ms (tick is 40 ms), so WORLD is dropping frames. Control and AEB are unaffected -- they run on the BeamNG thread.
2026-08-09 22:07:45,663 INFO beamng_lidar_bev.worker: AEB: ARMED at 7.7 km/h | threat none (brake-now 3.0, standoff 2.4, horizon 8.4) | required 0.0 m/s^2 ttc inf | k -0.0022 brake 0.00 | Clear to 8 m
2026-08-09 22:08:00,693 INFO beamng_lidar_bev.main_window: 3D scene build is over budget at 86.4 ms (tick is 40 ms), so WORLD is dropping frames. Control and AEB are unaffected -- they run on the BeamNG thread.
2026-08-09 22:08:15,733 INFO beamng_lidar_bev.main_window: 3D scene build is over budget at 90.2 ms (tick is 40 ms), so WORLD is dropping frames. Control and AEB are unaffected -- they run on the BeamNG thread.
2026-08-09 22:08:20,350 INFO beamng_lidar_bev.worker: AEB: STANDBY at 6.6 km/h | threat none (brake-now 2.9, standoff 2.4, horizon 8.4) | required 0.0 m/s^2 ttc inf | k +0.0000 brake 0.00 | Standing by below 7 km/h
2026-08-09 22:08:21,489 INFO beamng_lidar_bev.worker: AEB: ARMED at 7.3 km/h | threat none (brake-now 3.0, standoff 2.4, horizon 8.4) | required 0.0 m/s^2 ttc inf | k -0.0010 brake 0.00 | Clear to 8 m
2026-08-09 22:08:24,949 INFO beamng_lidar_bev.worker: AEB: BRAKING at 13.7 km/h | threat 0.2 m (brake-now 3.9, standoff 2.4, horizon 8.4) | required inf m/s^2 ttc 0.00s | k -0.1666 brake 1.00 | Impact in 0.0 s; full brake
2026-08-09 22:08:24,955 INFO beamng_lidar_bev.worker: AEB evidence: AEB at 0.2 m | 2677 returns spanning 1.61 m of height over 0.13 m of range (min 0.11, median 1.50, max 1.72 above the ego plane, floor 0.30) | measured ground rise 0.03 m, clamped to 0.00 | corridor 1.16 m half-width
2026-08-09 22:08:25,358 INFO beamng_lidar_bev.worker: AEB: ARMED at 6.0 km/h | threat none (brake-now 2.9, standoff 2.4, horizon 8.4) | required 0.0 m/s^2 ttc inf | k -0.1667 brake 0.00 | Clear to 8 m
2026-08-09 22:08:25,429 INFO beamng_lidar_bev.worker: AEB: STANDBY at 4.3 km/h | threat none (brake-now 2.7, standoff 2.4, horizon 8.4) | required 0.0 m/s^2 ttc inf | k +0.0000 brake 0.00 | Standing by below 7 km/h
2026-08-09 22:08:26,415 INFO beamng_lidar_bev.worker: AEB: ARMED at 7.2 km/h | threat none (brake-now 3.0, standoff 2.4, horizon 8.4) | required 0.0 m/s^2 ttc inf | k -0.0333 brake 0.00 | Clear to 8 m
2026-08-09 22:08:27,706 INFO beamng_lidar_bev.worker: AEB: STANDBY at 6.9 km/h | threat none (brake-now 3.0, standoff 2.4, horizon 8.4) | required 0.0 m/s^2 ttc inf | k +0.0000 brake 0.00 | Standing by below 7 km/h
2026-08-09 22:08:28,533 INFO beamng_lidar_bev.worker: AEB: ARMED at 7.2 km/h | threat none (brake-now 3.0, standoff 2.4, horizon 8.4) | required 0.0 m/s^2 ttc inf | k +0.0118 brake 0.00 | Clear to 8 m
2026-08-09 22:08:30,746 INFO beamng_lidar_bev.main_window: 3D scene build is over budget at 63.7 ms (tick is 40 ms), so WORLD is dropping frames. Control and AEB are unaffected -- they run on the BeamNG thread.
2026-08-09 22:08:34,344 INFO beamng_lidar_bev.worker: AEB: BRAKING at 29.8 km/h | threat 7.3 m (brake-now 7.6, standoff 2.4, horizon 12.7) | required 7.1 m/s^2 ttc 0.59s | k -0.0003 brake 1.00 | Impact in 0.6 s; full brake
2026-08-09 22:08:34,352 INFO beamng_lidar_bev.worker: AEB evidence: AEB at 7.3 m | 2966 returns spanning 1.82 m of height over 2.00 m of range (min 0.03, median 0.06, max 1.85 above the ego plane, floor 0.30) | measured ground rise 0.05 m, clamped to 0.00 | corridor 1.16 m half-width
2026-08-09 22:08:34,816 INFO beamng_lidar_bev.worker: AEB: ARMED at 20.8 km/h | threat none (brake-now 5.2, standoff 2.4, horizon 12.7) | required 0.0 m/s^2 ttc inf | k +0.0071 brake 0.00 | Clear to 13 m
2026-08-09 22:08:42,056 INFO beamng_lidar_bev.worker: AEB: STANDBY at 6.1 km/h | threat none (brake-now 2.9, standoff 2.4, horizon 8.4) | required 0.0 m/s^2 ttc inf | k +0.0000 brake 0.00 | Standing by below 7 km/h
2026-08-09 22:08:42,272 INFO beamng_lidar_bev.worker: Brake measure: MANUAL stop on 'vivace' | 20.4 -> 1.5 km/h in 0.73 s over 1.9 m | achieved 7.18 m/s^2 mean, 9.88 peak | model says 1.6 m at 10.0 m/s^2 (1.18x) | pitch -0.6 deg
2026-08-09 22:08:45,799 INFO beamng_lidar_bev.main_window: 3D scene build is over budget at 60.8 ms (tick is 40 ms), so WORLD is dropping frames. Control and AEB are unaffected -- they run on the BeamNG thread.
2026-08-09 22:08:46,491 INFO beamng_lidar_bev.worker: AEB: ARMED at 7.2 km/h | threat none (brake-now 3.0, standoff 2.4, horizon 8.4) | required 0.0 m/s^2 ttc inf | k +0.0036 brake 0.00 | Clear to 8 m
2026-08-09 22:08:47,887 INFO beamng_lidar_bev.worker: AEB: STANDBY at 6.8 km/h | threat none (brake-now 2.9, standoff 2.4, horizon 8.4) | required 0.0 m/s^2 ttc inf | k +0.0000 brake 0.00 | Standing by below 7 km/h
2026-08-09 22:09:00,795 INFO beamng_lidar_bev.main_window: 3D scene build is over budget at 51.3 ms (tick is 40 ms), so WORLD is dropping frames. Control and AEB are unaffected -- they run on the BeamNG thread.
2026-08-09 22:09:15,827 INFO beamng_lidar_bev.main_window: 3D scene build is over budget at 45.4 ms (tick is 40 ms), so WORLD is dropping frames. Control and AEB are unaffected -- they run on the BeamNG thread.
2026-08-09 22:09:29,186 INFO beamng_lidar_bev.worker: Drive check: engaged, cap 40.0 km/h, gearbox reports None (automatic family), forward gear 2, reverse gear -1, steering sign -1 (BeamNG steering is positive-right), 4 plan families, lookahead 16-30 m, yaw-gain adaptation on
2026-08-09 22:09:29,187 INFO beamng_lidar_bev.main_window: Self-driving engaged
2026-08-09 22:09:29,260 INFO beamng_lidar_bev.worker: Drive: DRIVING -0.0/40.0 km/h thr 0.05 brk 0.00 | free 35.0 m clear 3.19 m obstacles 4000 | k cmd +0.0015 driven +0.0015 measured n/a gain 1.00 | defer 0 m -> +0.0015 | Clear for 35 m
2026-08-09 22:09:29,870 INFO beamng_lidar_bev.worker: AEB: ARMED at 8.3 km/h | threat none (brake-now 3.1, standoff 2.4, horizon 8.4) | required 0.0 m/s^2 ttc inf | k +0.0019 brake 0.00 | Clear to 8 m
2026-08-09 22:09:30,288 INFO beamng_lidar_bev.worker: Drive: DRIVING 19.3/40.0 km/h thr 0.75 brk 0.00 | free 35.0 m clear 4.46 m obstacles 4000 | k cmd +0.0023 driven +0.0023 measured +0.0022 gain 1.00 | defer 0 m -> +0.0023 | Clear for 35 m
2026-08-09 22:09:30,888 INFO beamng_lidar_bev.main_window: 3D scene build is over budget at 47.6 ms (tick is 40 ms), so WORLD is dropping frames. Control and AEB are unaffected -- they run on the BeamNG thread.
2026-08-09 22:09:31,313 INFO beamng_lidar_bev.worker: Drive: DRIVING 39.2/38.0 km/h thr 0.00 brk 0.00 | free 22.5 m clear 2.53 m obstacles 4000 | k cmd -0.0094 driven -0.0094 measured -0.0152 gain 1.00 | defer 12 m -> -0.0053 | Clear for 23 m
2026-08-09 22:09:32,145 INFO beamng_lidar_bev.worker: Drive: BLOCKED 30.3/0.0 km/h thr 0.00 brk 1.00 | free 0.0 m clear 12.00 m obstacles 4000 | k cmd -0.0041 driven +0.0000 measured -0.0078 gain 1.00 | defer 0 m -> -0.0041 | Path blocked ahead
2026-08-09 22:09:32,569 INFO beamng_lidar_bev.worker: Drive: DRIVING 17.6/27.7 km/h thr 0.16 brk 0.00 | free 11.2 m clear 2.29 m obstacles 4000 | k cmd -0.0076 driven -0.0076 measured -0.0056 gain 1.00 | defer 0 m -> -0.0076 | Clear for 11 m
2026-08-09 22:09:32,669 INFO beamng_lidar_bev.worker: Brake measure: MANUAL stop on 'vivace' | 29.3 -> 14.3 km/h in 0.50 s over 3.0 m | achieved 8.28 m/s^2 mean, 11.03 peak | model says 3.3 m at 10.0 m/s^2 (0.90x) | pitch -0.5 deg
2026-08-09 22:09:33,620 INFO beamng_lidar_bev.worker: Drive: DRIVING 20.8/11.1 km/h thr 0.00 brk 0.35 | free 5.9 m clear 2.41 m obstacles 4000 | k cmd -0.0031 driven -0.0031 measured -0.0093 gain 1.00 | defer 0 m -> -0.0031 | Clear for 6 m
2026-08-09 22:09:34,038 INFO beamng_lidar_bev.worker: Drive: BLOCKED 12.0/0.0 km/h thr 0.00 brk 1.00 | free 4.0 m clear 2.79 m obstacles 4000 | k cmd +0.0002 driven +0.0000 measured +0.0024 gain 1.00 | defer 0 m -> +0.0002 | Path blocked ahead
2026-08-09 22:09:34,271 INFO beamng_lidar_bev.worker: AEB: STANDBY at 5.3 km/h | threat none (brake-now 2.8, standoff 2.4, horizon 8.4) | required 0.0 m/s^2 ttc inf | k +0.0000 brake 0.00 | Standing by below 7 km/h
2026-08-09 22:09:34,483 INFO beamng_lidar_bev.worker: Brake measure: MANUAL stop on 'vivace' | 16.3 -> 0.9 km/h in 0.67 s over 1.4 m | achieved 6.43 m/s^2 mean, 8.21 peak | model says 1.0 m at 10.0 m/s^2 (1.33x) | pitch -0.5 deg
2026-08-09 22:09:35,086 INFO beamng_lidar_bev.worker: Drive: BLOCKED 0.2/0.0 km/h thr 0.00 brk 0.37 | free 3.3 m clear 2.89 m obstacles 4000 | k cmd +0.0011 driven +0.0000 measured -0.0006 gain 1.00 | defer 0 m -> +0.0011 | Blocked; holding
2026-08-09 22:09:35,610 INFO beamng_lidar_bev.worker: Drive: REVERSING 0.2/7.2 km/h thr 0.10 brk 0.00 | free 3.3 m clear 2.92 m obstacles 4000 | k cmd +0.0012 driven +0.0000 measured +0.0006 gain 1.00 | defer 0 m -> +0.0012 | Reversing 0.0/6 m
2026-08-09 22:09:36,010 INFO beamng_lidar_bev.worker: REAR AEB: ARMED at 3.0 km/h | threat none (brake-now 3.0, standoff 2.8, horizon 8.8) | required 0.0 m/s^2 ttc inf | k -0.0031 brake 0.00 | Clear to 9 m
2026-08-09 22:09:36,619 INFO beamng_lidar_bev.worker: Drive: REVERSING -7.2/7.2 km/h thr 0.11 brk 0.00 | free 4.6 m clear 2.80 m obstacles 4000 | k cmd -0.0055 driven +0.0000 measured +0.0017 gain 1.00 | defer 0 m -> -0.0055 | Reversing 1.4/6 m
2026-08-09 22:09:37,682 INFO beamng_lidar_bev.worker: Drive: REVERSING -5.8/7.2 km/h thr 0.38 brk 0.00 | free 6.6 m clear 2.49 m obstacles 4000 | k cmd -0.0058 driven +0.0000 measured -0.0015 gain 1.00 | defer 0 m -> -0.0058 | Reversing 3.4/6 m
2026-08-09 22:09:38,695 INFO beamng_lidar_bev.worker: Drive: REVERSING -6.8/7.2 km/h thr 0.32 brk 0.00 | free 8.4 m clear 2.42 m obstacles 4000 | k cmd -0.0082 driven +0.0000 measured -0.0002 gain 1.00 | defer 0 m -> -0.0082 | Reversing 5.4/6 m
2026-08-09 22:09:39,010 INFO beamng_lidar_bev.worker: Drive: BLOCKED -8.1/0.0 km/h thr 0.00 brk 1.00 | free 9.1 m clear 2.45 m obstacles 4000 | k cmd -0.0042 driven +0.0000 measured -0.0001 gain 1.00 | defer 0 m -> -0.0042 | Reverse finished
2026-08-09 22:09:39,095 INFO beamng_lidar_bev.worker: Drive: DRIVING -7.5/6.4 km/h thr 0.10 brk 0.00 | free 9.4 m clear 2.46 m obstacles 4000 | k cmd -0.0027 driven -0.0027 measured -0.0010 gain 1.00 | defer 0 m -> -0.0027 | Clear for 9 m
2026-08-09 22:09:39,506 INFO beamng_lidar_bev.worker: REAR AEB: STANDBY at 1.3 km/h | threat none (brake-now 2.9, standoff 2.8, horizon 8.8) | required 0.0 m/s^2 ttc inf | k +0.0000 brake 0.00 | Standing by below 2 km/h
2026-08-09 22:09:39,853 INFO beamng_lidar_bev.worker: AEB: ARMED at 7.7 km/h | threat none (brake-now 3.0, standoff 2.4, horizon 8.4) | required 0.0 m/s^2 ttc inf | k -0.0021 brake 0.00 | Clear to 8 m
2026-08-09 22:09:40,141 INFO beamng_lidar_bev.worker: Drive: DRIVING 14.8/17.6 km/h thr 0.55 brk 0.00 | free 8.6 m clear 2.32 m obstacles 4000 | k cmd -0.0052 driven -0.0052 measured -0.0078 gain 1.00 | defer 0 m -> -0.0052 | Clear for 9 m
2026-08-09 22:09:41,143 INFO beamng_lidar_bev.worker: Drive: DRIVING 11.0/8.3 km/h thr 0.00 brk 0.00 | free 4.1 m clear 2.73 m obstacles 4000 | k cmd -0.0028 driven -0.0028 measured -0.0024 gain 1.00 | defer 0 m -> -0.0028 | Clear for 4 m
2026-08-09 22:09:41,227 INFO beamng_lidar_bev.worker: Drive: BLOCKED 9.4/0.0 km/h thr 0.00 brk 1.00 | free 3.8 m clear 2.72 m obstacles 4000 | k cmd -0.0019 driven +0.0000 measured -0.0058 gain 1.00 | defer 0 m -> -0.0019 | Path blocked ahead
2026-08-09 22:09:41,398 INFO beamng_lidar_bev.worker: AEB: STANDBY at 4.9 km/h | threat none (brake-now 2.8, standoff 2.4, horizon 8.4) | required 0.0 m/s^2 ttc inf | k +0.0000 brake 0.00 | Standing by below 7 km/h
2026-08-09 22:09:41,603 INFO beamng_lidar_bev.worker: Brake measure: MANUAL stop on 'vivace' | 12.7 -> 0.8 km/h in 0.59 s over 0.9 m | achieved 5.63 m/s^2 mean, 8.94 peak | model says 0.6 m at 10.0 m/s^2 (1.50x) | pitch +0.2 deg
2026-08-09 22:09:42,230 INFO beamng_lidar_bev.worker: Drive: BLOCKED 0.1/0.0 km/h thr 0.00 brk 0.36 | free 3.4 m clear 2.75 m obstacles 4000 | k cmd +0.0062 driven +0.0000 measured -0.0013 gain 1.00 | defer 0 m -> +0.0062 | Blocked; holding
2026-08-09 22:09:42,696 INFO beamng_lidar_bev.worker: Self-driving disengaged: Self-driving disengaged
2026-08-09 22:09:42,697 INFO beamng_lidar_bev.main_window: Self-driving disengaged
2026-08-09 22:09:44,292 INFO beamng_lidar_bev.worker: REAR AEB: ARMED at 2.6 km/h | threat none (brake-now 3.0, standoff 2.8, horizon 8.8) | required 0.0 m/s^2 ttc inf | k -0.0075 brake 0.00 | Clear to 9 m
2026-08-09 22:09:45,882 INFO beamng_lidar_bev.main_window: 3D scene build is over budget at 55.1 ms (tick is 40 ms), so WORLD is dropping frames. Control and AEB are unaffected -- they run on the BeamNG thread.
2026-08-09 22:09:46,663 INFO beamng_lidar_bev.worker: REAR AEB: STANDBY at 1.3 km/h | threat none (brake-now 2.9, standoff 2.8, horizon 8.8) | required 0.0 m/s^2 ttc inf | k +0.0000 brake 0.00 | Standing by below 2 km/h
2026-08-09 22:09:47,030 INFO beamng_lidar_bev.worker: AEB: ARMED at 7.3 km/h | threat none (brake-now 3.0, standoff 2.4, horizon 8.4) | required 0.0 m/s^2 ttc inf | k +0.1329 brake 0.00 | Clear to 8 m
2026-08-09 22:09:48,006 INFO beamng_lidar_bev.worker: AEB: STANDBY at 6.0 km/h | threat none (brake-now 2.9, standoff 2.4, horizon 8.4) | required 0.0 m/s^2 ttc inf | k +0.0000 brake 0.00 | Standing by below 7 km/h
2026-08-09 22:09:48,853 INFO beamng_lidar_bev.worker: AEB: ARMED at 7.2 km/h | threat none (brake-now 3.0, standoff 2.4, horizon 8.4) | required 0.0 m/s^2 ttc inf | k -0.0230 brake 0.00 | Clear to 8 m
2026-08-09 22:09:52,302 INFO beamng_lidar_bev.worker: AEB: STANDBY at 7.0 km/h | threat none (brake-now 3.0, standoff 2.4, horizon 8.4) | required 0.0 m/s^2 ttc inf | k +0.0000 brake 0.00 | Standing by below 7 km/h
2026-08-09 22:09:52,685 INFO beamng_lidar_bev.worker: Brake measure: MANUAL stop on 'vivace' | 20.0 -> 0.5 km/h in 1.02 s over 2.5 m | achieved 5.33 m/s^2 mean, 7.72 peak | model says 1.5 m at 10.0 m/s^2 (1.63x) | pitch +7.4 deg
2026-08-09 22:09:53,288 INFO beamng_lidar_bev.worker: AEB: ARMED at 8.1 km/h | threat none (brake-now 3.1, standoff 2.4, horizon 8.4) | required 0.0 m/s^2 ttc inf | k +0.0762 brake 0.00 | Clear to 8 m
2026-08-09 22:09:57,528 INFO beamng_lidar_bev.worker: AEB: STANDBY at 6.2 km/h | threat none (brake-now 2.9, standoff 2.4, horizon 8.4) | required 0.0 m/s^2 ttc inf | k +0.0000 brake 0.00 | Standing by below 7 km/h
2026-08-09 22:09:59,852 INFO beamng_lidar_bev.worker: Drive check: engaged, cap 40.0 km/h, gearbox reports 'D' (automatic family), forward gear 2, reverse gear -1, steering sign -1 (BeamNG steering is positive-right), 4 plan families, lookahead 16-30 m, yaw-gain adaptation on
2026-08-09 22:09:59,853 INFO beamng_lidar_bev.main_window: Self-driving engaged
2026-08-09 22:09:59,954 INFO beamng_lidar_bev.worker: Drive: DRIVING -0.0/19.5 km/h thr 0.05 brk 0.00 | free 30.8 m clear 2.43 m obstacles 4000 | k cmd +0.0953 driven +0.0168 measured n/a gain 1.00 | defer 0 m -> +0.0953 | Clear for 31 m
2026-08-09 22:10:00,667 INFO beamng_lidar_bev.worker: AEB: ARMED at 8.8 km/h | threat none (brake-now 3.2, standoff 2.4, horizon 8.4) | required 0.0 m/s^2 ttc inf | k +0.0509 brake 0.00 | Clear to 8 m
2026-08-09 22:10:00,890 INFO beamng_lidar_bev.main_window: 3D scene build is over budget at 76.0 ms (tick is 40 ms), so WORLD is dropping frames. Control and AEB are unaffected -- they run on the BeamNG thread.
2026-08-09 22:10:00,984 INFO beamng_lidar_bev.worker: Drive: DRIVING 15.1/19.8 km/h thr 0.41 brk 0.00 | free 28.0 m clear 2.56 m obstacles 4000 | k cmd +0.0861 driven +0.0861 measured +0.0857 gain 1.01 | defer 0 m -> +0.0861 | Clear for 28 m
2026-08-09 22:10:01,997 INFO beamng_lidar_bev.worker: Drive: DRIVING 21.0/23.6 km/h thr 0.28 brk 0.00 | free 32.4 m clear 2.32 m obstacles 4000 | k cmd +0.0547 driven +0.0547 measured +0.0848 gain 0.94 | defer 0 m -> +0.0547 | Clear for 32 m
2026-08-09 22:10:03,034 INFO beamng_lidar_bev.worker: Drive: DRIVING 27.2/29.7 km/h thr 0.28 brk 0.00 | free 31.4 m clear 2.11 m obstacles 4000 | k cmd +0.0359 driven +0.0359 measured +0.0483 gain 0.88 | defer 0 m -> +0.0359 | Clear for 31 m
2026-08-09 22:10:04,056 INFO beamng_lidar_bev.worker: Drive: DRIVING 35.0/37.4 km/h thr 0.29 brk 0.00 | free 35.0 m clear 2.18 m obstacles 4000 | k cmd +0.0016 driven +0.0122 measured +0.0268 gain 0.82 | defer 0 m -> +0.0016 | Clear for 35 m
2026-08-09 22:10:05,074 INFO beamng_lidar_bev.worker: Drive: DRIVING 39.0/39.7 km/h thr 0.18 brk 0.00 | free 35.0 m clear 1.81 m obstacles 4000 | k cmd -0.0032 driven -0.0032 measured -0.0014 gain 0.82 | defer 6 m -> +0.0003 | Clear for 35 m
2026-08-09 22:10:06,077 INFO beamng_lidar_bev.worker: Drive: DRIVING 38.9/39.8 km/h thr 0.19 brk 0.00 | free 35.0 m clear 2.08 m obstacles 4000 | k cmd -0.0002 driven -0.0002 measured -0.0005 gain 0.82 | defer 0 m -> -0.0002 | Clear for 35 m
2026-08-09 22:10:07,071 INFO beamng_lidar_bev.worker: Drive: DRIVING 39.6/40.0 km/h thr 0.16 brk 0.00 | free 28.6 m clear 2.14 m obstacles 4000 | k cmd +0.0002 driven +0.0002 measured -0.0003 gain 0.82 | defer 0 m -> +0.0002 | Clear for 29 m
2026-08-09 22:10:08,069 INFO beamng_lidar_bev.worker: Drive: DRIVING 34.3/37.6 km/h thr 0.37 brk 0.00 | free 28.7 m clear 1.85 m obstacles 4000 | k cmd +0.0068 driven +0.0068 measured +0.0025 gain 0.82 | defer 12 m -> -0.0242 | Clear for 29 m
2026-08-09 22:10:09,145 INFO beamng_lidar_bev.worker: Drive: DRIVING 39.2/38.5 km/h thr 0.00 brk 0.00 | free 24.9 m clear 1.84 m obstacles 4000 | k cmd -0.0069 driven -0.0036 measured +0.0058 gain 0.82 | defer 0 m -> -0.0069 | Clear for 25 m
2026-08-09 22:10:10,202 INFO beamng_lidar_bev.worker: Drive: DRIVING 35.8/26.0 km/h thr 0.00 brk 0.27 | free 14.4 m clear 2.80 m obstacles 4000 | k cmd -0.0025 driven -0.0025 measured +0.0004 gain 0.82 | defer 6 m -> -0.0087 | Clear for 14 m
2026-08-09 22:10:11,269 INFO beamng_lidar_bev.worker: Drive: DRIVING 27.7/26.0 km/h thr 0.00 brk 0.00 | free 12.2 m clear 1.88 m obstacles 4000 | k cmd +0.0116 driven +0.0116 measured +0.0101 gain 0.82 | defer 6 m -> -0.0265 | Clear for 12 m
2026-08-09 22:10:12,349 INFO beamng_lidar_bev.worker: Drive: DRIVING 13.6/12.7 km/h thr 0.00 brk 0.00 | free 5.1 m clear 1.89 m obstacles 4000 | k cmd -0.0181 driven -0.0181 measured -0.0106 gain 0.82 | defer 0 m -> -0.0181 | Clear for 5 m
2026-08-09 22:10:12,706 INFO beamng_lidar_bev.worker: AEB: STANDBY at 6.8 km/h | threat none (brake-now 3.0, standoff 2.4, horizon 8.4) | required 0.0 m/s^2 ttc inf | k +0.0000 brake 0.00 | Standing by below 7 km/h
2026-08-09 22:10:12,786 INFO beamng_lidar_bev.worker: Drive: BLOCKED 6.5/0.0 km/h thr 0.00 brk 0.16 | free 3.9 m clear 1.99 m obstacles 4000 | k cmd -0.0130 driven +0.0000 measured -0.0219 gain 0.82 | defer 0 m -> -0.0130 | Path blocked ahead
2026-08-09 22:10:13,791 INFO beamng_lidar_bev.worker: Drive: BLOCKED 0.4/0.0 km/h thr 0.00 brk 0.38 | free 3.8 m clear 2.01 m obstacles 4000 | k cmd -0.0156 driven +0.0000 measured -0.0015 gain 0.82 | defer 0 m -> -0.0156 | Blocked; holding
2026-08-09 22:10:14,298 INFO beamng_lidar_bev.worker: Drive: REVERSING -0.1/7.2 km/h thr 0.10 brk 0.00 | free 3.8 m clear 2.01 m obstacles 4000 | k cmd -0.0090 driven +0.0000 measured -0.0008 gain 0.82 | defer 0 m -> -0.0090 | Reversing 0.0/6 m
2026-08-09 22:10:14,679 INFO beamng_lidar_bev.worker: REAR AEB: ARMED at 3.1 km/h | threat none (brake-now 3.0, standoff 2.8, horizon 8.8) | required 0.0 m/s^2 ttc inf | k +0.0000 brake 0.00 | Clear to 9 m
2026-08-09 22:10:15,296 INFO beamng_lidar_bev.worker: Drive: REVERSING -6.5/7.2 km/h thr 0.11 brk 0.00 | free 4.8 m clear 1.94 m obstacles 4000 | k cmd -0.0142 driven +0.0000 measured -0.0001 gain 0.82 | defer 0 m -> -0.0142 | Reversing 1.3/6 m
2026-08-09 22:10:15,805 INFO beamng_lidar_bev.worker: Self-driving disengaged: Self-driving disengaged
2026-08-09 22:10:15,807 INFO beamng_lidar_bev.main_window: Self-driving disengaged
2026-08-09 22:10:15,939 INFO beamng_lidar_bev.main_window: 3D scene build is over budget at 61.1 ms (tick is 40 ms), so WORLD is dropping frames. Control and AEB are unaffected -- they run on the BeamNG thread.
2026-08-09 22:10:16,428 INFO beamng_lidar_bev.worker: REAR AEB: STANDBY at 1.6 km/h | threat none (brake-now 2.9, standoff 2.8, horizon 8.8) | required 0.0 m/s^2 ttc inf | k +0.0000 brake 0.00 | Standing by below 2 km/h
2026-08-09 22:10:17,081 INFO beamng_lidar_bev.worker: REAR AEB: ARMED at 2.6 km/h | threat none (brake-now 3.0, standoff 2.8, horizon 8.8) | required 0.0 m/s^2 ttc inf | k +0.0006 brake 0.00 | Clear to 9 m
2026-08-09 22:10:17,605 INFO beamng_lidar_bev.worker: REAR AEB: STANDBY at 0.2 km/h | threat none (brake-now 2.8, standoff 2.8, horizon 8.8) | required 0.0 m/s^2 ttc inf | k +0.0000 brake 0.00 | Standing by below 2 km/h
2026-08-09 22:10:17,930 INFO beamng_lidar_bev.worker: AEB: ARMED at 8.0 km/h | threat none (brake-now 3.1, standoff 2.4, horizon 8.4) | required 0.0 m/s^2 ttc inf | k -0.0006 brake 0.00 | Clear to 8 m
2026-08-09 22:10:21,333 INFO beamng_lidar_bev.worker: AEB: STANDBY at 6.2 km/h | threat none (brake-now 2.9, standoff 2.4, horizon 8.4) | required 0.0 m/s^2 ttc inf | k +0.0000 brake 0.00 | Standing by below 7 km/h
2026-08-09 22:10:21,543 INFO beamng_lidar_bev.worker: Drive check: engaged, cap 40.0 km/h, gearbox reports 'R' (automatic family), forward gear 2, reverse gear -1, steering sign -1 (BeamNG steering is positive-right), 4 plan families, lookahead 16-30 m, yaw-gain adaptation on
2026-08-09 22:10:21,545 INFO beamng_lidar_bev.main_window: Self-driving engaged
2026-08-09 22:10:21,629 INFO beamng_lidar_bev.worker: Drive: DRIVING 2.0/29.6 km/h thr 0.05 brk 0.00 | free 17.6 m clear 2.50 m obstacles 4000 | k cmd +0.0010 driven +0.0010 measured n/a gain 1.00 | defer 0 m -> +0.0010 | Clear for 18 m
2026-08-09 22:10:22,272 INFO beamng_lidar_bev.worker: AEB: ARMED at 8.1 km/h | threat none (brake-now 3.1, standoff 2.4, horizon 8.4) | required 0.0 m/s^2 ttc inf | k +0.0035 brake 0.00 | Clear to 8 m
2026-08-09 22:10:22,698 INFO beamng_lidar_bev.worker: Drive: DRIVING 18.8/29.3 km/h thr 0.70 brk 0.00 | free 16.3 m clear 2.86 m obstacles 4000 | k cmd +0.0159 driven +0.0159 measured +0.0064 gain 1.00 | defer 0 m -> +0.0159 | Clear for 16 m
2026-08-09 22:10:23,717 INFO beamng_lidar_bev.worker: Drive: DRIVING 21.4/10.7 km/h thr 0.00 brk 0.40 | free 5.8 m clear 12.00 m obstacles 4000 | k cmd -0.0021 driven -0.0021 measured -0.0032 gain 1.00 | defer 0 m -> -0.0021 | Clear for 6 m
2026-08-09 22:10:24,198 INFO beamng_lidar_bev.worker: Drive: BLOCKED 9.8/0.0 km/h thr 0.00 brk 1.00 | free 3.8 m clear 12.00 m obstacles 4000 | k cmd +0.0032 driven +0.0000 measured -0.0011 gain 1.00 | defer 0 m -> +0.0032 | Path blocked ahead
2026-08-09 22:10:24,300 INFO beamng_lidar_bev.worker: AEB: STANDBY at 7.1 km/h | threat none (brake-now 3.0, standoff 2.4, horizon 8.4) | required 0.0 m/s^2 ttc inf | k +0.0000 brake 0.00 | Standing by below 7 km/h
2026-08-09 22:10:24,500 INFO beamng_lidar_bev.worker: Brake measure: MANUAL stop on 'vivace' | 18.1 -> 0.6 km/h in 0.69 s over 1.7 m | achieved 7.07 m/s^2 mean, 8.94 peak | model says 1.3 m at 10.0 m/s^2 (1.36x) | pitch -0.6 deg
2026-08-09 22:10:25,102 INFO beamng_lidar_bev.worker: Self-driving disengaged: Self-driving disengaged
2026-08-09 22:10:25,103 INFO beamng_lidar_bev.main_window: Self-driving disengaged
2026-08-09 22:10:26,534 INFO beamng_lidar_bev.worker: AEB: ARMED at 8.1 km/h | threat none (brake-now 3.1, standoff 2.4, horizon 8.4) | required 0.0 m/s^2 ttc inf | k +0.0362 brake 0.00 | Clear to 8 m
2026-08-09 22:10:28,790 INFO beamng_lidar_bev.worker: AEB: STANDBY at 7.0 km/h | threat none (brake-now 3.0, standoff 2.4, horizon 8.4) | required 0.0 m/s^2 ttc inf | k +0.0000 brake 0.00 | Standing by below 7 km/h
2026-08-09 22:10:29,389 INFO beamng_lidar_bev.worker: REAR AEB: ARMED at 2.4 km/h | threat none (brake-now 3.0, standoff 2.8, horizon 8.8) | required 0.0 m/s^2 ttc inf | k -0.0270 brake 0.00 | Clear to 9 m
2026-08-09 22:10:30,980 INFO beamng_lidar_bev.main_window: 3D scene build is over budget at 62.1 ms (tick is 40 ms), so WORLD is dropping frames. Control and AEB are unaffected -- they run on the BeamNG thread.
2026-08-09 22:10:31,807 INFO beamng_lidar_bev.worker: REAR AEB: STANDBY at 1.5 km/h | threat none (brake-now 2.9, standoff 2.8, horizon 8.8) | required 0.0 m/s^2 ttc inf | k +0.0000 brake 0.00 | Standing by below 2 km/h
2026-08-09 22:10:33,634 INFO beamng_lidar_bev.worker: Drive check: engaged, cap 40.0 km/h, gearbox reports 'D' (automatic family), forward gear 2, reverse gear -1, steering sign -1 (BeamNG steering is positive-right), 4 plan families, lookahead 16-30 m, yaw-gain adaptation on
2026-08-09 22:10:33,637 INFO beamng_lidar_bev.main_window: Self-driving engaged
2026-08-09 22:10:33,726 INFO beamng_lidar_bev.worker: Drive: DRIVING -0.2/28.5 km/h thr 0.05 brk 0.00 | free 26.0 m clear 1.80 m obstacles 4000 | k cmd +0.0445 driven +0.0168 measured n/a gain 1.00 | defer 0 m -> +0.0445 | Clear for 26 m
2026-08-09 22:10:34,396 INFO beamng_lidar_bev.worker: AEB: ARMED at 9.4 km/h | threat none (brake-now 3.2, standoff 2.4, horizon 8.4) | required 0.0 m/s^2 ttc inf | k +0.0273 brake 0.00 | Clear to 8 m
2026-08-09 22:10:34,744 INFO beamng_lidar_bev.worker: Drive: DRIVING 19.2/28.4 km/h thr 0.69 brk 0.00 | free 31.1 m clear 2.16 m obstacles 4000 | k cmd +0.0443 driven +0.0443 measured +0.0364 gain 1.01 | defer 6 m -> +0.0238 | Clear for 31 m
2026-08-09 22:10:35,771 INFO beamng_lidar_bev.worker: Drive: DRIVING 30.6/28.6 km/h thr 0.00 brk 0.00 | free 14.0 m clear 1.98 m obstacles 4000 | k cmd -0.0010 driven +0.0039 measured +0.0342 gain 0.97 | defer 0 m -> -0.0010 | Clear for 14 m
2026-08-09 22:10:36,802 INFO beamng_lidar_bev.worker: Drive: DRIVING 17.6/15.5 km/h thr 0.00 brk 0.00 | free 5.9 m clear 4.43 m obstacles 4000 | k cmd -0.0451 driven -0.0451 measured -0.0075 gain 1.00 | defer 0 m -> -0.0451 | Clear for 6 m
2026-08-09 22:10:37,385 INFO beamng_lidar_bev.worker: Drive: BLOCKED 6.5/0.0 km/h thr 0.00 brk 0.16 | free 3.8 m clear 12.00 m obstacles 4000 | k cmd -0.0064 driven +0.0000 measured -0.0480 gain 1.01 | defer 0 m -> -0.0064 | Path blocked ahead
2026-08-09 22:10:37,386 INFO beamng_lidar_bev.worker: AEB: STANDBY at 6.5 km/h | threat none (brake-now 2.9, standoff 2.4, horizon 8.4) | required 0.0 m/s^2 ttc inf | k +0.0000 brake 0.00 | Standing by below 7 km/h
2026-08-09 22:10:38,408 INFO beamng_lidar_bev.worker: Drive: BLOCKED -0.0/0.0 km/h thr 0.00 brk 0.35 | free 3.8 m clear 12.00 m obstacles 4000 | k cmd -0.0039 driven +0.0000 measured -0.0039 gain 1.01 | defer 0 m -> -0.0039 | Blocked; holding
2026-08-09 22:10:38,944 INFO beamng_lidar_bev.worker: Drive: REVERSING 0.3/7.2 km/h thr 0.11 brk 0.00 | free 3.8 m clear 12.00 m obstacles 4000 | k cmd -0.0039 driven +0.0000 measured -0.0003 gain 1.01 | defer 0 m -> -0.0039 | Reversing 0.0/6 m
2026-08-09 22:10:39,337 INFO beamng_lidar_bev.worker: REAR AEB: ARMED at 3.9 km/h | threat none (brake-now 3.1, standoff 2.8, horizon 8.8) | required 0.0 m/s^2 ttc inf | k +0.0000 brake 0.00 | Clear to 9 m
2026-08-09 22:10:39,991 INFO beamng_lidar_bev.worker: Drive: REVERSING -6.0/7.2 km/h thr 0.23 brk 0.00 | free 5.1 m clear 4.30 m obstacles 4000 | k cmd -0.0348 driven +0.0000 measured +0.0003 gain 1.01 | defer 0 m -> -0.0348 | Reversing 1.4/6 m
2026-08-09 22:10:41,000 INFO beamng_lidar_bev.worker: Drive: REVERSING -7.5/7.2 km/h thr 0.00 brk 0.00 | free 6.9 m clear 3.99 m obstacles 4000 | k cmd -0.0329 driven +0.0000 measured +0.0001 gain 1.01 | defer 0 m -> -0.0329 | Reversing 3.4/6 m
2026-08-09 22:10:42,011 INFO beamng_lidar_bev.worker: Drive: REVERSING -5.6/7.2 km/h thr 0.27 brk 0.00 | free 8.9 m clear 3.65 m obstacles 4000 | k cmd -0.0084 driven +0.0000 measured +0.0003 gain 1.01 | defer 0 m -> -0.0084 | Reversing 5.2/6 m
2026-08-09 22:10:42,496 INFO beamng_lidar_bev.worker: Drive: BLOCKED -7.2/0.0 km/h thr 0.00 brk 0.30 | free 9.8 m clear 1.90 m obstacles 4000 | k cmd -0.0053 driven +0.0000 measured +0.0000 gain 1.01 | defer 0 m -> -0.0053 | Reverse finished
2026-08-09 22:10:42,579 INFO beamng_lidar_bev.worker: Drive: DRIVING -6.4/9.7 km/h thr 0.10 brk 0.00 | free 10.0 m clear 3.67 m obstacles 4000 | k cmd -0.0089 driven -0.0089 measured +0.0000 gain 1.01 | defer 0 m -> -0.0089 | Clear for 10 m
2026-08-09 22:10:43,004 INFO beamng_lidar_bev.worker: REAR AEB: STANDBY at 1.7 km/h | threat none (brake-now 2.9, standoff 2.8, horizon 8.8) | required 0.0 m/s^2 ttc inf | k +0.0000 brake 0.00 | Standing by below 2 km/h
2026-08-09 22:10:43,346 INFO beamng_lidar_bev.worker: AEB: ARMED at 8.3 km/h | threat none (brake-now 3.1, standoff 2.4, horizon 8.4) | required 0.0 m/s^2 ttc inf | k -0.0032 brake 0.00 | Clear to 8 m
2026-08-09 22:10:43,572 INFO beamng_lidar_bev.worker: Drive: DRIVING 14.0/19.4 km/h thr 0.62 brk 0.00 | free 9.8 m clear 4.19 m obstacles 4000 | k cmd -0.0053 driven -0.0053 measured -0.0039 gain 1.01 | defer 0 m -> -0.0053 | Clear for 10 m
2026-08-09 22:10:44,596 INFO beamng_lidar_bev.worker: Drive: DRIVING 13.0/10.3 km/h thr 0.00 brk 0.00 | free 4.5 m clear 3.80 m obstacles 4000 | k cmd -0.0203 driven -0.0203 measured -0.0393 gain 1.03 | defer 0 m -> -0.0203 | Clear for 4 m
2026-08-09 22:10:44,845 INFO beamng_lidar_bev.worker: Drive: BLOCKED 8.0/0.0 km/h thr 0.00 brk 1.00 | free 3.8 m clear 12.00 m obstacles 4000 | k cmd +0.0015 driven +0.0000 measured -0.0461 gain 1.03 | defer 0 m -> +0.0015 | Path blocked ahead
2026-08-09 22:10:44,921 INFO beamng_lidar_bev.worker: AEB: STANDBY at 6.5 km/h | threat none (brake-now 2.9, standoff 2.4, horizon 8.4) | required 0.0 m/s^2 ttc inf | k +0.0000 brake 0.00 | Standing by below 7 km/h
2026-08-09 22:10:45,883 INFO beamng_lidar_bev.worker: Drive: BLOCKED -0.3/0.0 km/h thr 0.00 brk 0.37 | free 3.9 m clear 3.78 m obstacles 4000 | k cmd +0.0017 driven +0.0000 measured -0.0010 gain 1.03 | defer 0 m -> +0.0017 | Blocked; holding
2026-08-09 22:10:46,069 INFO beamng_lidar_bev.main_window: 3D scene build is over budget at 66.4 ms (tick is 40 ms), so WORLD is dropping frames. Control and AEB are unaffected -- they run on the BeamNG thread.
2026-08-09 22:10:46,281 INFO beamng_lidar_bev.worker: Self-driving disengaged: Self-driving disengaged
2026-08-09 22:10:46,283 INFO beamng_lidar_bev.main_window: Self-driving disengaged
2026-08-09 22:10:48,047 INFO beamng_lidar_bev.worker: AEB: ARMED at 8.1 km/h | threat none (brake-now 3.1, standoff 2.4, horizon 8.4) | required 0.0 m/s^2 ttc inf | k -0.0005 brake 0.00 | Clear to 8 m
2026-08-09 22:10:51,001 INFO beamng_lidar_bev.worker: AEB: BRAKING at 8.9 km/h | threat 3.2 m (brake-now 3.2, standoff 2.4, horizon 8.4) | required 4.3 m/s^2 ttc 0.29s | k +0.0010 brake 1.00 | Impact in 0.3 s; full brake
2026-08-09 22:10:51,009 INFO beamng_lidar_bev.worker: AEB evidence: AEB at 3.2 m | 22029 returns spanning 0.49 m of height over 1.95 m of range (min -0.58, median -0.10, max -0.08 above the ego plane, floor 0.30) | measured ground rise -0.10 m, clamped to 0.00 | corridor 1.16 m half-width
2026-08-09 22:10:55,479 INFO beamng_lidar_bev.worker: AEB: ARMED at -0.1 km/h | threat 1.7 m (brake-now 2.4, standoff 2.4, horizon 8.4) | required inf m/s^2 ttc 0.00s | k -0.0000 brake 0.00 | Watching an obstacle at 1.7 m (0 m before it acts)
2026-08-09 22:10:55,596 INFO beamng_lidar_bev.worker: AEB: STANDBY at 0.1 km/h | threat none (brake-now 2.4, standoff 2.4, horizon 8.4) | required 0.0 m/s^2 ttc inf | k +0.0000 brake 0.00 | Standing by below 7 km/h
2026-08-09 22:10:57,061 INFO beamng_lidar_bev.worker: AEB: ARMED at 8.2 km/h | threat none (brake-now 3.1, standoff 2.4, horizon 8.4) | required 0.0 m/s^2 ttc inf | k +0.0001 brake 0.00 | Clear to 8 m
2026-08-09 22:10:58,489 INFO beamng_lidar_bev.worker: AEB: STANDBY at 7.1 km/h | threat none (brake-now 3.0, standoff 2.4, horizon 8.4) | required 0.0 m/s^2 ttc inf | k +0.0000 brake 0.00 | Standing by below 7 km/h
2026-08-09 22:11:00,107 INFO beamng_lidar_bev.worker: Drive check: engaged, cap 40.0 km/h, gearbox reports 'D' (automatic family), forward gear 2, reverse gear -1, steering sign -1 (BeamNG steering is positive-right), 4 plan families, lookahead 16-30 m, yaw-gain adaptation on
2026-08-09 22:11:00,112 INFO beamng_lidar_bev.main_window: Self-driving engaged
2026-08-09 22:11:00,193 INFO beamng_lidar_bev.worker: Drive: DRIVING -0.1/32.2 km/h thr 0.05 brk 0.00 | free 20.0 m clear 3.46 m obstacles 4000 | k cmd -0.0104 driven -0.0104 measured n/a gain 1.00 | defer 0 m -> -0.0104 | Clear for 20 m
2026-08-09 22:11:00,873 INFO beamng_lidar_bev.worker: AEB: ARMED at 8.1 km/h | threat none (brake-now 3.1, standoff 2.4, horizon 8.4) | required 0.0 m/s^2 ttc inf | k -0.0050 brake 0.00 | Clear to 8 m
2026-08-09 22:11:01,080 INFO beamng_lidar_bev.main_window: 3D scene build is over budget at 86.8 ms (tick is 40 ms), so WORLD is dropping frames. Control and AEB are unaffected -- they run on the BeamNG thread.
2026-08-09 22:11:01,233 INFO beamng_lidar_bev.worker: Drive: DRIVING 17.4/39.4 km/h thr 0.74 brk 0.00 | free 29.1 m clear 2.55 m obstacles 4000 | k cmd -0.0097 driven -0.0097 measured -0.0078 gain 1.00 | defer 0 m -> -0.0097 | Clear for 29 m
2026-08-09 22:11:02,328 INFO beamng_lidar_bev.worker: Drive: DRIVING 40.3/39.6 km/h thr 0.00 brk 0.00 | free 32.5 m clear 2.03 m obstacles 4000 | k cmd -0.0010 driven -0.0010 measured -0.0021 gain 1.00 | defer 18 m -> -0.0196 | Clear for 33 m
2026-08-09 22:11:03,425 INFO beamng_lidar_bev.worker: Drive: DRIVING 39.0/39.7 km/h thr 0.18 brk 0.00 | free 35.0 m clear 1.91 m obstacles 4000 | k cmd +0.0125 driven +0.0100 measured +0.0018 gain 1.00 | defer 0 m -> +0.0125 | Clear for 35 m
2026-08-09 22:11:04,535 INFO beamng_lidar_bev.worker: Drive: DRIVING 37.0/39.9 km/h thr 0.44 brk 0.00 | free 35.0 m clear 2.05 m obstacles 4000 | k cmd +0.0002 driven +0.0002 measured +0.0109 gain 1.00 | defer 0 m -> +0.0002 | Clear for 35 m
2026-08-09 22:11:05,626 INFO beamng_lidar_bev.worker: Drive: DRIVING 38.9/39.8 km/h thr 0.31 brk 0.00 | free 35.0 m clear 1.99 m obstacles 4000 | k cmd +0.0011 driven +0.0011 measured -0.0016 gain 1.00 | defer 12 m -> -0.0182 | Clear for 35 m
2026-08-09 22:11:06,636 INFO beamng_lidar_bev.worker: Drive: DRIVING 39.6/40.0 km/h thr 0.27 brk 0.00 | free 32.3 m clear 2.17 m obstacles 4000 | k cmd -0.0023 driven -0.0023 measured -0.0018 gain 1.00 | defer 6 m -> +0.0128 | Clear for 32 m
2026-08-09 22:11:07,725 INFO beamng_lidar_bev.worker: Drive: DRIVING 39.4/40.0 km/h thr 0.29 brk 0.00 | free 32.1 m clear 2.12 m obstacles 4000 | k cmd -0.0052 driven -0.0052 measured -0.0061 gain 1.00 | defer 18 m -> -0.0387 | Clear for 32 m
2026-08-09 22:11:08,817 INFO beamng_lidar_bev.worker: Drive: DRIVING 39.4/38.4 km/h thr 0.00 brk 0.00 | free 24.4 m clear 2.38 m obstacles 4000 | k cmd -0.0030 driven -0.0030 measured -0.0033 gain 1.00 | defer 6 m -> -0.0011 | Clear for 24 m
2026-08-09 22:11:09,907 INFO beamng_lidar_bev.worker: Drive: DRIVING 31.2/37.6 km/h thr 0.44 brk 0.00 | free 35.0 m clear 1.87 m obstacles 4000 | k cmd +0.0176 driven +0.0176 measured +0.0006 gain 1.00 | defer 0 m -> +0.0176 | Clear for 35 m
2026-08-09 22:11:10,914 INFO beamng_lidar_bev.worker: Drive: DRIVING 38.8/39.8 km/h thr 0.20 brk 0.00 | free 31.4 m clear 1.93 m obstacles 4000 | k cmd -0.0092 driven +0.0056 measured +0.0193 gain 1.00 | defer 0 m -> -0.0092 | Clear for 31 m
2026-08-09 22:11:11,930 INFO beamng_lidar_bev.worker: Drive: DRIVING 37.6/40.0 km/h thr 0.31 brk 0.00 | free 30.5 m clear 1.88 m obstacles 4000 | k cmd -0.0088 driven -0.0088 measured +0.0008 gain 1.00 | defer 6 m -> -0.0189 | Clear for 31 m
2026-08-09 22:11:13,010 INFO beamng_lidar_bev.worker: Drive: DRIVING 37.0/40.0 km/h thr 0.32 brk 0.00 | free 32.8 m clear 2.13 m obstacles 4000 | k cmd -0.0059 driven -0.0059 measured -0.0119 gain 1.00 | defer 0 m -> -0.0059 | Clear for 33 m
2026-08-09 22:11:14,100 INFO beamng_lidar_bev.worker: Drive: DRIVING 36.8/40.0 km/h thr 0.33 brk 0.00 | free 35.0 m clear 2.26 m obstacles 4000 | k cmd -0.0002 driven -0.0002 measured -0.0047 gain 1.00 | defer 0 m -> -0.0002 | Clear for 35 m
2026-08-09 22:11:15,091 INFO beamng_lidar_bev.worker: Drive: BLOCKED 40.3/0.0 km/h thr 0.00 brk 1.00 | free 0.1 m clear 12.00 m obstacles 4000 | k cmd -0.0002 driven +0.0000 measured -0.0001 gain 1.00 | defer 0 m -> -0.0002 | Path blocked ahead
2026-08-09 22:11:16,168 INFO beamng_lidar_bev.main_window: 3D scene build is over budget at 78.3 ms (tick is 40 ms), so WORLD is dropping frames. Control and AEB are unaffected -- they run on the BeamNG thread.
2026-08-09 22:11:16,179 INFO beamng_lidar_bev.worker: Drive: BLOCKED 5.2/0.0 km/h thr 0.00 brk 0.82 | free 0.0 m clear 12.00 m obstacles 4000 | k cmd -0.0096 driven +0.0000 measured +0.0263 gain 1.00 | defer 0 m -> -0.0096 | Blocked; holding
2026-08-09 22:11:16,179 INFO beamng_lidar_bev.worker: AEB: STANDBY at 5.2 km/h | threat none (brake-now 2.8, standoff 2.4, horizon 8.4) | required 0.0 m/s^2 ttc inf | k +0.0000 brake 0.00 | Standing by below 7 km/h
2026-08-09 22:11:16,311 INFO beamng_lidar_bev.worker: Brake measure: MANUAL stop on 'vivace' | 39.0 -> 1.0 km/h in 1.19 s over 6.0 m | achieved 8.88 m/s^2 mean, 10.80 peak | model says 5.9 m at 10.0 m/s^2 (1.03x) | pitch -4.9 deg
2026-08-09 22:11:16,603 INFO beamng_lidar_bev.worker: Drive: DRIVING 0.5/39.6 km/h thr 0.12 brk 0.00 | free 26.8 m clear 2.61 m obstacles 4000 | k cmd -0.0025 driven -0.0025 measured +0.0093 gain 1.00 | defer 0 m -> -0.0025 | Clear for 27 m
2026-08-09 22:11:16,814 INFO beamng_lidar_bev.worker: Drive: BLOCKED -0.2/0.0 km/h thr 0.00 brk 0.21 | free 0.0 m clear 12.00 m obstacles 4000 | k cmd -0.0098 driven +0.0000 measured +0.0051 gain 1.00 | defer 0 m -> -0.0098 | Path blocked ahead
2026-08-09 22:11:17,185 INFO beamng_lidar_bev.worker: Drive: DRIVING 0.1/39.2 km/h thr 0.19 brk 0.00 | free 27.1 m clear 2.40 m obstacles 4000 | k cmd -0.0027 driven -0.0027 measured +0.0018 gain 1.00 | defer 0 m -> -0.0027 | Clear for 27 m
2026-08-09 22:11:17,392 INFO beamng_lidar_bev.worker: Drive: BLOCKED 0.3/0.0 km/h thr 0.00 brk 0.19 | free 0.0 m clear 12.00 m obstacles 4000 | k cmd -0.0097 driven +0.0000 measured +0.0011 gain 1.00 | defer 0 m -> -0.0097 | Path blocked ahead
2026-08-09 22:11:17,902 INFO beamng_lidar_bev.worker: Self-driving disengaged: Self-driving disengaged
2026-08-09 22:11:17,903 INFO beamng_lidar_bev.main_window: Self-driving disengaged
2026-08-09 22:11:19,697 INFO beamng_lidar_bev.worker: AEB: ARMED at 7.3 km/h | threat none (brake-now 3.0, standoff 2.4, horizon 8.4) | required 0.0 m/s^2 ttc inf | k +0.0637 brake 0.00 | Clear to 8 m
2026-08-09 22:11:27,709 INFO beamng_lidar_bev.worker: AEB: BRAKING at 108.2 km/h | threat 54.5 m (brake-now 57.1, standoff 2.4, horizon 111.7) | required 8.7 m/s^2 ttc 1.73s | k -0.0029 brake 1.00 | Impact in 1.7 s; full brake
2026-08-09 22:11:27,716 INFO beamng_lidar_bev.worker: AEB evidence: AEB at 54.5 m | 34 returns spanning 2.40 m of height over 1.60 m of range (min 1.37, median 2.86, max 3.77 above the ego plane, floor 0.30) | measured ground rise 2.78 m, clamped to 0.67 | corridor 1.16 m half-width
2026-08-09 22:11:28,063 INFO beamng_lidar_bev.worker: AEB: ARMED at 105.2 km/h | threat none (brake-now 54.2, standoff 2.4, horizon 111.7) | required 0.0 m/s^2 ttc inf | k -0.0052 brake 0.00 | Clear to 112 m
2026-08-09 22:11:31,240 INFO beamng_lidar_bev.main_window: 3D scene build is over budget at 114.3 ms (tick is 40 ms), so WORLD is dropping frames. Control and AEB are unaffected -- they run on the BeamNG thread.
2026-08-09 22:11:33,865 INFO beamng_lidar_bev.worker: AEB: BRAKING at 130.5 km/h | threat 75.8 m (brake-now 80.7, standoff 2.4, horizon 150.0) | required 9.0 m/s^2 ttc 2.02s | k -0.0030 brake 1.00 | Impact in 2.0 s; full brake
2026-08-09 22:11:33,870 INFO beamng_lidar_bev.worker: AEB evidence: AEB at 75.8 m | 26 returns spanning 2.86 m of height over 0.97 m of range (min -0.10, median 1.43, max 2.76 above the ego plane, floor 0.30) | measured ground rise 1.05 m, clamped to 0.98 | corridor 1.16 m half-width
2026-08-09 22:11:34,355 INFO beamng_lidar_bev.worker: AEB: ARMED at 120.5 km/h | threat none (brake-now 69.5, standoff 2.4, horizon 150.0) | required 0.0 m/s^2 ttc inf | k -0.0017 brake 0.00 | Clear to 150 m
2026-08-09 22:11:36,939 INFO beamng_lidar_bev.worker: AEB: BRAKING at 131.7 km/h | threat 70.3 m (brake-now 82.1, standoff 2.4, horizon 150.0) | required 9.9 m/s^2 ttc 1.85s | k +0.0003 brake 1.00 | Impact in 1.9 s; full brake
2026-08-09 22:11:36,947 INFO beamng_lidar_bev.worker: AEB evidence: AEB at 70.3 m | 11 returns spanning 0.92 m of height over 1.41 m of range (min 0.41, median 0.60, max 1.33 above the ego plane, floor 0.30) | measured ground rise 0.56 m, clamped to 0.56 | corridor 1.16 m half-width
2026-08-09 22:11:38,139 INFO beamng_lidar_bev.worker: Brake measure: AEB stop on 'vivace' | 131.7 -> 106.7 km/h in 1.20 s over 40.1 m | achieved 5.79 m/s^2 mean, 7.82 peak | model says 66.9 m at 10.0 m/s^2 (0.60x) | pitch +0.7 deg
2026-08-09 22:11:38,139 INFO beamng_lidar_bev.worker: AEB: ARMED at 106.7 km/h | threat none (brake-now 55.7, standoff 2.4, horizon 150.0) | required 0.0 m/s^2 ttc inf | k +0.0038 brake 0.00 | Clear to 150 m
2026-08-09 22:11:41,818 INFO beamng_lidar_bev.worker: AEB: BRAKING at 139.9 km/h | threat 87.5 m (brake-now 91.9, standoff 2.4, horizon 150.0) | required 8.9 m/s^2 ttc 2.19s | k +0.0039 brake 1.00 | Impact in 2.2 s; full brake
2026-08-09 22:11:41,827 INFO beamng_lidar_bev.worker: AEB evidence: AEB at 87.5 m | 77 returns spanning 9.81 m of height over 1.69 m of range (min -0.69, median 6.48, max 9.12 above the ego plane, floor 0.30) | measured ground rise -0.41 m, clamped to 0.00 | corridor 1.16 m half-width
2026-08-09 22:11:42,243 INFO beamng_lidar_bev.worker: AEB: ARMED at 132.4 km/h | threat none (brake-now 82.9, standoff 2.4, horizon 150.0) | required 0.0 m/s^2 ttc inf | k +0.0026 brake 0.00 | Clear to 150 m
2026-08-09 22:11:42,939 INFO beamng_lidar_bev.worker: AEB: BRAKING at 131.6 km/h | threat 65.0 m (brake-now 82.0, standoff 2.4, horizon 150.0) | required 10.7 m/s^2 ttc 1.71s | k +0.0044 brake 1.00 | Impact in 1.7 s; full brake
2026-08-09 22:11:42,945 INFO beamng_lidar_bev.worker: AEB evidence: AEB at 65.0 m | 171 returns spanning 11.76 m of height over 1.76 m of range (min -0.79, median 7.35, max 10.97 above the ego plane, floor 0.30) | measured ground rise 0.56 m, clamped to 0.56 | corridor 1.16 m half-width
2026-08-09 22:11:43,527 INFO beamng_lidar_bev.worker: Brake measure: AEB stop on 'vivace' | 131.6 -> 119.8 km/h in 0.59 s over 20.7 m | achieved 5.58 m/s^2 mean, 8.19 peak | model says 66.8 m at 10.0 m/s^2 (0.31x) | pitch +0.6 deg
2026-08-09 22:11:43,527 INFO beamng_lidar_bev.worker: AEB: ARMED at 119.8 km/h | threat none (brake-now 68.9, standoff 2.4, horizon 150.0) | required 0.0 m/s^2 ttc inf | k +0.0026 brake 0.00 | Clear to 150 m
2026-08-09 22:11:46,295 INFO beamng_lidar_bev.worker: AEB: BRAKING at 130.0 km/h | threat 59.5 m (brake-now 80.1, standoff 2.4, horizon 150.0) | required 11.4 m/s^2 ttc 1.58s | k +0.0063 brake 1.00 | Impact in 1.6 s; full brake
2026-08-09 22:11:46,313 INFO beamng_lidar_bev.worker: AEB evidence: AEB at 59.5 m | 66 returns spanning 9.98 m of height over 1.94 m of range (min 0.58, median 9.01, max 10.56 above the ego plane, floor 0.30) | measured ground rise 3.01 m, clamped to 0.74 | corridor 1.16 m half-width
2026-08-09 22:11:46,316 INFO beamng_lidar_bev.main_window: 3D scene build is over budget at 84.3 ms (tick is 40 ms), so WORLD is dropping frames. Control and AEB are unaffected -- they run on the BeamNG thread.
2026-08-09 22:11:46,612 INFO beamng_lidar_bev.worker: AEB: ARMED at 125.8 km/h | threat none (brake-now 75.4, standoff 2.4, horizon 150.0) | required 0.0 m/s^2 ttc inf | k +0.0039 brake 0.00 | Clear to 150 m
2026-08-09 22:11:47,302 INFO beamng_lidar_bev.worker: AEB: BRAKING at 126.1 km/h | threat 73.1 m (brake-now 75.7, standoff 2.4, horizon 149.0) | required 8.7 m/s^2 ttc 2.02s | k +0.0059 brake 1.00 | Impact in 2.0 s; full brake
2026-08-09 22:11:47,320 INFO beamng_lidar_bev.worker: AEB evidence: AEB at 73.1 m | 61 returns spanning 10.33 m of height over 1.39 m of range (min 0.94, median 6.23, max 11.27 above the ego plane, floor 0.30) | measured ground rise 1.15 m, clamped to 0.94 | corridor 1.16 m half-width
2026-08-09 22:11:47,709 INFO beamng_lidar_bev.worker: AEB: ARMED at 119.4 km/h | threat none (brake-now 68.4, standoff 2.4, horizon 149.0) | required 0.0 m/s^2 ttc inf | k +0.0042 brake 0.00 | Clear to 149 m
2026-08-09 22:11:48,216 INFO beamng_lidar_bev.worker: AEB: BRAKING at 119.6 km/h | threat 66.9 m (brake-now 68.6, standoff 2.4, horizon 134.8) | required 8.6 m/s^2 ttc 1.94s | k +0.0046 brake 1.00 | Impact in 1.9 s; full brake
2026-08-09 22:11:48,234 INFO beamng_lidar_bev.worker: AEB evidence: AEB at 66.9 m | 96 returns spanning 10.39 m of height over 1.98 m of range (min 1.15, median 9.76, max 11.54 above the ego plane, floor 0.30) | measured ground rise 2.05 m, clamped to 0.85 | corridor 1.16 m half-width
2026-08-09 22:11:48,814 INFO beamng_lidar_bev.worker: Brake measure: AEB stop on 'vivace' | 119.6 -> 107.4 km/h in 0.60 s over 19.1 m | achieved 5.65 m/s^2 mean, 9.22 peak | model says 55.2 m at 10.0 m/s^2 (0.35x) | pitch +2.0 deg
2026-08-09 22:11:48,814 INFO beamng_lidar_bev.worker: AEB: ARMED at 107.4 km/h | threat none (brake-now 56.4, standoff 2.4, horizon 134.8) | required 0.0 m/s^2 ttc inf | k +0.0025 brake 0.00 | Clear to 135 m
2026-08-09 22:11:53,806 INFO beamng_lidar_bev.worker: AEB: BRAKING at 108.0 km/h | threat 55.8 m (brake-now 56.9, standoff 2.4, horizon 111.4) | required 8.4 m/s^2 ttc 1.78s | k +0.0001 brake 1.00 | Impact in 1.8 s; full brake
2026-08-09 22:11:53,814 INFO beamng_lidar_bev.worker: AEB evidence: AEB at 55.8 m | 137 returns spanning 8.56 m of height over 1.10 m of range (min 0.39, median 8.10, max 8.95 above the ego plane, floor 0.30) | measured ground rise 1.80 m, clamped to 0.69 | corridor 1.16 m half-width
2026-08-09 22:11:54,804 INFO beamng_lidar_bev.worker: Brake measure: AEB stop on 'vivace' | 108.0 -> 74.1 km/h in 1.00 s over 25.5 m | achieved 9.45 m/s^2 mean, 11.52 peak | model says 45.0 m at 10.0 m/s^2 (0.57x) | pitch +0.2 deg
2026-08-09 22:11:54,805 INFO beamng_lidar_bev.worker: AEB: ARMED at 74.1 km/h | threat none (brake-now 29.1, standoff 2.4, horizon 111.4) | required 0.0 m/s^2 ttc inf | k +0.0002 brake 0.00 | Clear to 111 m
